n,gamma_n,radius,rings_minus_law
1,14.1347251417,2.2496113756,0.550722
2,21.0220396388,3.3457615224,0.430104
3,25.0108575801,3.9806016148,0.606667
4,30.4248761259,4.8422694284,0.329154
5,32.9350615877,5.2417778527,0.682930
6,37.5861781588,5.9820260459,0.406621
7,40.9187190121,6.5124163958,0.435033
8,43.3270732809,6.8957178824,0.705772
9,48.0051508812,7.6402570566,0.229320
10,49.7738324777,7.9217514754,0.651797
11,52.9703214777,8.4304885003,0.582912
12,56.4462476971,8.9836993400,0.385780
13,59.3470440026,9.4453754109,0.360546
14,60.8317785246,9.6816782493,0.826991
15,65.1125440481,10.3629832425,0.256840
16,67.0798105295,10.6760834274,0.520053
17,69.5464017112,11.0686536066,0.583314
18,72.0671576745,11.4698443785,0.611620
19,75.7046906991,12.0487757400,0.184818
20,77.1448400689,12.2779826310,0.612164
21,79.3373750202,12.6269354064,0.732145
22,82.9103808541,13.1955969466,0.277498
23,84.7354929805,13.4860725632,0.524931
24,87.4252746131,13.9141646058,0.404458
25,88.8091112076,14.1344090403,0.822841
26,92.4918992706,14.7205429649,0.258411
27,94.6513440405,15.0642292743,0.330174
28,95.8706342282,15.2582853348,0.802586
29,98.8311942182,15.7294730915,0.511340
30,101.3178510057,16.1252368110,0.415861
31,103.7255380405,16.5084321040,0.345913
32,105.4466230523,16.7823512911,0.575619
33,107.1686111843,17.0564142143,0.800446
34,111.0295355432,17.6708994109,0.046504
35,111.8746591770,17.8054050147,0.659705
36,114.3202209155,18.1946282541,0.534712
37,116.2266803209,18.4980506922,0.651929
38,118.7907828660,18.9061402869,0.456791
39,121.3701250024,19.3166553378,0.245663
40,122.9468292936,19.5675956195,0.501014
41,124.2568185543,19.7760868858,0.879880
42,127.5166838796,20.2949105661,0.324718
43,129.5787042000,20.6230912929,0.334133
44,131.0876885309,20.8632536082,0.605910
45,133.4977372030,21.2468247674,0.437120
46,134.7565097534,21.4471646411,0.823899
47,138.1160420545,21.9818508133,0.178158
48,139.7362089521,22.2397083837,0.379816
49,141.1237074040,22.4605356208,0.693744
50,143.1118458076,22.7769576753,0.706896
51,146.0009824868,23.2367780590,0.265002
52,147.4227653426,23.4630618285,0.552075
53,150.0535204208,23.8817595033,0.227191
54,150.9252576122,24.0205007864,0.786547
55,153.0246938112,24.3546364352,0.722047
56,156.1129092942,24.8461411946,0.147882
57,157.5975918176,25.0824357571,0.387618
58,158.8499881714,25.2817608276,0.744569
59,161.1889641376,25.6540204144,0.539413
60,163.0307096872,25.9471433225,0.586648
61,165.5370691879,26.3460428262,0.284756
62,167.1844399782,26.6082300306,0.425758
63,169.0945154156,26.9122279781,0.426544
64,169.9119764794,27.0423309472,0.997856
65,173.4115365196,27.5993032263,0.155596
66,174.7541915234,27.8129934070,0.445792
67,176.4414342977,28.0815264347,0.551492
68,178.3774077761,28.3896461835,0.522194
69,179.9164840203,28.6345977755,0.701527
70,182.2070784844,28.9991572071,0.476259
71,184.8744678484,29.4236854096,0.043667
72,185.5987836777,29.5389638542,0.653593
73,187.2289225835,29.7984085189,0.774052
74,189.4161586560,30.1465179516,0.590385
75,192.0266563607,30.5619915652,0.172403
76,193.0797266038,30.7295928998,0.598788
77,195.2653966795,31.0774530963,0.405327
78,196.8764818410,31.3338652635,0.523116
79,198.0153096763,31.5151153428,0.898241
80,201.2647519437,32.0322801420,0.109560
81,202.4935945141,32.2278565114,0.430951
82,204.1896718031,32.4977955958,0.492371
83,205.3946972022,32.6895813446,0.824167
84,207.9062588878,33.0893088017,0.427861
85,209.5765097169,33.3551374774,0.496605
86,211.6908625954,33.6916471894,0.314703
87,213.3479193597,33.9553759645,0.386073
88,214.5470447835,34.1462227031,0.712794
89,216.1695385083,34.4044505995,0.800107
90,219.0675963490,34.8656908302,0.165076
91,220.7149188393,35.1278703474,0.232961
92,221.4307055547,35.2417913414,0.827332
93,224.0070002546,35.6518213777,0.364334
94,224.9833246696,35.8072082344,0.808674
95,227.4214442797,36.1952470222,0.418118
96,229.3374133055,36.5001829635,0.322444
97,231.2501887005,36.8046106226,0.226055
98,231.9872352532,36.9219152248,0.802912
99,233.6934041789,37.1934604430,0.821963
100,236.5242296658,37.6440003123,0.190033
101,237.7698204809,37.8422422476,0.470255
102,239.5554775733,38.1264384005,0.436585
103,241.0491577962,38.3641649914,0.570305
104,242.8232719342,38.6465240261,0.539470
105,244.0708984971,38.8450899607,0.813310
106,247.1369900749,39.3330735913,0.024442
107,248.1019900601,39.4866581090,0.460170
108,249.5736896447,39.7208863726,0.598462
109,251.0149477950,39.9502697315,0.753240
110,253.0699867480,40.2773393391,0.545791
111,255.3062564549,40.6332527171,0.228843
112,256.3807136944,40.8042578979,0.594980
113,258.6104394915,41.1591297802,0.277297
114,259.8744069897,41.3602964555,0.528980
115,260.8050845046,41.5084183824,0.977358
116,263.5738939049,41.9490880849,0.333137
117,265.5578518389,42.2648447970,0.152140
118,266.6149737815,42.4330909796,0.521900
119,267.9219150828,42.6410971481,0.741798
120,269.9704490240,42.9671314509,0.517008
121,271.4940556416,43.2096209754,0.604458
122,273.4596091884,43.5224485383,0.425200
123,275.5874926493,43.8611117094,0.146016
124,276.4520495031,43.9987102063,0.625537
125,278.2507435298,44.2849812518,0.541312
126,279.2292509277,44.4407155410,0.950705
127,282.4651147651,44.9557192659,-0.006272
128,283.2111857332,45.0744601484,0.541682
129,284.8359639809,45.3330516379,0.556143
130,286.6674453630,45.6245409530,0.443457
131,287.9119205014,45.8226053229,0.686334
132,289.5798549292,46.0880653318,0.670241
133,291.8462913291,46.4487798881,0.287096
134,293.5584341394,46.7212758796,0.240364
135,294.9653696193,46.9451966158,0.379032
136,295.5732548790,47.0419445597,1.006551
137,297.9792770619,47.4248748834,0.530317
138,299.8403260537,47.7210700297,0.386333
139,301.6493254622,48.0089812276,0.272582
140,302.6967495896,48.1756839550,0.626922
141,304.8643713409,48.5206716715,0.288913
142,305.7289126020,48.6582676867,0.754572
143,307.2194961282,48.8955014230,0.832384
144,310.1094631467,49.3554539594,0.041156
145,311.1651415304,49.5234703924,0.385766
146,312.4278011806,49.7244289172,0.601129
147,313.9852857312,49.9723102822,0.632165
148,315.4756160895,50.2095037256,0.703828
149,317.7348059424,50.5690649581,0.294428
150,318.8531042563,50.7470476626,0.595829
151,321.1601343091,51.1142228994,0.152660
152,322.1445586725,51.2708989029,0.536047
153,323.4669695575,51.4813671320,0.706977
154,324.8628660517,51.7035309591,0.830901
155,327.4439012619,52.1143154711,0.208513
156,329.0330716805,52.3672397987,0.207979
157,329.9532397282,52.5136890919,0.628087
158,331.4744675827,52.7558000245,0.668510
159,333.6453785249,53.1013112320,0.297197
160,334.2113548332,53.1913891592,0.939313
161,336.8418504284,53.6100455359,0.273972
162,338.3399928508,53.8484823079,0.324050
163,339.8582167254,54.0901151422,0.360318
164,341.0422611110,54.2785616591,0.607966
165,342.0548775104,54.4397245645,0.964022
166,344.6617029403,54.8546137174,0.304094
167,346.3478705660,55.1229756299,0.228733
168,347.2726775844,55.2701632383,0.638378
169,349.3162608707,55.5954096199,0.332459
170,350.4084193492,55.7692320404,0.633751
171,351.8786490254,56.0032263609,0.692318
172,353.4889004887,56.2595058409,0.660103
173,356.0175749773,56.6619568852,0.036799
174,357.1513022520,56.8423951851,0.308064
175,357.9526851016,56.9699392269,0.792607
176,359.7437549531,57.2549968472,0.639543
177,361.2893616958,57.5009878004,0.643363
178,363.3313305790,57.8259772418,0.325654
179,364.7360241141,58.0495411614,0.418125
180,366.2127102883,58.2845630655,0.463156
181,367.9935754817,58.5679965640,0.310216
182,368.9684380957,58.7231507678,0.678503
183,370.0509192121,58.8954329883,0.976574
184,373.0619283721,59.3746499798,0.021454
185,373.8648739109,59.5024427313,0.499428
186,375.8259127667,59.8145517589,0.223328
187,376.3240922307,59.8938394831,0.898890
188,378.4366802500,60.2300683091,0.521907
189,379.8729753465,60.4586617734,0.584658
190,381.4844686172,60.7151388932,0.532056
191,383.4435294495,61.0269331085,0.250970
192,384.9561168149,61.2676688645,0.260755
193,385.8613008460,61.4117333775,0.667724
194,387.2228902224,61.6284370572,0.775043
195,388.8461283542,61.8867834297,0.709825
196,391.4560835636,62.3021707025,-0.005166
197,392.2450833395,62.4277439170,0.475839
198,393.4277438444,62.6159701823,0.697427
199,395.5828700110,62.9589691647,0.277495
200,396.3818542226,63.0861314515,0.750599
201,397.9187362096,63.3307338166,0.736371
202,399.9851198762,63.6596089915,0.371222
203,401.8392286005,63.9546995600,0.144866
204,402.8619177639,64.1174655956,0.467849
205,404.2364418002,64.3362278904,0.557269
206,405.1343874599,64.4791403808,0.962005
207,407.5814603869,64.8686041332,0.338192
208,408.9472455024,65.0859755855,0.430875
209,410.5138691934,65.3353114899,0.389244
210,411.9722678043,65.5674228378,0.418715
211,413.2627360702,65.7728072413,0.559255
212,415.0188097552,66.0522950486,0.388668
213,415.4552149963,66.1217511000,1.097580
214,418.3877057895,66.5884715053,0.139679
215,419.8613648182,66.8230116241,0.154542
216,420.6438276250,66.9475444476,0.631133
217,422.0767100588,67.1755947698,0.672043
218,423.7165796275,67.4365881177,0.573456
219,425.0698824945,67.6519729585,0.666087
220,427.2088250841,67.9923962446,0.230560
221,428.1279140766,68.1386738009,0.613200
222,430.3287454309,68.4889469899,0.133607
223,431.3013069307,68.6437349600,0.479194
224,432.1386417346,68.7770009331,0.915492
225,433.8892184809,69.0556138755,0.736154
226,436.1610064326,69.4171801577,0.204007
227,437.5816981677,69.6432902699,0.244902
228,438.6217386563,69.8088178547,0.542308
229,439.9184422144,70.0151946357,0.665777
230,441.6831992012,70.2960644335,0.471879
231,442.9045463026,70.4904478619,0.644954
232,444.3193362776,70.7156186799,0.686385
233,446.8606226964,71.1200769753,-0.037222
234,447.4417041945,71.2125589680,0.568340
235,449.1485456850,71.4842112283,0.409044
236,450.1269457803,71.6399284398,0.744043
237,451.4033084454,71.8430678671,0.876015
238,453.9867378067,72.2542334201,0.117320
239,454.9746837686,72.4114699034,0.444147
240,456.3284266892,72.6269247809,0.521170
241,457.9038930641,72.8776680422,0.446219
242,459.5134152811,73.1338314590,0.347140
243,460.0879444222,73.2252706118,0.954599
244,462.0653672749,73.5399872334,0.602675
245,464.0572869105,73.8570110896,0.239478
246,465.6715392114,74.1139273227,0.133745
247,466.5702869308,74.2569674648,0.517733
248,467.4390462103,74.3952347985,0.922013
249,469.5360045591,74.7289760852,0.483044
250,470.7736554781,74.9259543468,0.633046
251,472.7991746619,75.2483257372,0.240837
252,473.8352323451,75.4132194388,0.528185
253,475.6003393694,75.6941449468,0.313227
254,476.7690152375,75.8801454881,0.508230
255,478.0752637667,76.0880413984,0.607931
256,478.9421815346,76.2260156465,1.010117
257,481.8303393763,76.6856802434,0.016684
258,482.8347827910,76.8455423779,0.322761
259,483.8514272125,77.0073463629,0.620071
260,485.5391481294,77.2759554894,0.452792
261,486.5287182617,77.4334504675,0.767940
262,488.3805670900,77.7281813624,0.485472
263,489.6617615780,77.9320897982,0.597547
264,491.3988215937,78.2085514862,0.392835
265,493.3144415818,78.5134318764,0.063152
266,493.9579978054,78.6158570305,0.616177
267,495.3588288221,78.8388062113,0.642783
268,496.4296962158,79.0092400503,0.898245
269,498.5807824297,79.3515960543,0.401558
270,500.3090849417,79.6266639423,0.197965
271,501.6044469651,79.8328272114,0.295250
272,502.2762703271,79.9397512203,0.826858
273,504.4997733134,80.2936327116,0.275625
274,505.4152317422,80.4393324457,0.636499
275,506.4641527095,80.6062734026,0.903872
276,508.8007003365,80.9781465072,0.270650
277,510.2642279437,81.2110741602,0.246789
278,511.5622897004,81.4176671052,0.338127
279,512.6231445314,81.5865073955,0.595123
280,513.6689855555,81.7529581642,0.862293
281,515.4350571673,82.0340371910,0.624022
282,517.5896685725,82.3769542466,0.112025
283,518.2342231476,82.4795382933,0.659432
284,520.1063104117,82.7774902353,0.344166
285,521.5251934495,83.0033124844,0.346592
286,522.4566961777,83.1515657481,0.691346
287,523.9605308920,83.3909084765,0.632948
288,525.0773856873,83.5686614379,0.846462
289,527.9036416013,84.0184740371,-0.145468
290,528.4062138523,84.0984608951,0.500069
291,529.8062263187,84.3212797995,0.512243
292,530.8669178840,84.4900941052,0.763445
293,532.6881830283,84.7799574556,0.476930
294,533.7796307538,84.9536667562,0.705473
295,535.6643140759,85.2536234231,0.372505
296,537.0697590831,85.4773069433,0.377797
297,538.4285261762,85.6935614426,0.415570
298,540.2131663762,85.9775957521,0.150926
299,540.6313902473,86.0441581485,0.854425
300,541.8474371212,86.2376980195,0.992015
301,544.3238901010,86.6318377526,0.234392
302,545.6368332489,86.8407991446,0.301824
303,547.0109120581,87.0594905793,0.325294
304,547.9316133645,87.2060247433,0.670662
305,549.4975675627,87.4552540946,0.556682
306,550.9700100395,87.6896005932,0.508575
307,552.0495722006,87.8614182475,0.739728
308,553.7649721192,88.1344326239,0.517358
309,555.7920205617,88.4570474034,0.071820
310,556.8994764069,88.6333044754,0.281569
311,557.5646591721,88.7391716006,0.806744
312,559.3162370287,89.0179438747,0.555818
313,560.2408074973,89.1650938350,0.895164
314,562.5592076160,89.5340786740,0.237479
315,564.1608791108,89.7889926096,0.091375
316,564.5060559381,89.8439292079,0.844283
317,566.6987876828,90.1929133039,0.273850
318,567.7317579012,90.3573156202,0.533569
319,568.9239551796,90.5470597102,0.678806
320,570.0511147825,90.7264527327,0.870307
321,572.4199841325,91.1034699993,0.169987
322,573.6146105268,91.2936006951,0.311920
323,575.0938860145,91.5290347011,0.248849
324,575.8072471409,91.6425696506,0.735980
325,577.0390034721,91.8386097594,0.850082
326,579.0988346720,92.1664420768,0.367685
327,580.1369593624,92.3316647528,0.620136
328,581.9465762659,92.6196742281,0.316333
329,583.2360882192,92.8249064297,0.386711
330,584.5617059035,93.0358850368,0.430588
331,585.9845632050,93.2623398096,0.403796
332,586.7427718913,93.3830124699,0.856417
333,588.1396632662,93.6053346372,0.847542
334,590.6603975168,94.0065219534,0.025659
335,591.7258580650,94.1760952663,0.255073
336,592.5713583002,94.3106608082,0.643354
337,593.9747146822,94.5340119133,0.627603
338,595.7281536974,94.8130803999,0.357720
339,596.3627683284,94.9140824554,0.897914
340,598.4930773462,95.2531316659,0.353628
341,599.5456403644,95.4206522732,0.590167
342,601.6021367359,95.7479538362,0.097669
343,602.5791678864,95.9034531733,0.388198
344,603.6256189036,96.0700010254,0.628039
345,604.6162184938,96.2276598468,0.908185
346,606.3834604221,96.5089251353,0.623315
347,608.4132173112,96.8319709775,0.146574
348,609.3895751547,96.9873631545,0.435844
349,610.8391629377,97.2180722157,0.380173
350,611.7742096209,97.3668895173,0.698929
351,613.5997786756,97.6574378563,0.368224
352,614.6462378722,97.8239870102,0.605043
353,615.5385633694,97.9660050239,0.954047
354,618.1128313664,98.3757125005,0.074838
355,619.1844825980,98.5462710913,0.292032
356,620.2728936722,98.7194970938,0.496682
357,621.7092945279,98.9481073903,0.446574
358,622.3750027398,99.0540581429,0.959716
359,624.2699000182,99.3556404114,0.573286
360,626.0192834277,99.6340634284,0.292511
361,627.2683968508,99.8328660041,0.377522
362,628.3258623595,100.0011668670,0.602608
363,630.4738874383,100.3430356762,0.027656
364,630.8057809272,100.3958581655,0.784205
365,632.2251411671,100.6217563637,0.742759
366,633.5468582523,100.8321141712,0.772502
367,635.5238003106,101.1467542720,0.320433
368,637.3971931598,101.4449140043,-0.056482
369,637.9255139808,101.5289988745,0.555051
370,638.9279382669,101.6885396547,0.817793
371,640.6947946688,101.9697435848,0.517704
372,641.9454996657,102.1687994674,0.596941
373,643.2788837814,102.3810141404,0.614882
374,644.9905782297,102.6534387730,0.353548
375,646.3481915955,102.8695096509,0.352619
376,647.7617530043,103.0944849365,0.309959
377,648.7864008888,103.2575627122,0.553859
378,650.1975193453,103.4821491899,0.512157
379,650.6686838914,103.5571373564,1.164229
380,653.6495716054,104.0315603709,-0.038237
381,654.3019205863,104.1353849358,0.479478
382,655.7094630224,104.3594022721,0.438522
383,656.9640845995,104.5590814978,0.510253
384,658.1756144186,104.7519024573,0.613506
385,659.6638459730,104.9887618656,0.511464
386,660.7167325953,105.1563339761,0.731475
387,662.2965864311,105.4077755234,0.560601
388,664.2446046523,105.7178122525,0.116045
389,665.3427630956,105.8925895971,0.301303
390,666.5151477042,106.0791804027,0.431173
391,667.1484948946,106.1799807388,0.960974
392,668.9758488202,106.4708131488,0.603804
393,670.3235852059,106.6853120566,0.602334
394,672.4581835842,107.0250439400,0.015286
395,673.0435782861,107.1182124005,0.579863
396,674.3558978101,107.3270745397,0.603452
397,676.1396743636,107.6109713955,0.275609
398,677.2301806688,107.7845308645,0.463467
399,677.8004447462,107.8752912112,1.038658
400,679.7421978825,108.1843308212,0.591609
401,681.8949915332,108.5269585721,-0.013745
402,682.6027350198,108.6395994464,0.458249
403,684.0135498139,108.8641375947,0.405374
404,684.9726298621,109.0167799252,0.689359
405,686.1632235877,109.2062688019,0.800207
406,687.9615431847,109.4924802550,0.456574
407,689.3689413623,109.7164746318,0.404499
408,690.4747350324,109.8924671605,0.577563
409,692.4516844155,110.2071084270,0.098456
410,693.1769700606,110.3225412226,0.555589
411,694.5339086999,110.5385047145,0.539613
412,695.7263359209,110.7282854010,0.646463
413,696.6260699003,110.8714825113,0.972330
414,699.1320954760,111.2703288692,0.093697
415,700.2967391321,111.4556876640,0.220139
416,701.3017429546,111.6156389902,0.466073
417,702.2273431458,111.7629528359,0.771382
418,704.0338392955,112.0504656278,0.414993
419,705.1258139546,112.2242587926,0.594737
420,706.1846547995,112.3927785470,0.799113
421,708.2690708851,112.7245236705,0.232124
422,709.2295885703,112.8773948080,0.509712
423,711.1302741797,113.1798983180,0.079584
424,711.9002899144,113.3024501284,0.499973
425,712.7493834701,113.4375875650,0.860684
426,714.0827718207,113.6498029120,0.856441
427,716.1123964541,113.9728277050,0.327067
428,717.4825697031,114.1908975505,0.294088
429,718.7427865455,114.3914672904,0.343639
430,719.6971009884,114.5433511512,0.623665
431,721.3511622185,114.8066031722,0.375297
432,722.2775049757,114.9540352010,0.675896
433,723.8458210451,115.2036404557,0.491365
434,724.5626138904,115.3177215802,0.949799
435,727.0564032300,115.7146204807,0.064764
436,728.4054815889,115.9293329701,0.044438
437,728.7587497956,115.9855573514,0.777191
438,730.4164821228,116.2493936456,0.522755
439,731.4173549186,116.4086874985,0.765086
440,732.8180527145,116.6316154765,0.704380
441,734.7896432524,116.9454038563,0.210633
442,735.7654592086,117.1007097893,0.471009
443,737.0529289123,117.3056169567,0.494850
444,738.5804211714,117.5487249003,0.336241
445,739.9095236740,117.7602581335,0.327703
446,740.5738074473,117.8659821796,0.823495
447,741.7573355729,118.0543465311,0.924932
448,743.8950131425,118.3945684830,0.301194
449,745.3449895506,118.6253393958,0.199263
450,746.4993058994,118.8090545486,0.321703
451,747.6745636243,118.9961026249,0.427930
452,748.2427544651,119.0865330058,0.995721
453,750.6559503621,119.4706050615,0.159295
454,750.9663810667,119.5200116426,0.922970
455,752.8876215672,119.8257865651,0.459910
456,754.3223704717,120.0541339454,0.366813
457,755.8393089760,120.2955622067,0.210626
458,756.7682484400,120.4434075142,0.502363
459,758.1017292464,120.6556375761,0.485344
460,758.9002382249,120.7827242271,0.876158
461,760.2823669835,121.0026968510,0.821410
462,762.7000332497,121.3874803880,-0.024551
463,763.5930661728,121.5296109921,0.293283
464,764.3075227242,121.6433202839,0.747408
465,766.0875400998,121.9266188480,0.386935
466,767.2184721555,122.1066122750,0.522218
467,768.2814618065,122.2757923324,0.709209
468,769.6934072526,122.5005104295,0.628945
469,771.0708393137,122.7197355508,0.574689
470,772.9616175658,123.0206622559,0.126892
471,774.1177446279,123.2046655927,0.241266
472,775.0478470966,123.3526959982,0.528581
473,775.9997119632,123.5041899968,0.799037
474,777.2997485296,123.7110972426,0.802342
475,779.1570769492,124.0067002415,0.377789
476,780.3489250042,124.1963887509,0.463281
477,782.1376643908,124.4810754661,0.090235
478,782.5979439461,124.5543312326,0.736816
479,784.2888226125,124.8234429305,0.438131
480,785.7390897007,125.0542601064,0.323786
481,786.4611474505,125.1691791665,0.768818
482,787.4684638159,125.3294985453,0.994427
483,790.0590923641,125.7418098844,0.001895
484,790.8316204679,125.8647615508,0.407458
485,792.4277076086,126.1187867089,0.178938
486,792.8886525626,126.1921483768,0.824050
487,794.4837918699,126.4460226825,0.595600
488,795.6065961562,126.6247225348,0.730599
489,797.2634700380,126.8884222032,0.453695
490,798.7075701663,127.1182578769,0.340322
491,799.6543362109,127.2689403728,0.610158
492,801.6042464630,127.5792782280,0.105789
493,802.5419848784,127.7285239322,0.382048
494,803.2430962043,127.8401092653,0.840821
495,804.7622391127,128.0818883685,0.667775
496,805.8616356671,128.2568627645,0.818563
497,808.1518149360,128.6213561158,0.048782
498,809.1977833633,128.7878271613,0.240145
499,810.0818048864,128.9285235565,0.556542
500,811.1843588465,129.1040004693,0.703735
501,812.7711083891,129.3565395024,0.475992
502,814.0459136075,129.5594310544,0.489259
503,814.8705396259,129.6906743614,0.850806
504,816.7277377144,129.9862566175,0.412417
505,818.3806688664,130.2493287809,0.131666
506,819.2046421708,130.3804682053,0.493023
507,820.7218984439,130.6219470411,0.316687
508,821.7134541334,130.7797580304,0.547688
509,822.1977574934,130.8568373041,1.172019
510,824.5262938716,131.2274353789,0.365161
511,826.0392873766,131.4682357741,0.190573
512,826.9058109541,131.6061472848,0.517663
513,828.3401743005,131.8344333015,0.403472
514,829.4370109683,132.0090002790,0.551199
515,830.8958840533,132.2411871418,0.417257
516,831.7997776591,132.3850462772,0.714480
517,833.0036409092,132.5766470642,0.778235
518,834.6519151478,132.8389780569,0.495922
519,836.6935761876,133.1639185035,-0.093154
520,837.3473350595,133.2679674595,0.397842
521,838.2490219927,133.4114753921,0.695672
522,839.4653948103,133.6050671386,0.748202
523,841.0363898290,133.8550987614,0.524091
524,842.0413542065,134.0150438098,0.740784
525,844.1661966074,134.3532229811,0.083972
526,844.8059939758,134.4550498949,0.584934
527,846.1947699277,134.6760804525,0.501430
528,847.9717176395,134.9588904645,0.114552
529,848.4892811809,135.0412632604,0.710491
530,849.8622743487,135.2597819099,0.638353
531,850.6454484660,135.3844279420,1.026633
532,853.1631125834,135.7851266313,0.059364
533,854.0955117199,135.9335225628,0.330500
534,855.2867102444,136.1231076962,0.399094
535,856.4841174908,136.3136809784,0.462568
536,857.3107406026,136.4452421327,0.815887
537,858.9040264665,136.6988214537,0.569075
538,860.4106708960,136.9386113621,0.389630
539,861.1710982127,137.0596371284,0.794187
540,863.1897197719,137.3809107278,0.213011
541,864.3408239301,137.5641146446,0.311020
542,865.5946643265,137.7636695415,0.328249
543,866.4237399040,137.8956210179,0.678254
544,867.6931226118,138.0976495505,0.682813
545,868.6704942291,138.2532030746,0.916164
546,870.8469023258,138.5995891814,0.208363
547,872.1887508216,138.8131510024,0.154999
548,873.0989789713,138.9580183118,0.440275
549,873.9083892353,139.0868399563,0.804587
550,875.9852851088,139.4173882008,0.172906
551,876.6008258330,139.5153545498,0.689166
552,877.6546983410,139.6830835688,0.860790
553,879.3809519698,139.9578253668,0.503466
554,880.8346488479,140.1891884108,0.360032
555,882.3866966272,140.4362044867,0.138815
556,883.4303318387,140.6023041894,0.317395
557,884.1987431146,140.7246006423,0.712472
558,885.2723044796,140.8954632403,0.867144
559,886.8528019629,141.1470072273,0.622275
560,888.4755666738,141.4052782525,0.343649
561,889.7352942941,141.6057701302,0.350745
562,890.8131321125,141.7773133469,0.500980
563,892.3864332602,142.0277120015,0.260219
564,893.1191175673,142.1443223307,0.682248
565,894.8862923209,142.4255769280,0.287835
566,895.3979196748,142.5070049504,0.884025
567,896.6322515562,142.7034549708,0.909617
568,899.2215226684,143.1155502673,-0.135287
569,899.8588846079,143.2169895705,0.361168
570,900.8497398605,143.3746890818,0.578204
571,902.2432075868,143.5964663585,0.476806
572,903.0996744426,143.7327772922,0.799684
573,904.7029027223,143.9879389978,0.531825
574,905.8299407582,144.1673126723,0.640275
575,907.6567294690,144.4580551256,0.194709
576,908.3335436451,144.5657734473,0.658986
577,910.1863340572,144.8606541999,0.192027
578,911.2349514860,145.0275468471,0.361511
579,912.3310456000,145.2019956434,0.493188
580,912.8239992467,145.2804516530,1.102603
581,914.7300969584,145.5838165259,0.591934
582,916.3550008086,145.8424280057,0.303625
583,917.8253775704,146.0764457355,0.137438
584,918.8365352435,146.2373764774,0.335249
585,919.4483444397,146.3347489352,0.849793
586,921.1563955072,146.6065937057,0.494150
587,922.5006293066,146.8205351595,0.426907
588,923.2857198024,146.9454861927,0.803447
589,924.7734839335,147.1822712083,0.621685
590,926.5515527846,147.4652596551,0.208827
591,927.8508589858,147.6720506596,0.176052
592,928.6636593289,147.8014118520,0.529837
593,929.8740928506,147.9940583303,0.567275
594,931.0092113366,148.1747180483,0.664377
595,931.8527407455,148.3089699234,0.993273
596,934.3853068373,148.7120403356,-0.022343
597,934.9954248638,148.8091436354,0.491913
598,936.2286493793,149.0054174130,0.509892
599,937.5329257120,149.2129994385,0.471010
600,939.0243008992,149.4503591715,0.282747
601,939.6609406145,149.5516835292,0.775386
602,941.1569996420,149.7897887186,0.582851
603,942.0523416434,149.9322868238,0.868977
604,944.1880358096,150.2721931073,0.165599
605,945.3335625030,150.4545093430,0.251637
606,946.7658422047,150.6824637374,0.108579
607,947.0791830963,150.7323334892,0.858465
608,948.3466462550,150.9340565161,0.846587
609,950.1516126846,151.2213258455,0.405129
610,951.0332487338,151.3616425807,0.700850
611,952.7279886199,151.6313688108,0.346673
612,954.1297192696,151.8544611726,0.226261
613,954.8293089382,151.9658043265,0.666952
614,956.6754793433,152.2596314723,0.190582
615,957.5100525964,152.3924579309,0.522993
616,958.4145933901,152.5364200694,0.799305
617,959.4591688071,152.7026694105,0.963412
618,961.6695724742,153.0544660803,0.194000
619,963.1820866713,153.2951901913,-0.017222
620,963.5670401916,153.3564574469,0.674446
621,965.0555796238,153.5933658555,0.481959
622,966.1107548184,153.7613022036,0.636424
623,967.3711537663,153.9619009264,0.626198
624,968.6363019061,154.1632555066,0.611902
625,970.1256105569,154.4002863402,0.417556
626,971.0714914864,154.5508279657,0.658821
627,973.1853612943,154.8872607947,-0.037342
628,973.8730789927,154.9967144658,0.410677
629,974.7746350658,155.1402015713,0.686947
630,976.1785024206,155.3636340003,0.559720
631,976.9172021171,155.4812017084,0.966456
632,978.7666715351,155.7755539084,0.480722
633,980.5780006398,156.0638358890,0.025088
634,981.2886153018,156.1769337251,0.453873
635,982.3964851688,156.3532566907,0.563168
636,983.5750760064,156.5408352484,0.615386
637,985.1869286558,156.7973695651,0.318827
638,986.1305151102,156.9475460135,0.559620
639,986.7560084077,157.0470963637,1.056271
640,988.9926223707,157.4030645317,0.255898
641,990.2239178040,157.5990312863,0.264418
642,991.3742941478,157.7821193679,0.337876
643,992.7286963367,157.9976791712,0.246734
644,993.2145809574,158.0750101103,0.855221
645,994.4045905711,158.2644060227,0.896183
646,996.2053361643,158.5510035851,0.444517
647,997.5119347519,158.7589552089,0.390882
648,998.8275471369,158.9683414232,0.329703
649,999.7915715574,159.1217706750,0.551941
650,1001.3494826378,159.3697199243,0.294727
651,1002.4043054884,159.5376001951,0.443280
652,1003.2678081795,159.6750309167,0.746134
653,1004.6750441212,159.8989994730,0.609753
654,1005.5434203044,160.0372058350,0.908359
655,1008.0067043071,160.4292496602,-0.081902
656,1008.7957099007,160.5548238006,0.280401
657,1009.8065907470,160.7157104842,0.463236
658,1010.5697570111,160.8371721675,0.846209
659,1012.4100425158,161.1300627023,0.357944
660,1013.0586380984,161.2332898953,0.833288
661,1014.6896326224,161.4928707359,0.513668
662,1016.0601789426,161.7109999576,0.404451
663,1017.2664023644,161.9029763776,0.427982
664,1018.6055725186,162.1161119273,0.343621
665,1019.9124397439,162.3241063062,0.285148
666,1020.9174750173,162.4840626379,0.470956
667,1021.5443444999,162.5838320147,0.963041
668,1022.8852709117,162.7972470815,0.876364
669,1025.2657241977,163.1761079888,-0.053428
670,1025.7079443715,163.2464895153,0.587975
671,1027.4676935156,163.5265622902,0.160691
672,1028.1289642555,163.6318067972,0.624228
673,1029.2272974440,163.8066119533,0.733045
674,1030.8973687906,164.0724120635,0.377598
675,1031.8331802974,164.2213510906,0.617896
676,1032.8128830352,164.3772756240,0.822417
677,1034.6129155295,164.6637596932,0.360479
678,1036.1959173581,164.9157022592,0.074395
679,1037.0247076463,165.0476083303,0.400904
680,1038.0877522406,165.2167971322,0.536900
681,1039.0774014369,165.3743046938,0.732393
682,1040.2640379377,165.5631637585,0.767553
683,1041.6215280145,165.7792150144,0.663530
684,1043.6239543496,166.0979110639,0.034478
685,1044.5149758291,166.2397215367,0.309401
686,1045.1070423530,166.3339518506,0.827534
687,1047.0898174843,166.6495203138,0.213418
688,1047.9871474896,166.7923348197,0.482733
689,1048.9537851947,166.9461799887,0.695475
690,1049.9962842566,167.1120988676,0.846274
691,1051.5765718432,167.3636094485,0.558687
692,1053.2457851584,167.6292729987,0.198234
693,1054.7810394783,167.8736163126,-0.053411
694,1055.0021464757,167.9088065842,0.766298
695,1056.6888473638,168.1772533680,0.390718
696,1057.1000436596,168.2426972911,1.055304
697,1059.1337691069,168.5663747489,0.396014
698,1060.1395185616,168.7264447461,0.575206
699,1061.5013044651,168.9431797041,0.463590
700,1062.9153815079,169.1682370554,0.308994
701,1064.0715510717,169.3522471565,0.364758
702,1065.1218551063,169.5194082354,0.506808
703,1066.4632234692,169.7328936408,0.410860
704,1067.4188601210,169.8849879378,0.629906
705,1067.9900000790,169.9758876853,1.163100
706,1070.5350419968,170.3809436869,0.082389
707,1071.6186232151,170.5534009940,0.196210
708,1072.5439980111,170.7006789670,0.439278
709,1073.5703531651,170.8640284631,0.599598
710,1074.7477710443,171.0514203387,0.636138
711,1076.2666255942,171.2931535481,0.392984
712,1076.9240560658,171.3977868574,0.854783
713,1078.6471984810,171.6720334905,0.443843
714,1079.8099654293,171.8570935980,0.491501
715,1081.1710023435,172.0737093506,0.376516
716,1082.9527497231,172.3572832534,-0.083534
717,1083.2954665141,172.4118283248,0.635573
718,1084.1832643104,172.5531257325,0.907850
719,1085.6478312086,172.7862187939,0.707099
720,1086.9119989898,172.9874173451,0.670396
721,1088.7557246748,173.2808554016,0.157997
722,1089.7953379241,173.4463149891,0.304988
723,1090.8631910262,173.6162690888,0.428643
724,1091.7284729669,173.7539829869,0.718419
725,1093.4408732724,174.0265199600,0.312558
726,1094.2844575238,174.1607805635,0.619828
727,1095.4330847587,174.3435902657,0.676438
728,1096.4019177947,174.4977848325,0.880567
729,1098.8410154666,174.8859792836,-0.123690
730,1099.3606671786,174.9686844223,0.449190
731,1100.5744606225,175.1618656488,0.451378
732,1101.8391111688,175.3631410345,0.411532
733,1102.5517798999,175.4765657858,0.825446
734,1103.7322971745,175.6644509455,0.854448
735,1105.6171888308,175.9644407698,0.303672
736,1106.7743716758,176.1486121396,0.351357
737,1107.7745319550,176.3077925920,0.528111
738,1109.1589188568,176.5281246105,0.388365
739,1110.4441429936,176.7326743849,0.330013
740,1111.4435047649,176.8917277507,0.506898
741,1112.4329954081,177.0492100777,0.691772
742,1113.3975951148,177.2027308891,0.897016
743,1115.0653594616,177.4681638288,0.522593
744,1116.7872538812,177.7422118372,0.103144
745,1117.9659196692,177.9298023236,0.131263
746,1118.6841348610,178.0441098216,0.538955
747,1119.4732474262,178.1697009870,0.888093
748,1121.1559376758,178.4375094579,0.499911
749,1122.4586213569,178.6448380051,0.424950
750,1123.1011173878,178.7470944243,0.894681
751,1125.3147293978,179.0994017178,0.067278
752,1125.7634424293,179.1708166148,0.696768
753,1127.6580235272,179.4723485616,0.132064
754,1128.4302246139,179.5952481816,0.494170
755,1129.7289967771,179.8019541913,0.421101
756,1130.3915978962,179.9074104347,0.873557
757,1131.4950855619,180.0830359514,0.961546
758,1133.7086256695,180.4353318012,0.131582
759,1134.8856545915,180.6226617723,0.158235
760,1135.5622139755,180.7303395426,0.598665
761,1136.9292934810,180.9479170035,0.467783
762,1138.1515897798,181.1424515014,0.456448
763,1138.9923418205,181.2762613445,0.760683
764,1140.7218481719,181.5515208295,0.329119
765,1141.2610229641,181.6373331629,0.882742
766,1142.8586596079,181.8916049320,0.559839
767,1144.7822995186,182.1977617325,-0.033478
768,1145.4853275171,182.3096521136,0.384088
769,1146.5768149249,182.4833677299,0.479693
770,1147.5017765233,182.6305799404,0.713150
771,1148.6152772088,182.8077990787,0.790201
772,1149.9826010281,183.0254154233,0.656631
773,1151.5628147237,183.2769142441,0.346244
774,1152.9431285306,183.4965980095,0.201340
775,1153.8903037163,183.6473456223,0.415552
776,1154.6975195354,183.7758180100,0.745779
777,1156.6215678339,184.0820398075,0.148970
778,1157.4323145756,184.2110741590,0.475961
779,1158.0016090273,184.3016801851,1.003331
780,1159.4806570190,184.5370779840,0.775210
781,1161.3966446344,184.8420168839,0.183833
782,1162.4875286020,185.0156364597,0.277544
783,1163.7010316828,185.2087714735,0.269193
784,1164.7375863512,185.3737442727,0.407717
785,1165.2712277065,185.4586759322,0.964153
786,1166.9436134095,185.7248443836,0.573809
787,1168.0862716101,185.9067040845,0.623636
788,1169.6983568849,186.1632754247,0.282811
789,1170.4636385783,186.2850737891,0.646177
790,1172.1206818657,186.5488004192,0.267418
791,1173.3056877640,186.7373999655,0.281193
792,1174.2327668565,186.8849491857,0.509497
793,1175.2154523960,187.0413484468,0.691386
794,1176.6328758098,187.2669383896,0.511115
795,1177.1063044217,187.3422868933,1.116836
796,1179.7012235019,187.7552810919,-0.044792
797,1180.6535437871,187.9068475727,0.161675
798,1181.2673181517,188.0045327967,0.650175
799,1182.5822703469,188.2138139385,0.554165
800,1183.7127752960,188.3937393894,0.611705
801,1185.1558428475,188.6234107234,0.408424
802,1185.8753586954,188.7379252272,0.808362
803,1187.3451614933,188.9718516079,0.582359
804,1188.8564442982,189.2123797367,0.321454
805,1189.9636364979,189.3885948483,0.397499
806,1191.4826059264,189.6303463412,0.129648
807,1192.2186114781,189.7474852629,0.515209
808,1193.3240214275,189.9234167205,0.592245
809,1193.8574271354,190.0083108756,1.146819
810,1196.0346717487,190.3548301181,0.328293
811,1197.0717866588,190.5198920826,0.461829
812,1198.6865691046,190.7768926909,0.112465
813,1199.3565137079,190.8835176861,0.552537
814,1200.5326920312,191.0707122802,0.569362
815,1201.8103348566,191.2740554514,0.501165
816,1203.1373508614,191.4852566081,0.391459
817,1203.8552475941,191.5995134217,0.791027
818,1204.9854921715,191.7793974331,0.845579
819,1206.8704997939,192.0794057140,0.268397
820,1208.4714599495,192.3342064364,-0.071491
821,1208.9894841679,192.4166525514,0.494888
822,1209.8980300875,192.5612521256,0.734289
823,1211.4161158928,192.8028629855,0.463164
824,1212.1131530663,192.9137998972,0.879419
825,1213.5983726804,193.1501799404,0.635385
826,1215.3899750650,193.4353223159,0.134336
827,1216.1837220335,193.5616510695,0.469182
828,1217.1744824977,193.7193354948,0.638815
829,1219.0500281774,194.0178378607,0.066549
830,1219.6144713109,194.1076717755,0.593288
831,1220.8163476910,194.2989563424,0.585427
832,1221.6922424831,194.4383593282,0.850807
833,1222.9524840951,194.6389330102,0.793658
834,1225.0183300242,194.9677226015,0.060282
835,1225.8550207608,195.1008860681,0.358088
836,1227.2318276415,195.3200116888,0.202402
837,1227.9171416144,195.4290827952,0.627061
838,1228.7931543630,195.5685045544,0.891534
839,1230.5846031542,195.8536224848,0.387069
840,1231.5622738776,196.0092236131,0.565843
841,1232.5295870406,196.1631762845,0.753196
842,1234.2778166534,196.4414156691,0.284188
843,1235.5025485265,196.6363378006,0.254831
844,1236.3990174658,196.7790152636,0.501249
845,1237.9772985136,197.0302064940,0.174276
846,1238.4572327957,197.1065904073,0.770698
847,1239.4908071468,197.2710888744,0.901461
848,1240.8134717852,197.4815974896,0.788900
849,1243.0780763980,197.8420205079,-0.116497
850,1243.5381465261,197.9152429430,0.496328
851,1244.8514339670,198.1242591309,0.390973
852,1245.6558661881,198.2522884953,0.713798
853,1247.3725619699,198.5255091147,0.268399
854,1248.0630610532,198.6354054570,0.686916
855,1249.1598879530,198.8099708798,0.763131
856,1250.6723972757,199.0506942150,0.488993
857,1251.6598320043,199.2078493331,0.657021
858,1253.6735778521,199.5283469389,-0.040062
859,1254.4313284218,199.6489466877,0.321210
860,1255.4082306453,199.8044255054,0.497647
861,1256.1812141985,199.9274496589,0.845908
862,1257.5412194126,200.1439012113,0.699041
863,1258.7792334886,200.3409372711,0.654842
864,1260.3445483162,200.5900648634,0.334306
865,1261.6117171615,200.7917410489,0.265066
866,1262.5566140004,200.9421260515,0.467628
867,1263.6767328439,201.1203985023,0.522167
868,1264.9572230070,201.3241948414,0.441148
869,1266.1790377606,201.5186526989,0.409471
870,1267.2003456118,201.6811988919,0.546955
871,1267.5705717794,201.7401222165,1.234259
872,1270.1189218865,202.1457047328,0.081433
873,1271.1342996316,202.3073071200,0.223423
874,1272.0839595993,202.4584501981,0.420829
875,1273.2611446335,202.6458050153,0.425788
876,1274.1962208895,202.7946270236,0.635271
877,1275.0920303158,202.9371995218,0.877848
878,1276.8421715556,203.2157431513,0.397784
879,1277.7630919863,203.3623121900,0.618824
880,1279.3328433167,203.6121458737,0.290807
881,1280.1557944090,203.7431226079,0.594464
882,1281.8287269597,204.0093780928,0.178647
883,1283.0004913867,204.1958701935,0.186766
884,1283.3350321389,204.2491140079,0.903551
885,1284.8547951546,204.4909918042,0.616778
886,1285.6950233311,204.6247182718,0.905239
887,1287.4100266171,204.8976695222,0.452635
888,1289.1653515328,205.1770381592,-0.034498
889,1290.1047715198,205.3265514938,0.169457
890,1290.4177080730,205.3763568931,0.904258
891,1291.9458709681,205.6195715717,0.609033
892,1293.4939815574,205.8659610245,0.296609
893,1294.1184743778,205.9653521438,0.767106
894,1295.3653635054,206.1638007119,0.709734
895,1296.8011109923,206.3923070215,0.491973
896,1298.2565270679,206.6239436842,0.257271
897,1299.4051712507,206.8067560837,0.282635
898,1300.4900189824,206.9794149627,0.361983
899,1301.4955166806,207.1394448917,0.508542
900,1302.3467423792,207.2749216693,0.785947
901,1303.2732002288,207.4223720156,0.999388
902,1305.4016721880,207.7611288491,0.191926
903,1306.5083933130,207.9372689868,0.251899
904,1307.2672421078,208.0580435236,0.607262
905,1308.9881965176,208.3319419247,0.145062
906,1309.4215324933,208.4009094873,0.776824
907,1311.0565705111,208.6611338700,0.387203
908,1311.9669406080,208.8060237709,0.613337
909,1313.0315993690,208.9754694754,0.708190
910,1314.0525656517,209.1379613061,0.840060
911,1316.2121126029,209.4816638782,0.003377
912,1317.0729860348,209.6186761402,0.271052
913,1318.1712791322,209.7934749157,0.336629
914,1318.9478805966,209.9170748775,0.675812
915,1319.9310828775,210.0735563806,0.839092
916,1321.6281385519,210.3436511799,0.394598
917,1322.2580671234,210.4439074258,0.858329
918,1324.2249787188,210.7569511289,0.183557
919,1325.2376243590,210.9181186881,0.321135
920,1325.9819696304,211.0365849174,0.687133
921,1327.6352811085,211.2997176116,0.278675
922,1329.0435179965,211.5238454734,0.078737
923,1329.2050187855,211.5495491223,0.941110
924,1330.4299371205,211.7445009302,0.897159
925,1331.8275913853,211.9669445151,0.705772
926,1333.6735226103,212.2607335942,0.131908
927,1334.7473290517,212.4316351973,0.216179
928,1335.6949745260,212.5824576588,0.407926
929,1336.6901846534,212.7408502700,0.558988
930,1337.6887918097,212.8997835351,0.707035
931,1338.9231645987,213.0962400661,0.653776
932,1340.4264004573,213.3354874837,0.370858
933,1341.1662722529,213.4532417372,0.739325
934,1342.6085078838,213.6827806669,0.508089
935,1344.1560440036,213.9290786900,0.186683
936,1345.4771062614,214.1393322785,0.058434
937,1345.7314132554,214.1798064936,0.841220
938,1347.5194717509,214.4643848417,0.313751
939,1348.0172380187,214.5436068038,0.888462
940,1349.0851940140,214.7135772794,0.975906
941,1351.2962063741,215.0654708258,0.086194
942,1352.2104651592,215.2109796307,0.304625
943,1353.4833383583,215.4135636922,0.216326
944,1353.8867819717,215.4777737376,0.871344
945,1355.6805953206,215.7632679990,0.337235
946,1356.6056557098,215.9104959326,0.545955
947,1357.7717428286,216.0960844617,0.548362
948,1358.4601603992,216.2056495209,0.959343
949,1360.3931447622,216.5132935372,0.305159
950,1361.3930747136,216.6724373317,0.449280
951,1363.0223286033,216.9317411418,0.054489
952,1363.8791907971,217.0681149955,0.320812
953,1364.5765848968,217.1791087138,0.723614
954,1365.4937335513,217.3250774557,0.938148
955,1367.1040909700,217.5813737990,0.558765
956,1368.3301933080,217.7765140469,0.508321
957,1369.6869490773,217.9924484341,0.345738
958,1370.9735227678,218.1972129966,0.243095
959,1371.6865535528,218.3106953706,0.631917
960,1373.2029145624,218.5520317208,0.331966
961,1374.1547986586,218.7035287800,0.515795
962,1375.3023923447,218.8861739878,0.531678
963,1376.1617799936,219.0229497801,0.794612
964,1377.1776336421,219.1846279097,0.923240
965,1379.6832830286,219.5834143953,-0.226547
966,1380.1485784417,219.6574684602,0.374161
967,1381.0739771492,219.8047502389,0.579958
968,1382.3456629785,220.0071453247,0.488400
969,1383.2975910079,220.1586493760,0.671187
970,1384.4444158478,220.3411722181,0.686520
971,1385.6637770112,220.5352395747,0.639406
972,1387.3266476635,220.7998936588,0.211159
973,1387.9214541271,220.8945600476,0.700200
974,1389.5658317984,221.1562708823,0.287412
975,1390.7054902864,221.3376531641,0.308078
976,1391.8532004433,221.5203169088,0.321676
977,1392.6440277885,221.6461809900,0.641909
978,1393.4334017408,221.7718137564,0.963321
979,1394.8841846757,222.0027130318,0.715964
980,1396.5441631237,222.2669068073,0.288449
981,1397.8346233214,222.4722899266,0.178489
982,1398.8376752014,222.6319305915,0.315606
983,1399.8394729412,222.7913716537,0.453687
984,1400.4269462974,222.8848709423,0.948188
985,1402.5643472501,223.2250488693,0.108704
986,1402.9737476409,223.2902069652,0.756307
987,1404.0062921705,223.4545415311,0.867448
988,1405.6669750592,223.7188474217,0.437606
989,1407.0851427764,223.9445558240,0.216322
990,1408.1363074962,224.1118538852,0.310943
991,1409.3206810798,224.3003527955,0.290680
992,1410.0248107258,224.4124185092,0.684042
993,1411.2570568157,224.6085365655,0.622274
994,1411.9656534618,224.7213132244,1.011632
995,1413.8431487886,225.0201258863,0.393405
996,1415.5857847955,225.2974750208,-0.108942
997,1415.7815813033,225.3286370029,0.722239
998,1417.1028229338,225.5389191394,0.582924
999,1418.6969638525,225.7926345466,0.208027
1000,1419.4224809460,225.9081041783,0.582196
1001,1420.4165263238,226.0663114138,0.724637
1002,1421.8505671870,226.2945461058,0.487301
1003,1422.4613109875,226.3917490006,0.960262
1004,1424.4630456696,226.7103349700,0.232579
1005,1425.8734692450,226.9348108539,0.014985
1006,1426.6459796821,227.0577597086,0.347995
1007,1427.3656711094,227.1723021567,0.726550
1008,1428.5923058760,227.3675271432,0.667232
1009,1429.6504772762,227.5359403522,0.753264
1010,1431.2183136728,227.7854692647,0.398857
1011,1432.0497408933,227.9177950166,0.680501
1012,1433.8219407371,228.1998493819,0.149058
1013,1434.5849421683,228.3212848313,0.489604
1014,1435.6929073834,228.4976229720,0.531887
1015,1437.2267216238,228.7417370902,0.205844
1016,1438.0062848417,228.8658084298,0.531782
1017,1438.9495527469,229.0159341795,0.716079
1018,1439.6227930782,229.1230837062,1.133825
1019,1441.9609875049,229.4952189071,0.111244
1020,1442.9110595809,229.6464275743,0.289242
1021,1444.0419307064,229.8264113039,0.310683
1022,1445.0722784592,229.9903962418,0.418985
1023,1445.8300847797,230.1110048637,0.763079
1024,1447.2262271000,230.3332078152,0.554507
1025,1448.3238535157,230.5079004849,0.604195
1026,1449.4887712807,230.6933029055,0.595479
1027,1450.7735618583,230.8977836768,0.482790
1028,1451.8352979994,231.0667642319,0.563140
1029,1453.7375967571,231.3695244824,-0.084893
1030,1454.2260112602,231.4472580649,0.491911
1031,1455.3120912398,231.6201130622,0.550763
1032,1456.1677976084,231.7563029606,0.809156
1033,1457.5390016684,231.9745368648,0.620619
1034,1458.3937773687,232.1105786427,0.879611
1035,1460.6882705354,232.4757585721,-0.109890
1036,1461.2454433452,232.5644353789,0.406912
1037,1462.2661232658,232.7268816336,0.521659
1038,1463.2868911904,232.8893418945,0.636216
1039,1464.6969032979,233.1137522912,0.412944
1040,1465.8895576141,233.3035691211,0.378076
1041,1466.5056211079,233.4016186714,0.843456
1042,1467.7039895861,233.5923449383,0.803393
1043,1469.3476498783,233.8539415986,0.376609
1044,1470.9665891272,234.1116037826,-0.029002
1045,1471.3887645271,234.1787950844,0.604406
1046,1473.0201323242,234.4384353333,0.187643
1047,1473.7456491857,234.5539049281,0.557475
1048,1474.2032215657,234.6267298342,1.160008
1049,1476.0921270382,234.9273584772,0.518986
1050,1477.4351911475,235.1411137690,0.351939
1051,1478.4413959734,235.3012562409,0.477477
1052,1479.7599187065,235.5111056514,0.331424
1053,1480.7668790180,235.6713683625,0.456053
1054,1481.9646842098,235.8620049796,0.414635
1055,1483.0329599581,236.0320263455,0.485705
1056,1484.1435808818,236.2087871554,0.519824
1057,1484.8178832312,236.3161057075,0.933334
1058,1486.1713490276,236.5315164793,0.755979
1059,1488.1163379762,236.8410710847,0.063726
1060,1489.2524669464,237.0218916263,0.075041
1061,1489.9708922047,237.1362325574,0.449780
1062,1490.6706938146,237.2476094428,0.840674
1063,1492.1800905440,237.4878373934,0.526721
1064,1493.3308354213,237.6709841288,0.524816
1065,1494.1553686137,237.8022126622,0.806843
1066,1495.7688329789,238.0590034914,0.401689
1067,1497.0655055717,238.2653753441,0.272226
1068,1497.7473609331,238.3738959953,0.678226
1069,1499.6408247466,238.6752501208,0.028471
1070,1500.3519515166,238.7884294614,0.408776
1071,1501.1193249221,238.9105607321,0.740005
1072,1502.3460632924,239.1058022076,0.670766
1073,1503.0909331267,239.2243519237,1.021451
1074,1505.2615296547,239.5698130906,0.128972
1075,1506.1529861381,239.7116927965,0.351593
1076,1507.4075051638,239.9113557006,0.257469
1077,1508.2530310295,240.0459253217,0.519954
1078,1509.2804193632,240.2094392535,0.623706
1079,1510.3917974465,240.3863205691,0.654064
1080,1511.9230054590,240.6300198932,0.317921
1081,1512.5897647055,240.7361379231,0.736024
1082,1513.5897655399,240.8952929990,0.863213
1083,1515.7083435869,241.2324751675,0.013748
1084,1516.4359897188,241.3482836462,0.378422
1085,1517.7198062541,241.5526093938,0.257356
1086,1518.4147914873,241.6632197290,0.650402
1087,1519.7410094939,241.8742938804,0.492031
1088,1520.2736222204,241.9590618286,1.026774
1089,1521.9019090655,242.2182117288,0.604221
1090,1523.4860471493,242.4703351353,0.219973
1091,1524.7248921606,242.6675034426,0.137266
1092,1525.2278372338,242.7475496371,0.697663
1093,1526.5523119104,242.9583463289,0.539872
1094,1528.0409304293,243.1952673246,0.238375
1095,1529.0344567287,243.3533919462,0.369609
1096,1529.3699753652,243.4067913957,1.076199
1097,1531.0207429702,243.6695192199,0.632438
1098,1532.2223269394,243.8607572482,0.581354
1099,1533.8869779132,244.1256946792,0.124956
1100,1535.0422774712,244.3095663146,0.114019
1101,1535.7695023952,244.4253077560,0.477594
1102,1536.6207018240,244.5607803526,0.732605
1103,1537.6510621679,244.7247672945,0.830710
1104,1539.3028548556,244.9876582657,0.384633
1105,1540.0302701395,245.1034300038,0.747721
1106,1541.7422487628,245.3758998642,0.248528
1107,1542.4965229228,245.4959463252,0.587908
1108,1544.1186700545,245.7541190597,0.166975
1109,1544.8346082275,245.8680641588,0.539757
1110,1546.0911977863,246.0680565986,0.438759
1111,1547.2975811214,246.2600584696,0.381597
1112,1547.8065638019,246.3410655791,0.935527
1113,1548.8713481787,246.5105312761,1.002269
1114,1551.2738453264,246.8929005729,-0.103890
1115,1552.0068728377,247.0095655247,0.253380
1116,1552.7361053298,247.1256264805,0.613924
1117,1554.1565191097,247.3516923548,0.368221
1118,1554.9212851650,247.4734086528,0.697435
1119,1556.1629874976,247.6710317169,0.608196
1120,1557.3945070177,247.8670341360,0.527733
1121,1558.3391528524,248.0173791901,0.698851
1122,1559.7811543907,248.2468808629,0.433388
1123,1560.8764757778,248.4212066759,0.472020
1124,1562.4101531802,248.6652990156,0.125701
1125,1563.3854009585,248.8205145202,0.269467
1126,1564.1779404604,248.9466510996,0.573573
1127,1564.9157882623,249.0640832245,0.925644
1128,1566.2664156016,249.2790422418,0.739470
1129,1567.6234507172,249.4950210884,0.547482
1130,1569.0224778044,249.7176831649,0.318412
1131,1570.5092778669,249.9543147442,0.012016
1132,1571.0453814855,250.0396382851,0.540906
1133,1571.8453520880,250.1669575608,0.837865
1134,1573.8065633303,250.4790940245,0.114013
1135,1574.2309154299,250.5466317587,0.740967
1136,1575.6381549520,250.7706008848,0.503741
1137,1576.1613523634,250.8538703390,1.043702
1138,1578.1188269458,251.1654120948,0.322281
1139,1579.5140550677,251.3874695472,0.095069
1140,1580.3720816255,251.5240287151,0.340270
1141,1581.3635517730,251.6818260900,0.467989
1142,1582.3294869441,251.8355594472,0.618079
1143,1583.3946934354,252.0050923257,0.680712
1144,1584.2348480664,252.1388070882,0.941308
1145,1586.2932107503,252.4664056840,0.129481
1146,1587.0043421070,252.5795857546,0.503426
1147,1588.1634040289,252.7640561889,0.482918
1148,1589.3579459496,252.9541734403,0.431031
1149,1590.8359043214,253.1893978208,0.129377
1150,1591.2938843736,253.2622876100,0.725984
1151,1592.6371670392,253.4760776862,0.542688
1152,1593.5848081889,253.6268994594,0.707804
1153,1594.4426896557,253.7634355354,0.951922
1154,1596.4844924097,254.0883985366,0.152589
1155,1597.7158959444,254.2843824961,0.067216
1156,1598.4207985497,254.3965712301,0.445839
1157,1599.6193489505,254.5873264509,0.389195
1158,1600.0480449034,254.6555555309,1.011221
1159,1601.9119462286,254.9522046402,0.367638
1160,1602.8154047937,255.0959945368,0.570847
1161,1603.6552029961,255.2296525719,0.830127
1162,1605.5216466466,255.5267063048,0.183634
1163,1606.2934181266,255.6495375508,0.502711
1164,1607.5569052120,255.8506277660,0.387826
1165,1608.8362953050,256.0542490234,0.258748
1166,1610.0032641900,256.2399778899,0.228742
1167,1610.2538231626,256.2798555889,1.007572
1168,1611.4371412696,256.4681865149,0.962969
1169,1613.0788554510,256.7294734420,0.513476
1170,1614.7106278522,256.9891780857,0.072498
1171,1615.5746087190,257.1266849114,0.309431
1172,1616.3983948416,257.2577945448,0.581795
1173,1617.7346848410,257.4704717037,0.401333
1174,1618.5375178320,257.5982465426,0.692035
1175,1619.9525012611,257.8234481498,0.441752
1176,1620.7743108214,257.9542432036,0.715509
1177,1622.0987516980,258.1650345159,0.544944
1178,1622.9777676995,258.3049342576,0.767959
1179,1625.0218566580,258.6302611195,-0.039157
1180,1625.9870201636,258.7838716623,0.107430
1181,1626.3999193116,258.8495866027,0.742310
1182,1627.7554412763,259.0653246239,0.543526
1183,1628.7153168568,259.2180935672,0.694532
1184,1629.6586689549,259.3682327167,0.860064
1185,1631.1948145515,259.6127178817,0.501040
1186,1632.7981835707,259.8679019867,0.082297
1187,1633.5125168897,259.9815916655,0.450138
1188,1634.5168226621,260.1414318935,0.561280
1189,1635.7183663262,260.3326635070,0.497727
1190,1637.0891901734,260.5508368984,0.284164
1191,1637.9946435860,260.6949442848,0.482484
1192,1638.5996583042,260.7912353678,0.946765
1193,1639.8212357298,260.9856554535,0.864994
1194,1641.8998190085,261.3164722569,0.023966
1195,1642.4897798224,261.4103674367,0.501353
1196,1644.1520659597,261.6749284922,0.028648
1197,1644.7137457747,261.7643226112,0.530967
1198,1645.5737603628,261.9011981841,0.768884
1199,1646.6248665932,262.0684869363,0.837372
1200,1648.2705982225,262.3304132602,0.378677
1201,1649.1185354092,262.4653666548,0.627005
1202,1650.4169889830,262.6720219595,0.475829
1203,1651.7326933414,262.8814228118,0.309193
1204,1652.6710658996,263.0307694429,0.477036
1205,1654.2058967594,263.2750453610,0.115751
1206,1654.7266523933,263.3579261943,0.653826
1207,1655.8227756768,263.5323796331,0.681450
1208,1657.1142363998,263.7379219910,0.535640
1209,1657.5671011793,263.8099976592,1.133812
1210,1660.0199803380,264.2003855021,-0.042979
1211,1660.8600568333,264.3340878289,0.211369
1212,1661.8368928841,264.4895561150,0.344243
1213,1662.3772025493,264.5755490690,0.864578
1214,1664.0572654181,264.8429393793,0.372905
1215,1664.9680044864,264.9878880039,0.564178
1216,1665.8776404145,265.1326610582,0.756350
1217,1667.2411250517,265.3496663781,0.545322
1218,1668.3682293274,265.5290505949,0.544109
1219,1669.6697284524,265.7361906141,0.387830
1220,1671.0471824333,265.9554192240,0.163895
1221,1671.9842593337,266.1045596448,0.331153
1222,1672.9633708308,266.2603900794,0.460967
1223,1673.6874453339,266.3756301157,0.817387
1224,1674.6484620970,266.5285806840,0.963129
1225,1676.3624863240,266.8013761123,0.439295
1226,1677.6912271415,267.0128517815,0.257802
1227,1678.6303680911,267.1623207059,0.422633
1228,1680.0779467168,267.3927099997,0.135151
1229,1680.5047701128,267.4606410530,0.755495
1230,1681.8123201743,267.6687441086,0.592332
1231,1683.2732892607,267.9012645604,0.292500
1232,1684.1716568371,268.0442442009,0.493117
1233,1684.5588632525,268.1058700159,1.148550
1234,1686.4211219478,268.4022576926,0.491170
1235,1688.0801426932,268.6662990449,0.014392
1236,1688.9338685098,268.8021737286,0.254347
1237,1689.7031542562,268.9246093578,0.569417
1238,1691.0515599169,269.1392147840,0.368736
1239,1691.5151928920,269.2130042638,0.955857
1240,1693.0530209302,269.4577571977,0.586230
1241,1694.0175646526,269.6112690990,0.727071
1242,1695.8325544742,269.9001337007,0.110146
1243,1696.6549974398,270.0310295641,0.377353
1244,1697.3425142866,270.1404512687,0.764729
1245,1699.2295471876,270.4407818827,0.083029
1246,1699.9668172669,270.5581220602,0.425892
1247,1700.8203032450,270.6939585725,0.665107
1248,1701.8255509970,270.8539487213,0.768957
1249,1702.9232497645,271.0286529061,0.790281
1250,1704.2914124267,271.2464027568,0.570310
1251,1706.2560324316,271.5590817418,-0.181819
1252,1706.6156650350,271.6163190484,0.497407
1253,1707.9123124933,271.8226869008,0.340762
1254,1708.5121161784,271.9181486222,0.805668
1255,1709.7808422986,272.1200726556,0.673708
1256,1711.1376032586,272.3360078690,0.463037
1257,1712.1553976543,272.4979948782,0.554722
1258,1713.0553417275,272.6412254259,0.751500
1259,1714.7171452555,272.9057096718,0.268103
1260,1715.8252830398,273.0820752778,0.278789
1261,1716.7699837174,273.2324290604,0.435297
1262,1717.9744850662,273.4241314040,0.359717
1263,1718.9541524986,273.5800503185,0.484808
1264,1719.7244693218,273.7026500487,0.796801
1265,1720.4980709476,273.8257725714,1.105804
1266,1722.8446617399,274.1992440954,0.009444
1267,1723.5328226313,274.3087683029,0.394569
1268,1724.7339587377,274.4999350516,0.321244
1269,1725.6386280200,274.6439176397,0.512751
1270,1726.6057007399,274.7978320434,0.648405
1271,1728.1665067610,275.0462420369,0.253213
1272,1728.6444864804,275.1223148719,0.825906
1273,1730.0238725448,275.3418509825,0.592637
1274,1731.0141937619,275.4994654994,0.707111
1275,1732.4301698593,275.7248250946,0.440817
1276,1733.8408250214,275.9493378367,0.179098
1277,1735.1754660211,276.1617525490,-0.014800
1278,1735.6247153429,276.2332527993,0.583288
1279,1736.3056627332,276.3416289424,0.974058
1280,1737.8938847869,276.5944023330,0.552942
1281,1738.7832375888,276.7359472276,0.757062
1282,1740.1691156801,276.9565165763,0.516699
1283,1741.7791678087,277.2127643312,0.075479
1284,1742.4676807208,277.3223445646,0.459092
1285,1743.4264368587,277.4749353432,0.600699
1286,1744.7215119377,277.6810529437,0.441061
1287,1746.0974985956,277.9000480219,0.208804
1288,1746.5954566271,277.9793005041,0.762819
1289,1747.7816955278,278.1680962888,0.700297
1290,1748.5639873811,278.2926019042,0.999524
1291,1750.8228184898,278.6521060407,-0.024240
1292,1751.6177949463,278.7786304734,0.263404
1293,1752.5115111407,278.9208698235,0.462500
1294,1753.6613552431,279.1038731962,0.431962
1295,1754.7633698743,279.2792642721,0.444177
1296,1755.1696940681,279.3439327760,1.079943
1297,1757.0465184607,279.6426386554,0.397339
1298,1757.9840770328,279.7918557366,0.556683
1299,1759.2400856467,279.9917557161,0.430366
1300,1760.2151662428,280.1469446129,0.555871
1301,1761.8548999387,280.4079163359,0.085091
1302,1762.4976888707,280.5102193718,0.508468
1303,1763.7191214963,280.7046164118,0.412660
1304,1764.5914768491,280.8434560784,0.629944
1305,1765.4004939918,280.9722151557,0.903997
1306,1766.6762435995,281.1752570119,0.759122
1307,1768.2959711363,281.4330446558,0.305345
1308,1769.9409520516,281.6948514998,-0.171340
1309,1770.2436773122,281.7430317214,0.556880
1310,1771.2129449835,281.8972954625,0.686637
1311,1772.3280003636,282.0747620380,0.685396
1312,1773.8949155107,282.3241443291,0.278228
1313,1774.6604309900,282.4459799017,0.590676
1314,1775.3419875737,282.5544530010,0.978489
1315,1777.2558602241,282.8590552937,0.259189
1316,1778.0417347622,282.9841311111,0.553114
1317,1779.5522708092,283.2245403897,0.195808
1318,1780.6652284930,283.4016731065,0.195619
1319,1781.3556377228,283.5115551482,0.575108
1320,1782.4390673200,283.6839883241,0.601282
1321,1783.0848295199,283.7867645703,1.020798
1322,1784.6079463966,284.0291761501,0.651500
1323,1786.3422011793,284.3051913713,0.092134
1324,1787.0492730868,284.4177253605,0.456290
1325,1788.2151234796,284.6032762135,0.407784
1326,1789.2421799637,284.7667373297,0.484003
1327,1790.4495623698,284.9588982079,0.397908
1328,1791.2544098188,285.0869936578,0.673840
1329,1792.6161027352,285.3037138164,0.448683
1330,1793.5253906524,285.4484314832,0.630477
1331,1794.1784820073,285.5523742006,1.042759
1332,1796.4651405374,285.9163072088,-0.015304
1333,1797.3763356711,286.0613284185,0.164462
1334,1798.1470674581,286.1839941921,0.470613
1335,1799.2316472097,286.3566104208,0.494134
1336,1800.0247240197,286.4828325154,0.780038
1337,1801.3096369453,286.6873327589,0.622968
1338,1802.3012834915,286.8451582085,0.729887
1339,1803.7968438134,287.0831840265,0.382814
1340,1804.9041609748,287.2594190263,0.385310
1341,1806.2896670195,287.4799291620,0.137052
1342,1806.5783917510,287.5258811302,0.876908
1343,1808.7144318655,287.8658424730,-0.047921
1344,1809.1192737883,287.9302750662,0.587223
1345,1810.1088929880,288.0877778536,0.695286
1346,1810.8737191589,288.2095037193,1.005894
1347,1812.4200770021,288.4556142139,0.611896
1348,1814.0241403476,288.7109088243,0.165656
1349,1814.9730823635,288.8619376369,0.309974
1350,1816.3386112197,289.0792683043,0.078508
1351,1816.7580233654,289.1460198205,0.700240
1352,1817.7106085633,289.2976284634,0.841044
1353,1819.2603340995,289.5442749429,0.443081
1354,1820.1878821868,289.6918988060,0.606266
1355,1821.3057083652,289.8698063678,0.597685
1356,1822.4276714403,290.0483723372,0.585263
1357,1823.7662658958,290.2614162616,0.377215
1358,1825.2136768930,290.4917788765,0.070788
1359,1825.9156836149,290.6035067163,0.437094
1360,1826.7954552715,290.7435267243,0.642872
1361,1828.2112705000,290.9688607164,0.364591
1362,1828.6210917580,291.0340857954,0.994548
1363,1829.8325297099,291.2268921337,0.900608
1364,1831.9363799018,291.5617302912,0.000510
1365,1832.9849402437,291.7286138528,0.053356
1366,1833.2732390327,291.7744980301,0.792922
1367,1834.7215597486,292.0050054313,0.484475
1368,1835.8837544377,292.1899744609,0.434390
1369,1836.8276725160,292.3402036889,0.581439
1370,1838.0869433056,292.5406228598,0.443407
1371,1838.6402887077,292.6286905157,0.943292
1372,1840.1955634734,292.8762201826,0.537490
1373,1841.4785825706,293.0804190140,0.377621
1374,1842.8759552787,293.3028177878,0.114212
1375,1843.7710577431,293.4452777696,0.304833
1376,1844.7590436501,293.6025206104,0.411385
1377,1845.4175341464,293.7073226279,0.815858
1378,1846.3532534205,293.8562469757,0.969545
1379,1848.3309806224,294.1710120359,0.180538
1380,1848.7227609109,294.2333658055,0.826103
1381,1850.6011840477,294.5323261329,0.126549
1382,1851.4003619946,294.6595192536,0.403379
1383,1852.3422047334,294.8094181811,0.551042
1384,1853.5193429210,294.9967655423,0.485664
1385,1854.8556321160,295.2094425731,0.276101
1386,1855.5929349371,295.3267879616,0.608654
1387,1856.3891791535,295.4535141646,0.887798
1388,1857.4980748149,295.6300003905,0.883801
1389,1859.4952715688,295.9478641262,0.075269
1390,1860.5413881093,296.1143587447,0.127837
1391,1861.3796715472,296.2477756975,0.368565
1392,1862.1214649289,296.3658357810,0.696638
1393,1863.4254648451,296.5733738134,0.515343
1394,1864.3539813357,296.7211518026,0.674111
1395,1865.3674337941,296.8824477710,0.755842
1396,1866.8365470186,297.1162644026,0.424554
1397,1868.0851909986,297.3149922642,0.292906
1398,1868.7067456844,297.4139157648,0.729541
1399,1870.4214717683,297.6868228971,0.175176
1400,1871.4160430984,297.8451138406,0.273502
1401,1872.4415664282,298.0083309478,0.343679
1402,1872.8656676380,298.0758287517,0.959128
1403,1874.5083614127,298.3372715859,0.469482
1404,1874.9137740100,298.4017950048,1.101807
1405,1877.0950641673,298.7489581156,0.123316
1406,1878.0222514828,298.8965245601,0.282210
1407,1879.1533030905,299.0765370143,0.256067
1408,1880.0823254190,299.2243955101,0.413133
1409,1880.6117664797,299.3086586720,0.932721
1410,1882.3219747974,299.5808467795,0.380723
1411,1883.4087242695,299.7538083299,0.394380
1412,1884.0057783497,299.8488324380,0.852446
1413,1885.1980751303,300.0385923643,0.770133
1414,1887.0538948069,300.3339552393,0.085264
1415,1887.8088414168,300.4541087241,0.399777
1416,1888.9381826366,300.6338489616,0.374252
1417,1890.3481286142,300.8582488335,0.093766
1418,1890.6121285879,300.9002657343,0.853988
1419,1891.6785105397,301.0699856931,0.885386
1420,1892.8677013358,301.2592512866,0.805123
1421,1894.5585375724,301.5283562316,0.268960
1422,1895.6971556536,301.7095729275,0.234364
1423,1896.5854943472,301.8509564217,0.427106
1424,1897.5136928597,301.9986838032,0.583557
1425,1898.8293728187,302.2080807722,0.387739
1426,1900.0061448291,302.3953698545,0.318051
1427,1900.5718842724,302.4854100834,0.803752
1428,1901.8913057506,302.6954025337,0.604195
1429,1902.8050592067,302.8408309130,0.773368
1430,1904.0893253234,303.0452282137,0.605535
1431,1906.1027561982,303.3656756900,-0.225634
1432,1906.5976780038,303.4444449418,0.324194
1433,1907.3327801239,303.5614400779,0.655522
1434,1908.4330630451,303.7365555436,0.654584
1435,1909.4659300260,303.9009414292,0.714883
1436,1910.7336596159,304.1027068599,0.561383
1437,1911.7046909432,304.2572512956,0.677757
1438,1913.1824897759,304.4924502847,0.332828
1439,1914.3523000517,304.6786313726,0.268068
1440,1915.0546293333,304.7904105494,0.628753
1441,1916.6063718395,305.0373780397,0.216092
1442,1917.3447040416,305.1548872593,0.543865
1443,1918.7864989099,305.3843560395,0.231030
1444,1919.2077783978,305.4514047524,0.847398
1445,1919.9374573712,305.5675367679,1.182893
1446,1922.1016256220,305.9119748427,0.211766
1447,1923.2808379364,306.0996523115,0.137574
1448,1924.0558311014,306.2229963046,0.431539
1449,1925.2319879754,306.4101874849,0.359941
1450,1926.2115830799,306.5660948880,0.467343
1451,1926.8200927949,306.6629422171,0.912835
1452,1928.4175185495,306.9171804222,0.457025
1453,1929.4875601806,307.0874828371,0.481728
1454,1930.2583871804,307.2101637643,0.779094
1455,1931.7600694365,307.4491639184,0.410120
1456,1932.8757545499,307.6267307191,0.392911
1457,1934.4164363692,307.8719378464,-0.011951
1458,1934.9079434344,307.9501636254,0.539830
1459,1935.9248488037,308.1120091415,0.612423
1460,1936.8730938143,308.2629270222,0.747557
1461,1937.9686334980,308.4372875783,0.748255
1462,1939.0500291505,308.6093970418,0.761759
1463,1940.9773267059,308.9161359745,0.003355
1464,1941.8228622158,309.0507071305,0.231820
1465,1942.6335686922,309.1797350736,0.492011
1466,1943.3679474493,309.2966150829,0.821808
1467,1945.1537963064,309.5808417561,0.191836
1468,1945.9227169495,309.7032192773,0.489950
1469,1946.6099453619,309.8125950762,0.862593
1470,1947.9170477377,310.0206268804,0.669260
1471,1949.0300300736,310.1977635208,0.653040
1472,1950.7432015529,310.4704232300,0.088614
1473,1951.5366958731,310.5967117734,0.363934
1474,1952.8501292119,310.8057511817,0.164292
1475,1953.4485563251,310.9009938149,0.617664
1476,1954.4185881752,311.0553791788,0.731534
1477,1955.3158092837,311.1981763532,0.911850
1478,1956.8481645782,311.4420582729,0.511767
1479,1958.3144035551,311.6754174539,0.171915
1480,1958.8518834632,311.7609600380,0.680721
1481,1960.4188452694,312.0103497551,0.248567
1482,1961.3592778800,312.1600242538,0.388945
1483,1962.2335718486,312.2991724606,0.589714
1484,1963.6211845732,312.5200178848,0.321108
1485,1964.3573909381,312.6371887669,0.647978
1486,1965.3778295051,312.7995966090,0.714896
1487,1966.1176585741,312.9173440623,1.038348
1488,1968.4716020194,313.2919857974,-0.114545
1489,1969.0476175465,313.3836615158,0.358569
1490,1970.3050095170,313.5837816634,0.208329
1491,1970.8555475799,313.6714025174,0.704666
1492,1971.9703128048,313.8488229134,0.684743
1493,1973.1826634059,314.0417745043,0.575422
1494,1974.3472019101,314.2271165636,0.509738
1495,1975.0806103023,314.3438421346,0.838531
1496,1977.1739436980,314.6770064920,-0.077503
1497,1977.2714461997,314.6925244972,0.833244
1498,1978.8014481677,314.9360318733,0.432594
1499,1980.3717722871,315.1859567191,-0.005166
1500,1980.9100430910,315.2716251783,0.501958
1501,1981.7487688973,315.4051125363,0.733919
1502,1982.6632791953,315.5506613707,0.896418
1503,1983.9238046223,315.7512802233,0.741930
1504,1985.4165401745,315.9888564652,0.374600
1505,1986.7571077164,316.2022144160,0.146502
1506,1987.8734733607,316.3798895266,0.123686
1507,1988.2518768074,316.4401143056,0.776970
1508,1989.7020027080,316.6709090108,0.448169
1509,1990.4783525264,316.7944689220,0.736704
1510,1992.0017063935,317.0369182200,0.340527
1511,1992.7849878752,317.1615813397,0.622565
1512,1993.5774931383,317.2877124697,0.896099
1513,1995.1687396119,317.5409672117,0.437299
1514,1996.7961769662,317.7999819112,-0.054888
1515,1997.3909140596,317.8946372594,0.399748
1516,1998.2790069260,318.0359816290,0.585330
1517,1999.5457641763,318.2375923071,0.423552
1518,2000.4345153024,318.3790414420,0.608378
1519,2000.9296206892,318.4578399117,1.154234
1520,2002.8964083744,318.7708638938,0.349969
1521,2004.1396692333,318.9687350050,0.209285
1522,2005.0778481241,319.1180508130,0.348431
1523,2005.9009348858,319.2490491397,0.593125
1524,2007.1251801703,319.4438938283,0.469597
1525,2008.4182403303,319.6496907445,0.282786
1526,2009.1766341229,319.7703928654,0.586647
1527,2010.1533247676,319.9258380094,0.690063
1528,2011.0207050737,320.0638858726,0.893761
1529,2012.5389354774,320.3055197461,0.499800
1530,2013.8720977140,320.5176991060,0.275608
1531,2015.1867286087,320.7269291113,0.068296
1532,2016.0296380324,320.8610823126,0.294125
1533,2016.8000756558,320.9837012687,0.586466
1534,2017.3867672520,321.0770761363,1.047550
1535,2019.2646002161,321.3759425349,0.322449
1536,2019.8843671398,321.4745815043,0.753030
1537,2021.1960427689,321.6833411644,0.547809
1538,2022.5456176847,321.8981326834,0.307624
1539,2023.5729117771,322.0616316162,0.363501
1540,2024.4882621580,322.2073141540,0.522189
1541,2025.8789062025,322.4286420277,0.243902
1542,2026.7382589122,322.5654122593,0.453904
1543,2027.5733170560,322.6983158907,0.686185
1544,2028.5824593540,322.8589258757,0.758346
1545,2029.3854795510,322.9867305095,1.019966
1546,2031.7505506906,323.3631432721,-0.155020
1547,2032.4207808563,323.4698137160,0.228538
1548,2033.0178927457,323.5648470247,0.679316
1549,2034.5548287890,323.8094579932,0.265519
1550,2035.0774400963,323.8926341661,0.784737
1551,2036.5275264834,324.1234225825,0.450603
1552,2037.2171110943,324.2331733821,0.816101
1553,2038.8417382509,324.4917408247,0.321100
1554,2039.4432187401,324.5874694177,0.767559
1555,2040.8391196731,324.8096339513,0.482804
1556,2042.3445862506,325.0492363988,0.097037
1557,2043.2171165633,325.1881039110,0.293801
1558,2044.1215932917,325.3320558532,0.461093
1559,2045.0373208598,325.4777984222,0.617962
1560,2045.8027604316,325.5996219137,0.913155
1561,2047.0983363456,325.8058192246,0.720100
1562,2048.4540940662,326.0215947675,0.471486
1563,2049.8475256057,326.2433662848,0.188027
1564,2050.9060553847,326.4118365316,0.212938
1565,2051.7183881963,326.5411233140,0.464580
1566,2052.4077901924,326.6508450494,0.829431
1567,2054.0599168985,326.9137891813,0.307170
1568,2055.1802673262,327.0920984899,0.274765
1569,2055.5726028990,327.1545406357,0.913203
1570,2056.6208666899,327.3213769996,0.947106
1571,2058.4506511189,327.6125962363,0.260543
1572,2059.4480217438,327.7713327013,0.341129
1573,2060.8682472081,327.9973686043,0.031780
1574,2061.3670592020,328.0767569988,0.571873
1575,2062.5726509200,328.2686328801,0.460233
1576,2063.2835594984,328.3817774944,0.804672
1577,2064.3048676996,328.5443237431,0.862810
1578,2065.8326722819,328.7874813944,0.453701
1579,2066.9852293780,328.9709165534,0.390568
1580,2068.3456385274,329.1874323942,0.135578
1581,2068.6699410828,329.2390467489,0.836384
1582,2070.5047175934,329.5310605001,0.143514
1583,2071.3770831698,329.6699017937,0.338529
1584,2071.9904548148,329.7675229230,0.772498
1585,2073.3976037158,329.9914776263,0.473846
1586,2074.1710649022,330.1145777974,0.759957
1587,2075.0280655448,330.2509736859,0.968909
1588,2077.1175701369,330.5835286703,0.039972
1589,2078.1554846392,330.7487178939,0.081691
1590,2078.9392881149,330.8734640914,0.357970
1591,2079.5676284619,330.9734675636,0.777761
1592,2080.9103434576,331.1871672923,0.537798
1593,2081.7996865636,331.3287106438,0.716437
1594,2083.3002768588,331.5675370068,0.330415
1595,2083.7799925502,331.6438861304,0.887288
1596,2085.3898136923,331.9000971226,0.400125
1597,2086.5803185344,332.0895718530,0.300202
1598,2087.4733409879,332.2317007908,0.475055
1599,2088.7122811987,332.4288842495,0.330182
1600,2090.0362067570,332.6395935464,0.106648
1601,2090.4475500274,332.7050608612,0.726469
1602,2091.2215806611,332.8282516627,1.011045
1603,2092.4732181101,333.0274559496,0.854082
1604,2094.3359174686,333.3239137600,0.132056
1605,2095.1382566603,333.4516100084,0.390229
1606,2096.3465299793,333.6439126797,0.272992
1607,2097.3716063572,333.8070586523,0.325062
1608,2097.9519221999,333.8994187873,0.788385
1609,2099.3116512651,334.1158263892,0.530805
1610,2100.5937452369,334.3198779824,0.344899
1611,2101.1354894591,334.4060992532,0.843762
1612,2102.5351002153,334.6288542235,0.548956
1613,2103.3904548087,334.7649881351,0.757579
1614,2105.3722065918,335.0803937274,-0.076157
1615,2105.9947043393,335.1794673210,0.347777
1616,2107.1723624324,335.3668974278,0.257881
1617,2107.6179114075,335.4378087495,0.845509
1618,2108.9383848890,335.6479686313,0.623271
1619,2109.9631431813,335.8110639790,0.674659
1620,2110.8223718481,335.9478144686,0.879215
1621,2112.9070875232,336.2796072732,-0.050973
1622,2113.4839664484,336.3714204057,0.414851
1623,2114.3961373259,336.5165969098,0.570152
1624,2115.5066027947,336.6933329783,0.541740
1625,2116.9000560684,336.9151079548,0.251121
1626,2117.7223994414,337.0459879675,0.489396
1627,2118.6186462170,337.1886300721,0.659157
1628,2119.4564284689,337.3219672587,0.883023
1629,2120.6915625918,337.5185449598,0.738679
1630,2122.4651511749,337.8008203498,0.095261
1631,2123.3440423035,337.9407002173,0.280787
1632,2124.3703687376,338.1040451425,0.329612
1633,2125.5124000292,338.2858050678,0.271110
1634,2125.9587848404,338.3568494170,0.857348
1635,2126.9757111926,338.5186982727,0.914686
1636,2128.7522905543,338.8014496599,0.267660
1637,2129.4060802283,338.9055035183,0.661487
1638,2130.5551022832,339.0883760580,0.596073
1639,2132.0806209929,339.3311699015,0.181406
1640,2132.7985164679,339.4454265149,0.515616
1641,2134.1549339850,339.6613070677,0.257544
1642,2134.9507725043,339.7879687019,0.519343
1643,2136.0868975247,339.9687886149,0.465418
1644,2136.9674705485,340.1089361644,0.648490
1645,2137.5099405259,340.1952729428,1.145199
1646,2139.3807599852,340.4930231073,0.409328
1647,2140.9493626391,340.7426739735,-0.046327
1648,2141.7100359604,340.8637388926,0.247707
1649,2142.3550431960,340.9663949825,0.649054
1650,2143.3744441805,341.1286376882,0.702851
1651,2144.8953374314,341.3706953670,0.291022
1652,2145.5057537342,341.4678461389,0.724331
1653,2146.6258944755,341.6461220748,0.684355
1654,2147.7853673456,341.8306579135,0.607765
1655,2149.1518493829,342.0481402844,0.338835
1656,2149.9106398581,342.1689055393,0.634154
1657,2151.7768851165,342.4659276972,-0.099189
1658,2152.3902265969,342.5635440256,0.331091
1659,2153.0119641654,342.6624966329,0.753544
1660,2154.2636239523,342.8617044751,0.590761
1661,2154.9353458482,342.9686123352,0.966688
1662,2156.3947272557,343.2008801000,0.610714
1663,2157.8564895654,343.4335267973,0.252370
1664,2158.8780722911,343.5961167378,0.302970
1665,2159.9022860172,343.7591254151,0.351048
1666,2160.8530623282,343.9104461648,0.467310
1667,2161.6921721892,344.0439946470,0.687310
1668,2163.1071222857,344.2691909491,0.371917
1669,2164.0497203564,344.4192100913,0.495559
1670,2165.0114371743,344.5722720768,0.601358
1671,2165.5039490234,344.6506577721,1.143396
1672,2167.6934442547,344.9991267610,0.107279
1673,2168.8906158519,345.1896625384,-0.006177
1674,2169.2638292834,345.2490613009,0.646685
1675,2170.7870749730,345.4914933820,0.229763
1676,2171.3963619265,345.5884644124,0.662957
1677,2172.2509628275,345.7244783701,0.867894
1678,2173.5282969693,345.9277724128,0.679450
1679,2174.7450208035,346.1214200254,0.547288
1680,2176.2041194662,346.3536427900,0.189452
1681,2176.9394516990,346.4706745497,0.505094
1682,2178.0042091548,346.6401359619,0.514076
1683,2179.2321850297,346.8355743924,0.371041
1684,2180.4953182593,347.0366082897,0.195166
1685,2181.2523670107,347.1570963406,0.490358
1686,2181.7257830298,347.2324428402,1.049590
1687,2183.3305840173,347.4878548501,0.555337
1688,2184.1031907607,347.6108190323,0.835885
1689,2185.9655283207,347.9072192607,0.101496
1690,2187.0856909594,348.0854986817,0.058171
1691,2187.7984558778,348.1989387418,0.394250
1692,2188.5587632031,348.3199454109,0.686005
1693,2189.4970729026,348.4692820377,0.811887
1694,2191.0933630457,348.7233395046,0.324657
1695,2191.7780174005,348.8323056294,0.686721
1696,2192.8267705399,348.9992198757,0.709467
1697,2194.2315300504,349.2227942956,0.400351
1698,2195.2316876813,349.3819743264,0.468203
1699,2196.7159776668,349.6182064146,0.084709
1700,2197.2587470402,349.7045908434,0.578758
1701,2198.6875126844,349.9319859581,0.246811
1702,2199.3029653210,350.0299382875,0.673018
1703,2200.3510209133,350.1967415156,0.695842
1704,2200.9159530256,350.2866532538,1.169083
1705,2203.2774537306,350.6624977642,-0.033098
1706,2203.9063645838,350.7625920352,0.380353
1707,2204.9978017548,350.9362996560,0.362364
1708,2205.8557612455,351.0728481500,0.562081
1709,2207.1721619150,351.2823598236,0.334071
1710,2207.8027413367,351.3827196556,0.745789
1711,2209.1537444003,351.5977384713,0.485309
1712,2210.2080149893,351.7655308469,0.501589
1713,2210.8509410993,351.8678557153,0.901647
1714,2212.3435684000,352.1054147284,0.508697
1715,2213.7002562484,352.3213383057,0.242470
1716,2214.9499256321,352.5202293654,0.076009
1717,2215.8205656906,352.6587960343,0.263273
1718,2216.2963758876,352.7345235792,0.819085
1719,2217.4693751162,352.9212122046,0.723973
1720,2218.5210069134,353.0885846035,0.742086
1721,2219.7998156984,353.2921133429,0.547981
1722,2220.8521588489,353.4595989571,0.565254
1723,2222.6366045881,353.7436023172,-0.101326
1724,2223.0550579188,353.8102012332,0.507827
1725,2223.7777725072,353.9252248324,0.832763
1726,2225.5646451172,354.2096144410,0.163541
1727,2226.3327344056,354.3318596479,0.445954
1728,2227.2462293766,354.4772468881,0.592468
1729,2227.9705738823,354.5925298966,0.915663
1730,2229.1279589101,354.7767334449,0.834162
1731,2230.8986908562,355.0585541870,0.179343
1732,2231.9771540741,355.2301969391,0.171367
1733,2232.9248538690,355.3810280460,0.285539
1734,2233.7202222503,355.5076148555,0.542048
1735,2234.8149345313,355.6818437263,0.518664
1736,2235.5466621356,355.7983017915,0.834566
1737,2236.7736438451,355.9935819956,0.687365
1738,2238.1547995193,356.2133997483,0.395887
1739,2239.1677439602,356.3746148632,0.448626
1740,2240.0212094705,356.5104481179,0.650447
1741,2241.5361865238,356.7515642046,0.233479
1742,2242.6211801594,356.9242463049,0.218578
1743,2243.3736684190,357.0440085311,0.514653
1744,2244.3707017004,357.2026913062,0.581902
1745,2245.5652865313,357.3928153870,0.464245
1746,2246.0165581783,357.4646375003,1.042007
1747,2247.3644312512,357.6791581625,0.780768
1748,2249.5501985735,358.0270338363,-0.264784
1749,2249.7707665527,358.0621383205,0.528779
1750,2251.0466419416,358.2652001954,0.334574
1751,2251.8453183387,358.3923134919,0.586964
1752,2252.6784326738,358.5249077565,0.807069
1753,2254.5622469944,358.8247261175,0.043412
1754,2254.7590790013,358.8560529044,0.859121
1755,2255.8245655715,359.0256303588,0.861470
1756,2257.3463846831,359.2678353929,0.436401
1757,2258.5018472911,359.4517329786,0.354288
1758,2259.5178420574,359.6134335678,0.402711
1759,2260.8902594168,359.8318605745,0.117196
1760,2261.6600644495,359.9543788507,0.396077
1761,2262.6744306482,360.1158202453,0.445800
1762,2262.8783053812,360.1482679168,1.254798
1763,2264.6763997058,360.4344435167,0.570107
1764,2265.7684461155,360.6082481009,0.546824
1765,2267.3845010675,360.8654512349,0.032373
1766,2267.8791753372,360.9441810901,0.568763
1767,2269.2269982616,361.1586937709,0.305494
1768,2269.9191032168,361.2688456957,0.656757
1769,2271.3262824681,361.4928052293,0.337651
1770,2272.0490157012,361.6078317959,0.660098
1771,2273.3475340532,361.8144974103,0.442663
1772,2273.9562891459,361.9113837925,0.871880
1773,2275.0686647760,362.0884238726,0.828823
1774,2277.0793177566,362.4084292333,-0.056755
1775,2278.0126283933,362.5569702346,0.067897
1776,2278.5259421558,362.6386666572,0.586436
1777,2279.5073058411,362.7948555387,0.665917
1778,2280.8707198526,363.0118496181,0.386925
1779,2281.3564836145,363.0891613220,0.931207
1780,2282.6903751376,363.3014567514,0.679738
1781,2284.0560114594,363.5188045225,0.398358
1782,2285.2222423649,363.7044159359,0.303977
1783,2286.1498141406,363.8520435691,0.433484
1784,2287.0461586710,363.9947012318,0.592240
1785,2288.5788494458,364.2386365449,0.153638
1786,2289.3362847101,364.3591861113,0.442639
1787,2290.2414582109,364.5032489482,0.592908
1788,2291.0976636121,364.6395182702,0.789093
1789,2291.9289012525,364.7718138495,1.008669
1790,2293.8961451061,365.0849104331,0.161493
1791,2294.6879184117,365.2109250685,0.417969
1792,2296.1150911883,365.4380666705,0.077655
1793,2296.9985224725,365.5786691263,0.247919
1794,2297.3726475798,365.6382129864,0.896517
1795,2298.6123633657,365.8355198818,0.732029
1796,2299.9615776201,366.0502539997,0.464566
1797,2301.2341257988,366.2527863326,0.269008
1798,2301.4548403517,366.2879141447,1.061635
1799,2303.2954819826,366.5808613588,0.332128
1800,2304.3051386704,366.7415532114,0.383333
1801,2305.5083567887,366.9330513226,0.252552
1802,2306.5177330700,367.0936985472,0.303866
1803,2307.3555533705,367.2270417894,0.516368
1804,2308.2102846348,367.3630764952,0.712924
1805,2309.3703582395,367.5477079437,0.622380
1806,2309.9311223842,367.6369563293,1.095192
1807,2312.0479964496,367.9738673007,0.104872
1808,2313.1909141707,368.1557683055,0.030154
1809,2313.6893599672,368.2350984179,0.561423
1810,2314.6211821136,368.3834025186,0.685105
1811,2316.0494547200,368.6107191640,0.341793
1812,2316.9624945048,368.7560339590,0.482991
1813,2317.8515318643,368.8975286493,0.646711
1814,2318.8260353364,369.0526256940,0.729975
1815,2320.0885232040,369.2535568787,0.542228
1816,2320.9495316287,369.3905906255,0.732130
1817,2322.8126326067,369.6871123557,-0.020982
1818,2323.5342742408,369.8019651889,0.299914
1819,2324.5124552323,369.9576475289,0.379337
1820,2325.5570964918,370.1239073491,0.396141
1821,2325.9030159275,370.1789621372,1.070552
1822,2327.3768558197,370.4135310414,0.683240
1823,2328.6348751012,370.6137510285,0.498961
1824,2329.7057234064,370.7841818296,0.490796
1825,2331.0131102896,370.9922589146,0.259833
1826,2331.9427078064,371.1402089545,0.384504
1827,2332.9877654328,371.3065350415,0.400385
1828,2333.7208633738,371.4232112026,0.709990
1829,2335.5317125745,371.7114168041,0.004468
1830,2335.8671538056,371.7648039342,0.688512
1831,2336.6210367862,371.8847881370,0.978395
1832,2337.7617301588,372.0663351258,0.903850
1833,2339.6156838960,372.3614010274,0.157216
1834,2340.8267267066,372.5541444770,0.016151
1835,2341.3245961862,372.6333828657,0.547021
1836,2342.6540416585,372.8449706842,0.294236
1837,2343.2591589550,372.9412780930,0.723971
1838,2344.3112162362,373.1087182098,0.732450
1839,2345.5704836345,373.3091368409,0.545543
1840,2346.4641195298,373.4513634109,0.703193
1841,2347.9342546417,373.6853426810,0.317310
1842,2348.8434236335,373.8300414202,0.460171
1843,2349.7300542578,373.9711530667,0.624227
1844,2351.4550469279,374.2456941770,-0.002304
1845,2352.1957015025,374.3635730136,0.299256
1846,2352.7508700755,374.4519308363,0.775705
1847,2353.9121358524,374.6367520249,0.680508
1848,2354.9510812350,374.8021053182,0.700595
1849,2355.8108139783,374.9389360340,0.889657
1850,2357.6083159202,375.2250173533,0.194012
1851,2358.9047051984,375.4313441151,-0.029052
1852,2359.4348590764,375.5157207253,0.470747
1853,2360.3142850895,375.6556857224,0.640967
1854,2361.3425416419,375.8193378355,0.670691
1855,2362.7183179229,376.0382994312,0.372380
1856,2363.4956176541,376.1620105257,0.638791
1857,2364.7511760891,376.3618388570,0.453752
1858,2365.1915150641,376.4319209815,1.038120
1859,2367.2492198430,376.7594148684,0.095698
1860,2367.9577018232,376.8721732777,0.426842
1861,2369.2205777674,377.0731662267,0.234517
1862,2370.0933902842,377.2120786532,0.410402
1863,2371.1007479297,377.3724046019,0.459185
1864,2371.9381377946,377.5056793382,0.668412
1865,2372.4403472601,377.5856084571,1.194137
1866,2374.4442307178,377.9045364148,0.301548
1867,2375.5439670374,378.0795648861,0.262777
1868,2376.3554635156,378.2087185619,0.496214
1869,2377.7554079140,378.4315266330,0.173683
1870,2378.2129616797,378.5043485765,0.741402
1871,2379.7265029500,378.7452361513,0.311362
1872,2380.5456572187,378.8756086023,0.537336
1873,2381.5001237104,379.0275166625,0.635396
1874,2382.5308305664,379.1915587535,0.661343
1875,2383.3560139160,379.3228907625,0.881465
1876,2384.9650716412,379.5789802532,0.360620
1877,2386.4309371095,379.8122799884,-0.025033
1878,2387.2990841223,379.9504498768,0.154257
1879,2387.8135685561,380.0323326176,0.667861
1880,2388.7482076355,380.1810850471,0.784205
1881,2389.9559881137,380.3733092804,0.642220
1882,2391.2605498724,380.5809367328,0.408616
1883,2391.7549823366,380.6596281035,0.941048
1884,2393.6305932917,380.9581408584,0.167196
1885,2394.4853678560,381.0941824555,0.358719
1886,2395.2701699946,381.2190875952,0.616381
1887,2396.6038787626,381.4313539383,0.354744
1888,2397.7916437618,381.6203926091,0.231064
1889,2398.5583113825,381.7424115507,0.505712
1890,2399.4338329058,381.8817551289,0.677325
1891,2400.1523565221,381.9961117142,0.997445
1892,2401.4829983758,382.2078899427,0.738278
1893,2403.4187984453,382.5159820926,-0.093751
1894,2403.9753151490,382.6045544769,0.379519
1895,2404.9215934898,382.7551593523,0.483842
1896,2406.2539887183,382.9672166391,0.222594
1897,2406.7328511821,383.0434299673,0.769274
1898,2407.7159104223,383.1998887047,0.838602
1899,2409.4415023524,383.4745251902,0.204813
1900,2409.8816026829,383.5445693332,0.788095
1901,2411.1261933808,383.7426520949,0.609559
1902,2412.2229358373,383.9172040781,0.570940
1903,2413.9761231950,384.1962325123,-0.089500
1904,2414.3798798013,384.2604923720,0.528074
1905,2415.5768934660,384.4510030137,0.394237
1906,2416.5340546277,384.6033399439,0.487526
1907,2417.2780874218,384.7217564409,0.782667
1908,2418.2294432674,384.8731694264,0.881349
1909,2419.5079171631,385.0766448665,0.670023
1910,2421.1429439933,385.3368674686,0.120715
1911,2422.1520849251,385.4974772362,0.164392
1912,2422.9962301235,385.6318271172,0.364378
1913,2423.5041468887,385.7126645810,0.882991
1914,2425.1247602126,385.9705932024,0.346916
1915,2426.1934375417,386.1406784819,0.333892
1916,2426.9070642938,386.2542557070,0.657386
1917,2427.6408969486,386.3710488014,0.961691
1918,2429.1855959903,386.6168952895,0.497155
1919,2430.2658126359,386.7888171083,0.472904
1920,2431.6111350963,387.0029318279,0.197175
1921,2432.7275692993,387.1806178499,0.138404
1922,2433.7058968047,387.3363235084,0.210539
1923,2433.9168732377,387.3699014505,1.010437
1924,2435.3488943647,387.5978146915,0.652148
1925,2436.1916003751,387.7319355187,0.852769
1926,2437.7940761078,387.9869774527,0.332555
1927,2438.6717907940,388.1266700836,0.499827
1928,2439.9271272187,388.3264630809,0.308743
1929,2440.8261602906,388.4695486383,0.455662
1930,2441.9298365500,388.6452041705,0.408327
1931,2443.0335600582,388.8208672227,0.360867
1932,2443.7754363962,388.9389405090,0.656764
1933,2445.1543810152,389.1584063614,0.347934
1934,2445.7449521012,389.2523986689,0.787354
1935,2446.3985233061,389.3564177569,1.166947
1936,2448.9883122860,389.7685954746,-0.291704
1937,2449.2310320093,389.8072255183,0.477845
1938,2450.5036505801,390.0097690546,0.269488
1939,2451.1817083101,390.1176852940,0.625626
1940,2452.2833657412,390.2930195197,0.579464
1941,2453.2574858121,390.4480555442,0.654349
1942,2454.3005618418,390.6140662503,0.663679
1943,2455.4822883835,390.8021438708,0.541239
1944,2456.5145518413,390.9664337027,0.560690
1945,2457.9079990902,391.1882077203,0.236942
1946,2458.5467998371,391.2898760168,0.630051
1947,2460.0135794655,391.5233212451,0.236443
1948,2461.2022953745,391.7125112580,0.106924
1949,2461.7316286480,391.7967572650,0.603922
1950,2462.4642949139,391.9133647228,0.907671
1951,2463.5696672950,392.0892902013,0.857173
1952,2464.9278163612,392.3054463386,0.566340
1953,2466.1830970132,392.5052304593,0.373170
1954,2467.6408607838,392.7372407693,-0.012592
1955,2468.1868163011,392.8241322886,0.468383
1956,2469.3362638925,393.0070725546,0.375572
1957,2469.7814850315,393.0779316996,0.952266
1958,2471.5392977420,393.3576962815,0.280850
1959,2472.3364175895,393.4845618455,0.522844
1960,2473.1071247346,393.6072236973,0.789915
1961,2474.2378497344,393.7871841703,0.714546
1962,2475.5393538610,393.9943249855,0.476658
1963,2477.0217550961,394.2302564697,0.066581
1964,2478.0148540248,394.3883130732,0.121855
1965,2478.3975975831,394.4492286024,0.757738
1966,2479.9773519809,394.7006543237,0.254763
1967,2480.4336069851,394.7732695629,0.820653
1968,2481.3567672804,394.9201950872,0.942259
1969,2482.6834115187,395.1313370755,0.679852
1970,2484.5032382747,395.4209714992,-0.052042
1971,2485.0875905374,395.5139740504,0.391796
1972,2485.7856207124,395.6250690031,0.727412
1973,2487.3338364427,395.8714751896,0.253712
1974,2488.1138317542,395.9956152990,0.511199
1975,2489.2611574516,396.1782178551,0.418937
1976,2490.0510905157,396.3039396069,0.666867
1977,2491.1055164218,396.4717567020,0.662919
1978,2491.9074739343,396.5993922043,0.899306
1979,2493.4892954491,396.8511469175,0.392996
1980,2494.8661778283,397.0702845542,0.081712
1981,2495.8468404195,397.2263618531,0.147697
1982,2496.4853367028,397.3279816927,0.539540
1983,2497.6484652466,397.5130993499,0.431611
1984,2497.9699739668,397.5642690519,1.125346
1985,2499.8620428213,397.8654011628,0.322849
1986,2500.5643864123,397.9771826171,0.653696
1987,2501.5777446724,398.1384635933,0.688172
1988,2503.1852272121,398.3943023854,0.156434
1989,2504.0089336586,398.5253993380,0.371477
1990,2504.7721525112,398.6468693911,0.644124
1991,2506.3053519373,398.8908856585,0.182861
1992,2507.1518856477,399.0256156830,0.375983
1993,2507.8710395797,399.1400725861,0.690481
1994,2508.7660461038,399.2825172985,0.837309
1995,2509.6529974414,399.4236799882,0.991767
1996,2511.6601897872,399.7431345718,0.078099
1997,2512.5382209852,399.8828775771,0.240899
1998,2513.5795170215,400.0486049885,0.247963
1999,2514.2598590598,400.1568847869,0.599181
2000,2515.2864829247,400.3202770497,0.620124
2001,2516.5710491429,400.5247221130,0.394983
2002,2517.1469318804,400.6163766974,0.845707
2003,2518.5528520407,400.8401358405,0.504655
2004,2519.6342526403,401.0122460914,0.473065
2005,2520.4023235180,401.1344883682,0.740327
2006,2521.8851756462,401.3704916143,0.325584
2007,2523.2634801559,401.5898555901,0.010462
2008,2523.9670558192,401.7018331347,0.339093
2009,2524.6420457957,401.8092611260,0.694972
2010,2525.6879933248,401.9757288455,0.696800
2011,2526.8688100586,402.1636616656,0.569838
2012,2527.4187911606,402.2511938766,1.044910
2013,2529.3780434633,402.5630185653,0.174752
2014,2530.2736722743,402.7055623177,0.319771
2015,2531.5439612201,402.9077350826,0.107046
2016,2531.9693840816,402.9754432339,0.700879
2017,2533.0673170990,403.1501847008,0.652589
2018,2534.4086140984,403.3636587484,0.371836
2019,2535.5058860740,403.5382950073,0.324009
2020,2536.0918849208,403.6315596204,0.764385
2021,2536.8674852226,403.7550002423,1.023660
2022,2538.5598269363,404.0243447914,0.407285
2023,2539.9984071186,404.2533019385,0.033140
2024,2540.5316619367,404.3381720787,0.523737
2025,2541.9987291537,404.5716630781,0.122198
2026,2542.6876505149,404.6813083182,0.464001
2027,2543.3439550886,404.7857624352,0.836939
2028,2544.2909536566,404.9364819384,0.932088
2029,2545.8780177303,405.1890710308,0.415533
2030,2546.7611412834,405.3296245096,0.571575
2031,2548.1816153941,405.5556999859,0.213997
2032,2548.8959875750,405.6693958497,0.531208
2033,2549.9964844915,405.8445453738,0.479303
2034,2551.4111419929,406.0696951079,0.126998
2035,2551.8804459596,406.1443871540,0.678351
2036,2553.2756779955,406.3664452293,0.344452
2037,2553.7230692012,406.4376497512,0.916702
2038,2555.0508752914,406.6489766539,0.647116
2039,2555.8323507473,406.7733523356,0.899854
2040,2558.0091059429,407.1197936849,-0.181802
2041,2558.7522113685,407.2380625866,0.107490
2042,2559.2342965973,407.3147888338,0.646405
2043,2560.2632895144,407.4785581429,0.662186
2044,2561.4056357476,407.6603681927,0.569469
2045,2562.4261133381,407.8227822455,0.593258
2046,2563.5017189040,407.9939701881,0.564240
2047,2564.3321078543,408.1261306943,0.769768
2048,2565.9752704783,408.3876481482,0.197552
2049,2566.5575578971,408.4803220692,0.640366
2050,2567.9585997253,408.7033048016,0.299634
2051,2569.0430901734,408.8759068172,0.261743
2052,2569.9481115969,409.0199454503,0.395554
2053,2570.9585256619,409.1807578433,0.428435
2054,2571.5407741478,409.2734255680,0.871106
2055,2572.3682081862,409.4051157853,1.079050
2056,2574.2071639500,409.6977946852,0.318568
2057,2575.4045119969,409.8883585455,0.172202
2058,2576.1410111840,410.0055760317,0.467018
2059,2577.5198355326,410.2250227424,0.146731
2060,2578.0701299250,410.3126048151,0.619766
2061,2578.9712983359,410.4560302223,0.756762
2062,2580.3461115652,410.6748385436,0.440075
2063,2581.3981405819,410.8422741618,0.432446
2064,2582.1387339313,410.9601432542,0.723068
2065,2583.0032945351,411.0977423479,0.894906
2066,2584.7584024417,411.3770764469,0.213546
2067,2585.7727394040,411.5385131884,0.241744
2068,2586.9251789572,411.7219296399,0.137554
2069,2587.5910009242,411.8278984972,0.499571
2070,2588.3682104239,411.9515952309,0.754823
2071,2589.5792645544,412.1443404821,0.594277
2072,2590.3716929260,412.2704593745,0.834849
2073,2591.5493784480,412.4578938467,0.706136
2074,2593.2758768066,412.7326745947,0.051278
2075,2594.0236183347,412.8516813551,0.334507
2076,2594.9050115525,412.9919594425,0.489576
2077,2595.6875301389,413.1165011436,0.739389
2078,2597.5461414885,413.4123083272,-0.042579
2079,2597.9793534184,413.4812561472,0.542043
2080,2598.5987683196,413.5798390906,0.948107
2081,2600.1213550619,413.8221662969,0.488051
2082,2600.6419523192,413.9050219238,0.988801
2083,2602.4123005581,414.1867815970,0.290924
2084,2603.6287811185,414.3803904913,0.124130
2085,2604.5735648237,414.5307574882,0.217873
2086,2605.3680759156,414.6572078558,0.455719
2087,2606.2436645475,414.7965621147,0.615744
2088,2607.0036391142,414.9175158236,0.886643
2089,2608.3648996490,415.1341671665,0.580595
2090,2609.5520867407,415.3231138605,0.441468
2091,2610.4445209389,415.4651491746,0.585105
2092,2611.5436703814,415.6400842416,0.530315
2093,2612.9568070367,415.8649919255,0.174101
2094,2613.7319294383,415.9883564872,0.430150
2095,2614.7371361654,416.1483401067,0.465313
2096,2615.8477072682,416.3250929873,0.399271
2097,2616.9021182440,416.4929077062,0.387069
2098,2617.3350469349,416.5618104473,0.971451
2099,2618.2929154780,416.7142599608,1.051842
2100,2620.2793936944,417.0304177883,0.144531
2101,2621.4290552132,417.2133921019,0.040578
2102,2622.0486967984,417.3120111231,0.445539
2103,2622.9945079763,417.4625416473,0.537235
2104,2624.0506038546,417.6306245267,0.522957
2105,2624.9095017772,417.7673223767,0.698018
2106,2626.4605022299,418.0141717655,0.208228
2107,2626.7104713958,418.0539555939,0.968110
2108,2628.0980265239,418.2747918513,0.635170
2109,2629.6041395108,418.5144971781,0.188207
2110,2629.9948007642,418.5766728476,0.812865
2111,2632.0431166371,418.9026724438,-0.155276
2112,2632.4436589491,418.9664207327,0.459830
2113,2633.6763999398,419.1626175549,0.275189
2114,2633.9665434341,419.2087953262,0.996353
2115,2635.2173316172,419.4078644483,0.794253
2116,2636.4325859951,419.6012781897,0.626213
2117,2637.5106833585,419.7728627142,0.589927
2118,2639.0625730454,420.0198536290,0.098100
2119,2640.0542458840,420.1776832632,0.144732
2120,2640.4629428290,420.2427294022,0.751804
2121,2641.8017447841,420.4558063512,0.464588
2122,2642.7557590630,420.6076424395,0.547267
2123,2643.9709009583,420.8010382787,0.378783
2124,2644.8878671435,420.9469779797,0.496966
2125,2645.3955672786,421.0277809658,1.008706
2126,2646.6899401727,421.2337868101,0.763824
2127,2648.5774292838,421.5341900321,-0.051676
2128,2649.3256535518,421.6532736229,0.228578
2129,2650.0585444584,421.7699168335,0.523549
2130,2651.2273313321,421.9559350418,0.399128
2131,2652.1607752415,422.1044972541,0.501058
2132,2652.7706428270,422.2015606950,0.914274
2133,2653.8970697456,422.3808371071,0.830423
2134,2655.6157723260,422.6543771185,0.176537
2135,2656.2389984980,422.7535666444,0.576771
2136,2657.5377607583,422.9602710781,0.326822
2137,2658.3415576298,423.0881993234,0.553185
2138,2659.6583160209,423.2977679302,0.285750
2139,2660.6102458030,423.4492722605,0.369413
2140,2661.5825737582,423.6040230609,0.433385
2141,2662.1835734356,423.6996751303,0.854794
2142,2663.3939456223,423.8923118468,0.689486
2143,2664.2354890832,424.0262476485,0.879223
2144,2666.0301014795,424.3118690822,0.151175
2145,2666.9828490705,424.4635035709,0.233689
2146,2668.2918590372,424.6718389776,-0.026964
2147,2668.6636514013,424.7310115702,0.614960
2148,2669.2537448882,424.8249278655,1.046619
2149,2670.9989985822,425.1026936179,0.365580
2150,2671.9183826689,425.2490181399,0.479950
2151,2672.6037795881,425.3581024475,0.819684
2152,2673.8746187111,425.5603627758,0.595368
2153,2675.2717591296,425.7827245796,0.249264
2154,2676.0664902301,425.9092099627,0.483512
2155,2677.2461938932,426.0969656321,0.346755
2156,2678.5381565216,426.3025878707,0.101731
2157,2679.0252815963,426.3801162342,0.632278
2158,2680.0390215482,426.5414579586,0.655270
2159,2680.8431171329,426.6694337456,0.880267
2160,2681.8410514561,426.8282599260,0.918384
2161,2683.8822755515,427.1531308307,-0.049281
2162,2684.5291569045,427.2560851957,0.327097
2163,2685.3771134266,427.3910416677,0.509592
2164,2686.4961601512,427.5691434855,0.430668
2165,2687.4899398080,427.7273084302,0.472457
2166,2688.3850815956,427.8697746704,0.609304
2167,2689.4232759811,428.0350084388,0.608150
2168,2690.6331868560,428.2275717352,0.441327
2169,2691.3183828400,428.3366240631,0.780493
2170,2692.3687189585,428.5037902482,0.767449
2171,2694.1028206134,428.7797810984,0.094773
2172,2695.2089579690,428.9558283263,0.027724
2173,2695.7500492401,429.0419456768,0.505728
2174,2696.6953725816,429.1923985594,0.593723
2175,2697.8575582168,429.3773661480,0.472427
2176,2698.2909613214,429.4463443945,1.054252
2177,2699.9420275001,429.7091197382,0.461097
2178,2700.7312070111,429.8347215584,0.699541
2179,2702.4335448477,430.1056570399,0.056666
2180,2703.1436575112,430.2186749804,0.371307
2181,2703.9817142448,430.3520558522,0.562425
2182,2704.9557375513,430.5070764761,0.622259
2183,2706.5282473268,430.7573491799,0.104291
2184,2707.0907646464,430.8468765919,0.561249
2185,2708.1170692293,431.0102180394,0.570429
2186,2708.4765249607,431.0674271959,1.223387
2187,2710.3683598236,431.3685220658,0.396761
2188,2711.4582278641,431.5419799518,0.344364
2189,2712.7866873348,431.7534108432,0.061483
2190,2713.5252893033,431.8709629975,0.348178
2191,2714.3679066885,432.0050697195,0.534381
2192,2715.3398716314,432.1597627447,0.595608
2193,2716.0250490495,432.2688121176,0.933796
2194,2717.6657748711,432.5299417424,0.348909
2195,2718.3086524744,432.6322588908,0.727867
2196,2719.7709989781,432.8649985654,0.315101
2197,2720.4934749002,432.9799841796,0.617074
2198,2721.7987756166,433.1877292409,0.355868
2199,2723.0860827445,433.3926105335,0.111950
2200,2723.7689288498,433.5012888666,0.452080
2201,2724.5239244371,433.6214501463,0.722457
2202,2725.8829892035,433.8377520218,0.408981
2203,2726.4797010340,433.9327216593,0.832251
2204,2727.2744594319,434.0592113869,1.064075
2205,2729.3950416686,434.3967125321,0.014238
2206,2730.4928918072,434.5714408084,-0.047089
2207,2730.7977020802,434.6199528701,0.658228
2208,2732.0040499136,434.8119490908,0.491910
2209,2732.8301235575,434.9434227946,0.693199
2210,2734.2007829678,435.1615700151,0.367853
2211,2734.9388560842,435.2790379999,0.654135
2212,2736.0004791070,435.4480005517,0.627487
2213,2736.9220484400,435.5946728664,0.736227
2214,2738.2664441638,435.8086400913,0.435957
2215,2739.5135472962,436.0071227194,0.229693
2216,2740.3111094212,436.1340586740,0.458201
2217,2741.8788524206,436.3835727219,-0.058405
2218,2742.2541078782,436.4432964829,0.578559
2219,2742.9930681599,436.5609056645,0.863637
2220,2743.9534698101,436.7137583344,0.934430
2221,2745.3218318982,436.9315399247,0.610421
2222,2746.7147989524,437.1532375169,0.262493
2223,2747.5140979982,437.2804499111,0.488987
2224,2748.9161910664,437.5035999536,0.132050
2225,2749.6436497887,437.6193786051,0.427974
2226,2750.3140834104,437.7260814300,0.779064
2227,2751.8236714585,437.9663398299,0.317844
2228,2752.7155024939,438.1082791476,0.454526
2229,2753.4877964174,438.2311935430,0.706887
2230,2754.4586630827,438.3857117719,0.766964
2231,2755.4168761915,438.5382161247,0.839238
2232,2757.3018682143,438.8382219228,0.014066
2233,2758.2781033283,438.9935945668,0.068731
2234,2758.8586709687,439.0859947766,0.506514
2235,2759.8986139197,439.2515068378,0.499392
2236,2760.6571515401,439.3722318496,0.764755
2237,2762.0828801426,439.5991436042,0.383860
2238,2762.4445804677,439.6567099989,1.033515
2239,2764.0418462521,439.9109227439,0.486304
2240,2765.4076911465,440.1283037103,0.163146
2241,2766.1570355899,440.2475655826,0.437175
2242,2766.8872697474,440.3637859583,0.729687
2243,2768.6645238881,440.6466447400,0.007664
2244,2769.1446987961,440.7230669501,0.542381
2245,2770.2790936433,440.9036114975,0.443113
2246,2771.0173921427,441.0211153531,0.727637
2247,2771.8962936617,441.1609968744,0.875863
2248,2773.0297134243,441.3413862322,0.777362
2249,2774.6700107318,441.6024476568,0.187468
2250,2775.7257073424,441.7704669908,0.164129
2251,2776.6191603079,441.9126644467,0.298011
2252,2777.5121252026,442.0547842237,0.432321
2253,2778.2896952998,442.1785383482,0.678464
2254,2779.1275391341,442.3118853360,0.866132
2255,2780.7711183791,442.5734690972,0.272482
2256,2781.6560702276,442.7143135583,0.414350
2257,2781.9892396546,442.7673391195,1.091266
2258,2783.9436652869,443.0783956198,0.195876
2259,2784.7052838761,443.1996109830,0.457203
2260,2786.0433357386,443.4125685510,0.159385
2261,2786.7025663514,443.5174883617,0.519938
2262,2787.9320212585,443.7131621875,0.327315
2263,2788.7962780145,443.8507129223,0.488897
2264,2789.1975611211,443.9145791123,1.099597
2265,2790.4930807910,444.1207674716,0.842701
2266,2792.1133785570,444.3786458704,0.270574
2267,2793.3014692409,444.5677363755,0.117710
2268,2794.2380933353,444.7168047300,0.208800
2269,2794.6538246653,444.7829704262,0.805354
2270,2796.0347616037,445.0027533660,0.465154
2271,2797.1745393519,445.1841546286,0.358918
2272,2797.9729012296,445.3112178679,0.584006
2273,2798.7981401770,445.4425587256,0.782968
2274,2800.0674448184,445.6445748335,0.550813
2275,2800.9376031162,445.7830648279,0.706068
2276,2802.2248015363,445.9879288192,0.456385
2277,2803.8649551383,446.2489673724,-0.136102
2278,2804.4189356763,446.3371361134,0.325982
2279,2805.2053003631,446.4622899404,0.562392
2280,2806.0027324166,446.5892051935,0.788019
2281,2807.1323183712,446.7689843818,0.691035
2282,2808.1535011980,446.9315106765,0.699263
2283,2809.2916522452,447.1126530416,0.593822
2284,2810.7246340825,447.3407191844,0.201920
2285,2811.4609922261,447.4579142228,0.486625
2286,2812.8619975880,447.6808911515,0.125612
2287,2813.2014880283,447.7349227332,0.795795
2288,2814.6567579806,447.9665361396,0.381921
2289,2815.8386539927,448.1546407322,0.233555
2290,2816.3379548153,448.2341069262,0.748396
2291,2817.4589073174,448.4125120579,0.659141
2292,2817.9494621610,448.4905862861,1.182436
2293,2820.4888420219,448.8947411433,-0.285471
2294,2820.6608410538,448.9221156395,0.547358
2295,2821.8919300749,449.1180495425,0.350777
2296,2822.9230262170,449.2821535904,0.348516
2297,2823.8669920566,449.4323904199,0.430897
2298,2824.2818841220,449.4984225429,1.027569
2299,2825.8726566898,449.7516018604,0.481045
2300,2826.7121703749,449.8852146132,0.664825
2301,2828.0299739463,450.0949495656,0.383507
2302,2828.8515265905,450.2257037299,0.584651
2303,2830.0875452900,450.4224222157,0.382708
2304,2831.1284254372,450.5880834363,0.370456
2305,2832.4165508579,450.7930949643,0.117676
2306,2833.1380358517,450.9079228675,0.415947
2307,2833.6587172333,450.9907918831,0.909505
2308,2834.9802484625,451.2011201107,0.624046
2309,2835.7758477445,451.3277436692,0.850116
2310,2837.0144720813,451.5248768550,0.645157
2311,2838.8128815293,451.8111026083,-0.104526
2312,2839.4857533950,451.9181934918,0.240786
2313,2840.2857549107,452.0455176875,0.462372
2314,2840.9206729731,452.1465680356,0.844561
2315,2842.3326410811,452.3712897395,0.470555
2316,2843.4698378846,452.5522802320,0.363852
2317,2844.1989869633,452.6683279122,0.654216
2318,2845.0254336105,452.7998609813,0.849852
2319,2846.3907762127,453.0171620054,0.520906
2320,2847.5359355297,453.1994197714,0.406193
2321,2848.7703085554,453.3958763400,0.204557
2322,2849.7970866472,453.5592931488,0.204945
2323,2850.4718881974,453.6666911511,0.547966
2324,2851.6789380363,453.8587990995,0.372731
2325,2852.3037265684,453.9582372828,0.764379
2326,2852.9262147647,454.0573093563,1.158244
2327,2854.8323942319,454.3606872409,0.302009
2328,2855.8537211929,454.5232364752,0.307359
2329,2856.8161335439,454.6764091582,0.370031
2330,2857.7361398078,454.8228327028,0.473956
2331,2858.8578603563,455.0013600728,0.381350
2332,2859.8387489542,455.1574733418,0.425863
2333,2860.5774364976,455.2750391157,0.706270
2334,2862.1202082344,455.5205788637,0.203279
2335,2862.5069662778,455.5821333181,0.826473
2336,2863.3635895522,455.7184691466,0.991863
2337,2864.9114267589,455.9648150891,0.483697
2338,2866.4932097559,456.2165636720,-0.057682
2339,2867.1493560941,456.3209926051,0.302891
2340,2868.2241636631,456.4920535426,0.255419
2341,2868.6576291942,456.5610417245,0.832960
2342,2869.8434565749,456.7497720138,0.677189
2343,2870.9095063754,456.9194391092,0.638093
2344,2872.0235111135,457.0967384699,0.552188
2345,2872.8585551834,457.2296398613,0.738161
2346,2874.5691540728,457.5018901302,0.070497
2347,2875.2821191664,457.6153620491,0.375379
2348,2875.8899143404,457.7120956554,0.782775
2349,2877.5466491538,457.9757731903,0.167348
2350,2878.5270026242,458.1318012911,0.211365
2351,2879.1199075470,458.2261650404,0.633174
2352,2879.8689739369,458.3453826590,0.902669
2353,2880.9789947384,458.5220479565,0.820097
2354,2882.1536463906,458.7089995734,0.674418
2355,2884.0136575528,459.0050295441,-0.139873
2356,2884.3467577901,459.0580440934,0.535195
2357,2885.7730554027,459.2850464087,0.143801
2358,2886.3088746398,459.3703246889,0.621066
2359,2887.2248855071,459.5161123464,0.727385
2360,2888.3943824562,459.7022435668,0.586331
2361,2889.4041680476,459.8629559351,0.601043
2362,2890.6426263616,460.0600626976,0.392553
2363,2891.2800782155,460.1615163111,0.770493
2364,2892.4626240166,460.3497243208,0.616443
2365,2894.1744487368,460.6221696867,-0.054269
2366,2894.7465503562,460.7132224874,0.387334
2367,2895.6411038620,460.8555950997,0.514172
2368,2896.8254051682,461.0440825067,0.358125
2369,2897.4283005670,461.1400362896,0.769583
2370,2898.5413531799,461.3171841149,0.682977
2371,2899.1777798365,461.4184745632,1.061641
2372,2901.2638503620,461.7504829989,0.024881
2373,2902.0651024813,461.8780062344,0.242505
2374,2902.8557855285,462.0038473498,0.470415
2375,2903.9578790430,462.1792509804,0.394180
2376,2904.5981960220,462.2811605927,0.768856
2377,2906.1764175966,462.5323423576,0.227493
2378,2906.9233393430,462.6512186456,0.497967
2379,2907.6057369112,462.7598255918,0.831437
2380,2908.6580455197,462.9273057085,0.803546
2381,2910.0282334350,463.1453778882,0.465061
2382,2911.1429036646,463.3227831651,0.376107
2383,2912.3459047261,463.5142467306,0.200782
2384,2913.5227858667,463.7015531816,0.050901
2385,2914.0446110721,463.7846042424,0.541023
2386,2914.8027022239,463.9052581965,0.800262
2387,2915.6859753275,464.0458354771,0.937141
2388,2917.2741734415,464.2986050575,0.385071
2389,2917.9824167019,464.4113254733,0.692895
2390,2919.3217723265,464.6244905416,0.383848
2391,2920.6155559921,464.8304026072,0.119249
2392,2921.0831989373,464.9048302936,0.662133
2393,2922.3960845574,465.1137825297,0.378736
2394,2923.3909323574,465.2721174747,0.406171
2395,2924.3334349940,465.4221214282,0.484729
2396,2925.2615091193,465.5698290128,0.577346
2397,2926.2954362262,465.7343836227,0.566415
2398,2926.6240146865,465.7866785088,1.245133
2399,2928.7610738470,466.1268020379,0.155382
2400,2930.0043663720,466.3246781889,-0.060502
2401,2930.7111686974,466.4371692728,0.248240
2402,2931.0691011098,466.4941359855,0.898169
2403,2932.8064144158,466.7706379859,0.198915
2404,2933.1748571620,466.8292774702,0.838522
2405,2934.2907178358,467.0068722122,0.746998
2406,2935.5524637057,467.2076853044,0.512688
2407,2936.5503748486,467.3665077955,0.536415
2408,2937.7089589816,467.5509021873,0.402886
2409,2938.5812203506,467.6897268958,0.549439
2410,2939.8475291626,467.8912662027,0.310371
2411,2941.2616015347,468.1163228106,-0.073384
2412,2941.4252177563,468.1423631411,0.766501
2413,2942.7248858651,468.3492117450,0.494590
2414,2943.3536849602,468.4492882292,0.879187
2415,2944.3216487945,468.6033444581,0.931804
2416,2945.9444992859,468.8616291357,0.343345
2417,2946.9223948962,469.0172660559,0.386105
2418,2948.3742618647,469.2483378607,-0.035192
2419,2948.8675772094,469.3268514363,0.481854
2420,2949.7901430258,469.4736823463,0.578631
2421,2950.5211083524,469.5900190913,0.862958
2422,2952.2838296389,469.8705648973,0.136995
2423,2952.8271765835,469.9570412494,0.604945
2424,2953.5890309938,470.0782941447,0.858904
2425,2954.7112752909,470.2569048719,0.759896
2426,2956.2587304242,470.5031900056,0.244371
2427,2957.2362592468,470.6587685497,0.286945
2428,2958.2907762542,470.8266001440,0.254057
2429,2959.2210142347,470.9746521169,0.342850
2430,2960.0336178120,471.1039819930,0.546832
2431,2960.8148392662,471.2283172491,0.781522
2432,2961.8259705753,471.3892437950,0.790937
2433,2962.8196363353,471.5473906125,0.817408
2434,2964.6339214948,471.8361430638,0.039754
2435,2965.3983415843,471.9578042996,0.290715
2436,2966.0652697456,472.0639492132,0.637181
2437,2967.2701904265,472.2557182956,0.456397
2438,2968.4053489954,472.4363843930,0.343908
2439,2969.4011366557,472.5948689214,0.367949
2440,2970.0499301109,472.6981276069,0.732046
2441,2971.1222381249,472.8687907278,0.680993
2442,2972.3088841091,473.0576513019,0.517798
2443,2972.8116863914,473.1376747705,1.024909
2444,2975.0180204128,473.4888237362,-0.138083
2445,2975.6199571662,473.5846249459,0.271759
2446,2976.5262321371,473.7288630873,0.383183
2447,2977.5535749135,473.8923697684,0.375849
2448,2977.9819785126,473.9605523189,0.955773
2449,2979.3190422120,474.1733526159,0.644636
2450,2980.4873810066,474.3592995102,0.498875
2451,2981.3439474818,474.4956262988,0.658814
2452,2982.5237198959,474.6833929103,0.501712
2453,2983.8253332665,474.8905511122,0.225023
2454,2984.6391778044,475.0200784933,0.426718
2455,2985.5476662354,475.1646689178,0.535533
2456,2986.8053933833,475.3648424105,0.301689
2457,2987.8561515024,475.5320757591,0.270820
2458,2988.6346996669,475.6559855480,0.506970
2459,2988.8550463674,475.6910548145,1.290777
2460,2990.4232705737,475.9406454488,0.752043
2461,2992.1636686751,476.2176384096,0.044220
2462,2992.8688663783,476.3298741099,0.352175
2463,2993.9743530928,476.5058177851,0.267255
2464,2994.8655070468,476.6476493419,0.392632
2465,2995.5402669155,476.7550407104,0.730361
2466,2996.7365060162,476.9454280764,0.556204
2467,2997.6472031144,477.0903700213,0.662267
2468,2998.9593010980,477.2991969012,0.374238
2469,2999.4944929946,477.3843753370,0.848838
2470,3001.0233311629,477.6276974887,0.347886
2471,3001.7073324560,477.7365596756,0.676322
2472,3003.4770428527,478.0182178330,-0.061327
2473,3004.2909759173,478.1477593036,0.139430
2474,3004.6623084082,478.2068587051,0.774787
2475,3005.7729292845,478.3836195074,0.684133
2476,3006.9907383646,478.5774398423,0.488142
2477,3007.4686992165,478.6535096745,1.018723
2478,3008.8821208724,478.8784627177,0.630490
2479,3010.5149621292,479.1383374750,0.026616
2480,3011.3443801805,479.2703434577,0.211859
2481,3012.0746947859,479.3865766372,0.494423
2482,3012.7884505487,479.5001743950,0.793226
2483,3014.4590822067,479.7660636815,0.151886
2484,3014.9116665027,479.8380947093,0.707211
2485,3016.3483941700,480.0667570195,0.295522
2486,3016.7000608126,480.1227265040,0.949967
2487,3017.7834401916,480.2951516874,0.885376
2488,3019.4617757804,480.5622670925,0.236024
2489,3020.4876338969,480.7255374826,0.227809
2490,3021.4204006925,480.8739919289,0.311036
2491,3022.4474837931,481.0374572813,0.301510
2492,3023.3385090679,481.1792683582,0.425672
2493,3023.9309960739,481.2735655940,0.843261
2494,3024.7939638712,481.4109111846,0.994935
2495,3026.5108269078,481.6841584235,0.307085
2496,3027.2995228073,481.8096832745,0.531666
2497,3028.4015225286,481.9850719775,0.448161
2498,3029.4993883697,482.1598027529,0.368658
2499,3030.5945296510,482.3340999012,0.291771
2500,3031.2892174681,482.4446629012,0.608629
2501,3032.7560293602,482.6781132644,0.166114
2502,3033.2181239730,482.7516579062,0.711651
2503,3034.3609071923,482.9335375045,0.587691
2504,3035.0741039475,483.0470462935,0.886207
2505,3036.1331132382,483.2155928568,0.844541
2506,3037.9803835905,483.5095950646,0.027382
2507,3039.0336510442,483.6772277863,-0.008797
2508,3039.5216015716,483.7548875247,0.511149
2509,3040.5004275647,483.9106725199,0.548127
2510,3041.2568035495,484.0310534968,0.803929
2511,3042.6530498541,484.2532729979,0.430084
2512,3043.6705416218,484.4152118423,0.428852
2513,3044.0551279819,484.4764206626,1.050398
2514,3046.0500302249,484.7939192155,0.087178
2515,3046.4545042193,484.8582932511,0.689103
2516,3047.7088176409,485.0579234323,0.454577
2517,3048.9226324904,485.2511080656,0.259833
2518,3050.0196767572,485.4257080835,0.179959
2519,3050.8012333157,485.5500966730,0.410596
2520,3051.3423833415,485.6362233746,0.877871
2521,3052.4768485243,485.8167791162,0.761017
2522,3053.3482659370,485.9554695049,0.903082
2523,3054.9865208665,486.2162058750,0.290066
2524,3056.2429233097,486.4161685344,0.052925
2525,3056.7651381130,486.4992816017,0.538692
2526,3058.0137030097,486.6979968767,0.309153
2527,3058.9014946932,486.8392933116,0.434841
2528,3059.4378617581,486.9246587813,0.906598
2529,3061.0627001176,487.1832598379,0.306277
2530,3061.8375844453,487.3065865090,0.543037
2531,3062.7268731646,487.4481212045,0.667074
2532,3063.4350864850,487.5608368552,0.969443
2533,3065.2865555853,487.8555073145,0.145516
2534,3066.3202504041,488.0200249546,0.127121
2535,3067.0713202412,488.1395614318,0.387133
2536,3068.0135013418,488.2895142112,0.458812
2537,3068.9842661855,488.4440162347,0.502279
2538,3069.7829047798,488.5711235147,0.715313
2539,3070.5426215498,488.6920361940,0.966669
2540,3072.0009933779,488.9241432793,0.529469
2541,3073.1852377799,489.1126216297,0.362336
2542,3074.5234942852,489.3256117677,0.043328
2543,3075.0338728774,489.4068410435,0.540266
2544,3075.8334792425,489.5341023490,0.752096
2545,3077.4274733068,489.7877943836,0.180800
2546,3078.2862269180,489.9244692657,0.334221
2547,3078.8973791471,490.0217371639,0.731709
2548,3079.8713946428,490.1767565447,0.771425
2549,3080.8563823420,490.3335222059,0.800273
2550,3082.1631637591,490.5415029280,0.511771
2551,3083.3613579904,490.7322014627,0.330259
2552,3084.8384515043,490.9672881969,-0.126371
2553,3085.3772689936,491.0530436637,0.342248
2554,3085.9655222593,491.1466670787,0.762097
2555,3087.0188153586,491.3143038820,0.723266
2556,3088.0834370420,491.4837436855,0.673204
2557,3089.2223089445,491.6650007783,0.549843
2558,3090.2821949029,491.8336868677,0.504332
2559,3091.1544696985,491.9725137131,0.643844
2560,3092.6876670400,492.2165296488,0.131269
2561,3093.1854457175,492.2957535859,0.640160
2562,3094.8330684301,492.5579808849,0.014523
2563,3095.1320312395,492.6055622938,0.719534
2564,3096.5154855129,492.8257458800,0.354411
2565,3097.3426065310,492.9573862785,0.538202
2566,3098.0383549730,493.0681180822,0.851606
2567,3098.7580898488,493.1826674454,1.141312
2568,3101.0793730866,493.5521111470,-0.149702
2569,3101.6573707901,493.6441023387,0.279794
2570,3102.4360891227,493.7680392106,0.511145
2571,3103.5899160596,493.9516764710,0.372181
2572,3104.3625463416,494.0746443996,0.609464
2573,3105.3914023699,494.2383919222,0.593763
2574,3106.3963526461,494.3983347263,0.601609
2575,3107.4842558570,494.5714798999,0.527500
2576,3108.3035962662,494.7018819761,0.718508
2577,3109.5330997904,494.8975635395,0.504470
2578,3110.5572003803,495.0605542106,0.493192
2579,3111.9207277141,495.2775663258,0.146653
2580,3112.8407378594,495.4239904881,0.238053
2581,3113.7552136695,495.5695338337,0.334874
2582,3114.4734162036,495.6838393171,0.625515
2583,3115.0026724135,495.7680730591,1.102758
2584,3116.7204508159,496.0414659830,0.405977
2585,3117.2697233869,496.1288854277,0.863386
2586,3118.9550136661,496.3971077062,0.198502
2587,3119.9575566043,496.5566673705,0.208030
2588,3120.9862149757,496.7203834350,0.191703
2589,3121.3372197629,496.7762475820,0.844894
2590,3122.6101288753,496.9788373593,0.587147
2591,3124.1502251643,497.2239512966,0.065285
2592,3124.5259226458,497.2837454078,0.694017
2593,3125.3744414721,497.4187913734,0.855477
2594,3126.4501164348,497.5899903608,0.792399
2595,3127.6930123734,497.7878033932,0.563985
2596,3129.4686126097,498.0703989478,-0.191063
2597,3129.7962055054,498.1225369764,0.485118
2598,3130.8776637298,498.2946563986,0.416081
2599,3131.8610902163,498.4511735851,0.443899
2600,3132.6983313662,498.5844246527,0.616191
2601,3133.3988838230,498.6959210391,0.923588
2602,3134.6354459013,498.8927260063,0.700998
2603,3136.0155607520,499.1123781068,0.336385
2604,3137.1751726669,499.2969360751,0.189723
2605,3137.6134952120,499.3666972748,0.756278
2606,3139.0495084985,499.5952458877,0.336175
2607,3140.1384941411,499.7685633357,0.259185
2608,3141.0011748282,499.9058632314,0.405965
2609,3141.7480325429,500.0247293284,0.667267
2610,3142.9794567280,500.2207165745,0.449235
2611,3143.5674991836,500.3143064381,0.867561
2612,3144.4904881455,500.4612046938,0.954532
2613,3146.2835283759,500.7465759096,0.180717
2614,3147.3446066255,500.9154517581,0.130939
2615,3148.3790418705,501.0800872406,0.107466
2616,3148.8612287838,501.1568296714,0.630371
2617,3149.7717386990,501.3017418251,0.729442
2618,3150.8246527224,501.4693182966,0.687557
2619,3152.1510594657,501.6804224863,0.374963
2620,3152.9945599956,501.8146697652,0.540200
2621,3153.5969765295,501.9105473343,0.944002
2622,3155.3121082177,502.1835190206,0.246475
2623,3156.3003579496,502.3408038504,0.268301
2624,3156.9057614544,502.4371568108,0.669046
2625,3158.5782877079,502.7033476315,0.013410
2626,3159.2652046599,502.8126738599,0.333389
2627,3159.8040975791,502.8984413317,0.799889
2628,3161.0619125778,503.0986288063,0.554605
2629,3161.4024352079,503.1528246661,1.217462
2630,3163.3119595578,503.4567349053,0.326776
2631,3164.3505313209,503.6220287352,0.298374
2632,3165.5405978938,503.8114337129,0.119894
2633,3166.1395867136,503.9067657444,0.526710
2634,3167.1210947573,504.0629776012,0.554674
2635,3168.1975157139,504.2342953173,0.488586
2636,3169.1797646079,504.3906250841,0.515715
2637,3170.0141315656,504.5234187098,0.689276
2638,3171.3439580691,504.7350671713,0.372014
2639,3171.8377743461,504.8136604728,0.882840
2640,3173.0116339173,505.0004860260,0.719968
2641,3174.8153859764,505.2875620823,-0.067036
2642,3175.5287227437,505.4010931550,0.226206
2643,3176.4803435165,505.5525483049,0.283322
2644,3176.9156360092,505.6218272568,0.852010
2645,3178.3717050050,505.8535678350,0.409189
2646,3178.9025955360,505.9380616872,0.883103
2647,3180.0112133729,506.1145036960,0.784471
2648,3181.3285017132,506.3241566468,0.478968
2649,3182.8394469203,506.5646310452,-0.018565
2650,3183.2056733459,506.6229177912,0.618442
2651,3184.4514999603,506.8211972551,0.383565
2652,3185.2143445801,506.9426077471,0.627386
2653,3186.5458694295,507.1545265088,0.307428
2654,3187.6461627084,507.3296436229,0.216625
2655,3188.0554823294,507.3947888639,0.810821
2656,3188.8774607150,507.5256107871,0.995876
2657,3190.1686619622,507.7311118481,0.715656
2658,3191.7062563628,507.9758275975,0.191030
2659,3192.6817916179,508.1310888555,0.223661
2660,3193.5572084725,508.2704157751,0.355532
2661,3194.7867073786,508.4660966036,0.136205
2662,3195.3266999292,508.5520390872,0.600655
2663,3195.7938956339,508.6263955930,1.137292
2664,3197.5471656566,508.9054371837,0.398309
2665,3198.4301257678,509.0459646500,0.522485
2666,3199.2489771142,509.1762888894,0.710218
2667,3200.6632702307,509.4013806299,0.307217
2668,3201.4248663612,509.5225924187,0.551661
2669,3202.7782865007,509.7379959240,0.208904
2670,3203.6308911526,509.8736921688,0.362969
2671,3204.5574101878,510.0211522532,0.443658
2672,3205.4975805633,510.1707850158,0.510757
2673,3206.2288933038,510.2871770534,0.785069
2674,3207.2700623574,510.4528842548,0.751862
2675,3208.0861338919,510.5827660735,0.941994
2676,3210.3524205398,510.9434567959,-0.307239
2677,3210.6703882992,510.9940629366,0.377165
2678,3211.6188325229,511.1450125230,0.435767
2679,3212.3192273429,511.2564838208,0.740547
2680,3213.6064987982,511.4613594360,0.462723
2681,3214.6675624881,511.6302329672,0.409385
2682,3215.3252989037,511.7349149690,0.756410
2683,3216.4915246924,511.9205255680,0.598573
2684,3217.4308047783,512.0700166366,0.666001
2685,3218.6599837440,512.2656465449,0.445534
2686,3219.6391713056,512.4214890856,0.473233
2687,3221.1983416830,512.6696387583,-0.075070
2688,3221.6094763011,512.7350728650,0.516641
2689,3222.8138408229,512.9267534319,0.320565
2690,3223.3725663753,513.0156773654,0.765660
2691,3224.2137065196,513.1495489772,0.930243
2692,3225.3667159649,513.3330561299,0.785021
2693,3227.0441023745,513.6000204685,0.118847
2694,3227.5251495155,513.6765814988,0.640990
2695,3229.0163116300,513.9139073203,0.159644
2696,3229.9810669605,514.0674529000,0.201181
2697,3230.3366367322,514.1240435868,0.847919
2698,3231.7413479183,514.3476103157,0.452263
2699,3232.7387131248,514.5063459183,0.461268
2700,3233.9133606030,514.6932968709,0.294060
2701,3234.3065912449,514.7558814713,0.903305
2702,3235.1546171824,514.8908489911,1.060592
2703,3237.0875795317,515.1984895039,0.139606
2704,3237.9982363267,515.3434250342,0.234528
2705,3239.0904345627,515.5172537823,0.148968
2706,3239.7673140752,515.6249825026,0.476172
2707,3240.6057472780,515.7584232913,0.642766
2708,3241.5953129380,515.9159175576,0.659090
2709,3242.5683075824,516.0707744649,0.691839
2710,3243.5016527113,516.2193209557,0.763960
2711,3244.8841570911,516.4393533616,0.389474
2712,3246.0401578162,516.6233365913,0.240106
2713,3246.8416761620,516.7509021980,0.443148
2714,3247.5705035338,516.8668986768,0.718440
2715,3249.3080857474,517.1434434752,-0.009427
2716,3249.9064463184,517.2386755178,0.395524
2717,3250.6133242674,517.3511786375,0.692535
2718,3251.5106377440,517.4939905128,0.800124
2719,3252.7239909073,517.6871016665,0.593337
2720,3253.3690172441,517.7897607964,0.951772
2721,3255.1420765925,518.0719519561,0.188122
2722,3256.3466128180,518.2636598505,-0.010110
2723,3256.9419432047,518.3584096244,0.397649
2724,3257.8313400128,518.4999615227,0.512836
2725,3258.7067142755,518.6392816637,0.641936
2726,3259.5397306860,518.7718603431,0.813142
2727,3261.1921244205,519.0348469739,0.169024
2728,3261.5353126022,519.0894670694,0.827537
2729,3262.7189686945,519.2778517874,0.649708
2730,3263.7849404891,519.4475064677,0.588924
2731,3265.1987716007,519.6725246778,0.181889
2732,3266.1537864199,519.8245200070,0.231410
2733,3266.8039544796,519.9279974676,0.584305
2734,3268.1885178556,520.1483575729,0.206194
2735,3268.9094085887,520.2630908965,0.488626
2736,3269.5167853602,520.3597579120,0.884029
2737,3270.3108034578,520.4861298171,1.093618
2738,3272.0193976108,520.7580610223,0.392682
2739,3273.3630329653,520.9719072307,0.054969
2740,3274.0599530117,521.0828255010,0.361086
2741,3274.8635676380,521.2107247411,0.560944
2742,3276.1241549849,521.4113534486,0.305742
2743,3276.6945546812,521.5021353798,0.737753
2744,3278.0594782890,521.7193697189,0.378535
2745,3278.9861937320,521.8668610625,0.455641
2746,3279.4895096396,521.9469662772,0.954384
2747,3280.9764187137,522.1836152062,0.473484
2748,3281.7066908206,522.2998416218,0.746124
2749,3283.2391243001,522.5437359851,0.219717
2750,3284.4998631324,522.7443888022,-0.036149
2751,3285.2028287517,522.8562692553,0.263569
2752,3285.6822597105,522.9325730623,0.785954
2753,3286.7185403423,523.0975022473,0.753562
2754,3287.7730919927,523.2653393552,0.702914
2755,3288.9369728453,523.4505767460,0.543278
2756,3289.7243065362,523.5758847948,0.758780
2757,3291.3857259284,523.8403079036,0.103244
2758,3292.2226420493,523.9735072412,0.269241
2759,3292.8567160976,524.0744232603,0.637352
2760,3293.9758692456,524.2525420159,0.522007
2761,3295.2666632327,524.4579782594,0.235530
2762,3296.0217547647,524.5781548092,0.482927
2763,3296.8731421627,524.7136573221,0.634312
2764,3297.8368423106,524.8670349643,0.673708
2765,3298.3578786216,524.9499604687,1.154327
2766,3300.4505761923,525.2830236315,0.068146
2767,3301.4137763044,525.4363216905,0.107874
2768,3302.0170976656,525.5323432674,0.506364
2769,3303.3172618417,525.7392708229,0.210044
2770,3303.8137192058,525.8182844664,0.715033
2771,3305.0761772408,526.0192109031,0.456200
2772,3305.4720886985,526.0822221687,1.061409
2773,3307.2217116025,526.3606833024,0.316649
2774,3308.0454022233,526.4917777363,0.495197
2775,3308.8328775130,526.6171083212,0.709831
2776,3310.2357067738,526.8403755324,0.310685
2777,3311.1553061183,526.9867343137,0.393449
2778,3312.3494594505,527.1767897193,0.202305
2779,3313.1998766727,527.3121378239,0.353988
2780,3313.8426622732,527.4144403296,0.712767
2781,3315.0150138280,527.6010258746,0.543219
2782,3315.6197425409,527.6972714385,0.939910
2783,3316.7524534177,527.8775479736,0.809812
2784,3318.3874701702,528.1377689718,0.178457
2785,3319.4126489932,528.3009312490,0.155509
2786,3320.4766996820,528.4702801759,0.093721
2787,3320.8879414612,528.5357313378,0.683339
2788,3321.6635726986,528.6591768833,0.909308
2789,3323.4909231798,528.9500087451,0.085612
2790,3323.8751249141,529.0111563503,0.702158
2791,3324.9256841460,529.1783580450,0.653608
2792,3325.6916270384,529.3002616425,0.889097
2793,3327.3384417515,529.5623603444,0.245266
2794,3327.9882692082,529.6657835963,0.596580
2795,3329.4655839484,529.9009055397,0.121785
2796,3330.2904003601,530.0321791488,0.298330
2797,3331.2994041615,530.1927670914,0.290947
2798,3331.8922882438,530.2871275238,0.698993
2799,3332.7008985760,530.4158218552,0.891624
2800,3333.7813829614,530.5877862860,0.812750
2801,3335.0459964245,530.7890557698,0.549950
2802,3336.5759684293,531.0325583771,0.022070
2803,3337.0442118967,531.1070816396,0.554444
2804,3338.1504073563,531.2831381150,0.449667
2805,3339.2566736946,531.4592058711,0.344761
2806,3340.1171526975,531.5961553578,0.485299
2807,3340.9722636378,531.7322504909,0.631164
2808,3342.2115548593,531.9294898147,0.393226
2809,3343.0517222783,532.0632066125,0.553935
2810,3343.6049085096,532.1512489356,1.001307
2811,3344.8522558682,532.3497704335,0.755164
2812,3346.8484308166,532.6674715438,-0.239236
2813,3347.3978309910,532.7549112973,0.211819
2814,3347.9360016108,532.8405638117,0.674081
2815,3349.3010279268,533.0578144973,0.310088
2816,3349.8562521148,533.1461811714,0.755259
2817,3350.8037040246,533.2969728261,0.808448
2818,3352.1538040966,533.5118479263,0.459187
2819,3352.8453645426,533.6219131897,0.768023
2820,3354.2782312804,533.8499610138,0.335905
2821,3355.4836803060,534.0418141849,0.131011
2822,3355.8805781833,534.1049824440,0.734280
2823,3357.1981541183,534.3146811669,0.417207
2824,3358.4026996234,534.5063905382,0.213049
2825,3359.3592830672,534.6586355218,0.256724
2826,3359.8524043813,534.7371182165,0.763719
2827,3360.5841532983,534.8535796737,1.032122
2828,3361.8875886211,535.0610278483,0.728894
2829,3363.2338783489,535.2752965133,0.382733
2830,3364.3557635539,535.4538500893,0.260891
2831,3365.6009574686,535.6520288559,0.015674
2832,3366.1208838108,535.7347777033,0.495717
2833,3367.0555425396,535.8835332601,0.560970
2834,3367.7694438682,535.9971541855,0.846973
2835,3369.1837285548,536.2222445843,0.432429
2836,3370.0616517465,536.3619703999,0.554297
2837,3370.9975361427,536.5109210277,0.618150
2838,3371.9224456005,536.6581249398,0.692940
2839,3373.1601409252,536.8551102688,0.454780
2840,3374.4274719900,537.0568122723,0.186898
2841,3375.3799557563,537.2084047719,0.233951
2842,3376.2983860442,537.3545774921,0.315033
2843,3376.8209708484,537.4377494469,0.792153
2844,3378.2589569626,537.6666120451,0.353288
2845,3378.7806084949,537.7496354650,0.831293
2846,3379.4601926681,537.8577946454,1.151243
2847,3381.6346474471,538.2038698720,-0.024849
2848,3382.2967149216,538.3092411833,0.312541
2849,3383.3484895758,538.4766363185,0.259862
2850,3383.8712124151,538.5598302422,0.736670
2851,3385.1773108279,538.7677022608,0.429344
2852,3386.1662957504,538.9251040999,0.439376
2853,3387.1495644593,539.0815961753,0.455084
2854,3387.8087777854,539.1865132347,0.795160
2855,3389.0918801566,539.3907253195,0.510615
2856,3389.6488790409,539.4793744453,0.952965
2857,3391.4812337319,539.7710027518,0.118368
2858,3392.1475726308,539.8770538814,0.451175
2859,3393.6517858931,540.1164568575,-0.055044
2860,3394.1376663514,540.1937871342,0.458405
2861,3394.9911063107,540.3296163224,0.603760
2862,3395.6148509384,540.4288883631,0.979114
2863,3396.8900663110,540.6318451932,0.701997
2864,3398.2716771892,540.8517353938,0.318241
2865,3398.8411972199,540.9423773219,0.747811
2866,3400.3224765486,541.1781302492,0.264092
2867,3401.3874506972,541.3476261492,0.197301
2868,3402.0004414149,541.4451866520,0.583241
2869,3403.0088648202,541.6056822217,0.573019
2870,3404.3627615729,541.8211615823,0.216633
2871,3405.1329186951,541.9437358953,0.445022
2872,3405.8099428048,542.0514876289,0.766696
2873,3406.6794828120,542.1898792193,0.895454
2874,3407.7283142895,542.3568059334,0.844522
2875,3409.5787368525,542.6513098311,-0.009733
2876,3410.4245652119,542.7859275955,0.142634
2877,3411.2236334973,542.9131032630,0.341831
2878,3411.8558302760,543.0137205053,0.708240
2879,3413.2190360053,543.2306814356,0.341964
2880,3413.7108194767,543.3089512060,0.849052
2881,3415.0064152978,543.5151516852,0.550429
2882,3415.8066235729,543.6425087877,0.748311
2883,3417.2017255276,543.8645461599,0.349810
2884,3418.1948427089,544.0226056683,0.354217
2885,3418.7442466752,544.1100460253,0.803424
2886,3420.5405829873,544.3959418289,0.002448
2887,3421.3075373182,544.5180064018,0.233467
2888,3421.8824204077,544.6095018871,0.657047
2889,3423.1285941923,544.8078366049,0.407488
2890,3423.6113946713,544.8846766877,0.923357
2891,3424.7289898634,545.0625474869,0.802640
2892,3425.8309177359,545.2379247547,0.697577
2893,3427.4318110057,545.4927148320,0.092029
2894,3428.3450146488,545.6380557058,0.176116
2895,3429.0771614591,545.7545804897,0.441770
2896,3430.1588095293,545.9267301268,0.356826
2897,3430.6116186802,545.9987969414,0.902622
2898,3432.0263665319,546.2239610553,0.483452
2899,3433.3063311603,546.4276737529,0.199407
2900,3433.7697101637,546.5014228118,0.734532
2901,3434.4329301813,546.6069775559,1.069154
2902,3436.1836075697,546.8856065161,0.312681
2903,3437.2191616069,547.0504200599,0.273632
2904,3438.2126161543,547.2085332619,0.276778
2905,3439.1124301542,547.3517431078,0.373846
2906,3440.2292995886,547.5294983991,0.253053
2907,3440.8440257705,547.6273351096,0.636143
2908,3441.4679776701,547.7266401387,1.009957
2909,3442.6833924454,547.9200794081,0.790138
2910,3444.0365707017,548.1354444164,0.431976
2911,3445.2774324687,548.3329337004,0.186470
2912,3446.0153861583,548.4503826778,0.445721
2913,3447.1589254206,548.6323826040,0.297799
2914,3447.7005176050,548.7185796773,0.754111
2915,3449.4970027155,549.0044991628,-0.049426
2916,3449.6850010645,549.0344200294,0.761830
2917,3450.7234875925,549.1997002937,0.719190
2918,3451.9406694275,549.3934207993,0.497078
2919,3452.5698167717,549.4935527091,0.865355
2920,3453.6778939184,549.6699086643,0.752697
2921,3455.4887994348,549.9581232287,-0.065816
2922,3456.2586145593,550.0806431111,0.161090
2923,3457.1841728946,550.2279502952,0.231552
2924,3457.5735988578,550.2899293623,0.840440
2925,3458.6654106248,550.4636966019,0.743864
2926,3460.0460640189,550.6834344143,0.357107
2927,3460.4842304691,550.7531707707,0.916986
2928,3461.9159711985,550.9810393850,0.478794
2929,3462.8967324018,551.1371323785,0.493560
2930,3464.0838321603,551.3260651730,0.300987
2931,3464.9776952524,551.4683279026,0.402960
2932,3465.8271557271,551.6035237361,0.549508
2933,3467.2044039863,551.8227196044,0.165718
2934,3467.9094710782,551.9349345173,0.457269
2935,3468.7755513668,552.0727754763,0.587002
2936,3469.5519131326,552.1963372890,0.806859
2937,3470.2141089614,552.3017290285,1.141415
2938,3472.2490182213,552.6255948959,0.096401
2939,3473.1687633951,552.7719768867,0.172026
2940,3473.8148820200,552.8748098597,0.522632
2941,3475.2191067328,553.0982991639,0.111222
2942,3475.7177928194,553.1776675197,0.609963
2943,3476.5199317708,553.3053318988,0.803661
2944,3477.7001902847,553.4931758754,0.617223
2945,3479.0498301792,553.7079777360,0.260439
2946,3479.4659653127,553.7742076995,0.842085
2947,3480.6829159506,553.9678914091,0.618598
2948,3481.7763966943,554.1419242746,0.519186
2949,3483.0578568014,554.3458749850,0.230706
2950,3484.1593880462,554.5211891276,0.123081
2951,3484.8845853529,554.6366078637,0.393841
2952,3485.6914977282,554.7650319568,0.582403
2953,3486.5343396695,554.8991744180,0.734801
2954,3487.5394778428,555.0591471268,0.723945
2955,3488.4557766223,555.2049806069,0.802393
2956,3489.6651233163,555.3974541112,0.586055
2957,3491.5505613682,555.6975308970,-0.310417
2958,3491.8110999653,555.7389969026,0.427507
2959,3492.4144355804,555.8350207481,0.820600
2960,3493.7206130827,556.0429053542,0.506632
2961,3494.8164084815,556.2173066085,0.404241
2962,3495.9889319676,556.4039195172,0.224600
2963,3496.3503613638,556.4614427922,0.860964
2964,3497.3729605423,556.6241945062,0.832089
2965,3498.5761365390,556.8156859135,0.621469
2966,3499.6865538211,556.9924143129,0.504122
2967,3501.1459195905,557.2246795888,0.035565
2968,3501.8970952329,557.3442329055,0.279620
2969,3502.7758679486,557.4840939270,0.395236
2970,3503.6362157915,557.6210225390,0.529360
2971,3504.5889277749,557.7726513605,0.570487
2972,3504.9926271950,557.8369021187,1.164165
2973,3506.8607789870,558.1342277109,0.283779
2974,3507.5452737973,558.2431684435,0.594761
2975,3508.7725008670,558.4384876979,0.359373
2976,3509.6364080383,558.5759827946,0.489680
2977,3510.8450836446,558.7683494919,0.272852
2978,3511.7310911128,558.9093619601,0.380827
2979,3512.4735868429,559.0275338258,0.633261
2980,3513.8775738738,559.2509853018,0.219618
2981,3514.3667522439,559.3288404574,0.727054
2982,3515.4168088496,559.4959621568,0.669694
2983,3515.9018144989,559.5731532033,1.181298
2984,3518.0264452394,559.9112986879,0.041690
2985,3518.8684092086,560.0453014155,0.193735
2986,3519.8701867402,560.2047392615,0.184787
2987,3520.4916659655,560.3036507522,0.558836
2988,3521.3650409027,560.4426526907,0.679148
2989,3522.3822128938,560.6045406410,0.654580
2990,3523.6358357235,560.8040609111,0.391778
2991,3524.2152207376,560.8962729001,0.808126
2992,3525.3865666370,561.0826983900,0.628108
2993,3526.6702567113,561.2870040108,0.334843
2994,3527.6152070510,561.4373975283,0.382797
2995,3528.3518245828,561.5546338497,0.640620
2996,3529.9557443460,561.8099056083,0.024511
2997,3530.8350467977,561.9498509400,0.138477
2998,3531.2010239635,562.0080980150,0.769688
2999,3532.0385088475,562.1413878740,0.925745
3000,3533.3282433958,562.3466555026,0.626004
3001,3534.0625882802,562.4635301209,0.885927
3002,3535.7725769434,562.7356832693,0.162499
3003,3536.6332507055,562.8726637529,0.295011
3004,3537.7080130562,563.0437174937,0.211693
3005,3538.5005689074,563.1698566751,0.412794
3006,3539.0899365266,563.2636574450,0.818691
3007,3540.4567588072,563.4811939673,0.440828
3008,3541.3575223754,563.6245549417,0.532742
3009,3542.3408839176,563.7810617920,0.541345
3010,3543.3223065353,563.9372600529,0.551860
3011,3543.8167962869,564.0159605411,1.053291
3012,3545.6992121713,564.3155563341,0.155247
3013,3546.8641345953,564.5009594962,-0.019426
3014,3547.3147813965,564.5726821622,0.526139
3015,3548.3512529636,564.7376417355,0.480920
3016,3549.4583567764,564.9138427798,0.364419
3017,3550.0650592255,565.0104024736,0.752543
3018,3550.8532983720,565.1358546301,0.957558
3019,3552.0802097504,565.3311236407,0.720092
3020,3553.8406805970,565.6113112781,-0.055642
3021,3554.1650347895,565.6629338511,0.617177
3022,3555.5341450719,565.8808345202,0.236081
3023,3556.0652345356,565.9653600336,0.700319
3024,3557.4271023529,566.1821080285,0.326414
3025,3558.3493450384,566.3288875107,0.395972
3026,3559.2656646999,566.4747243142,0.471468
3027,3560.0192488236,566.5946609526,0.711125
3028,3560.7761833344,566.7151308216,0.947376
3029,3562.1624350828,566.9357596397,0.548578
3030,3563.2151214857,567.1032998842,0.486307
3031,3564.7607707140,567.3492975992,-0.073505
3032,3565.3964228870,567.4504647846,0.284987
3033,3566.2849107763,567.5918720241,0.388285
3034,3566.9166838955,567.6924218389,0.750649
3035,3567.7332517491,567.8223826492,0.926477
3036,3569.3431320864,568.0786030627,0.301519
3037,3570.0086713650,568.1845269287,0.629712
3038,3570.8229165546,568.3141180755,0.807772
3039,3572.5139656279,568.5832568945,0.100649
3040,3573.0798043013,568.6733129164,0.529403
3041,3574.1000163089,568.8356847004,0.499406
3042,3575.4931557475,569.0574097284,0.092830
3043,3575.9553796438,569.1309749464,0.626129
3044,3577.2052839856,569.3299034008,0.364070
3045,3577.9811841106,569.4533917410,0.580589
3046,3578.4103826189,569.5217008052,1.147186
3047,3579.7501026146,569.7349238648,0.794289
3048,3581.5853382418,570.0270106866,-0.059126
3049,3582.3949166198,570.1558590873,0.123228
3050,3582.9230421855,570.2399128817,0.589824
3051,3583.9455747749,570.4026539978,0.557036
3052,3585.2062787129,570.6033012613,0.283625
3053,3585.6844486616,570.6794043722,0.800616
3054,3586.8407450061,570.8634346511,0.632578
3055,3587.9688136680,571.0429723548,0.492997
3056,3588.8594445205,571.1847206575,0.593238
3057,3589.7450065450,571.3256622311,0.698564
3058,3590.9834712931,571.5227700176,0.447297
3059,3592.4058890800,571.7491548395,0.010093
3060,3593.0285588398,571.8482558097,0.380922
3061,3594.2272747855,572.0390373778,0.169642
3062,3594.4692726981,572.0775525418,0.925100
3063,3595.7790637539,572.2860122628,0.601494
3064,3596.4217725401,572.3883025431,0.951978
3065,3597.8026412946,572.6080746311,0.556423
3066,3598.9485602062,572.7904532903,0.398253
3067,3600.1663237968,572.9842663852,0.167406
3068,3601.1040136854,573.1335043661,0.219598
3069,3601.7912827520,573.2428866353,0.524888
3070,3602.4188942627,573.3427741095,0.890463
3071,3604.2480536335,573.6338938651,0.041346
3072,3604.7549840178,573.7145743416,0.528859
3073,3605.4944749718,573.8322679823,0.781241
3074,3606.3593176241,573.9699119654,0.906864
3075,3607.5748096454,574.1633635289,0.677915
3076,3609.2833330343,574.4352834716,-0.049633
3077,3609.7002661689,574.5016404409,0.528772
3078,3611.1016315516,574.7246746686,0.111680
3079,3611.9109946768,574.8534888108,0.293194
3080,3612.3241926873,574.9192513166,0.875328
3081,3613.5490212410,575.1141888354,0.636617
3082,3614.3278146422,575.2381376548,0.848962
3083,3615.6062681246,575.4416098461,0.555905
3084,3616.8406891335,575.6380740515,0.307314
3085,3617.8028423970,575.7912054994,0.334070
3086,3618.4525585160,575.8946110313,0.676841
3087,3619.8857235070,576.1227063239,0.227040
3088,3620.7055704499,576.2531890175,0.397635
3089,3621.8861323661,576.4410812821,0.203258
3090,3622.1792745022,576.4877363020,0.906677
3091,3623.5584684730,576.7072418400,0.511248
3092,3624.4375035568,576.8471446187,0.621822
3093,3624.8817265977,576.9178449115,1.172335
3094,3627.0603155191,577.2645781073,-0.032194
3095,3627.9491147907,577.4060349048,0.068364
3096,3628.6103750561,577.5112777447,0.399163
3097,3629.4072176115,577.6380991763,0.592726
3098,3630.3634250454,577.7902843160,0.624968
3099,3631.3086842888,577.9407269971,0.668252
3100,3632.4781783360,578.1268577556,0.484529
3101,3633.4401577754,578.2799615386,0.510800
3102,3634.0561930930,578.3780066045,0.887219
3103,3635.6736334279,578.6354302289,0.249889
3104,3636.4396383570,578.7573436998,0.474425
3105,3637.5406577179,578.9325763736,0.359764
3106,3638.5537076794,579.0938082825,0.334115
3107,3639.6798065178,579.2730324791,0.193959
3108,3640.3629764943,579.3817623578,0.502234
3109,3641.0105381463,579.4848249957,0.846544
3110,3641.7071232412,579.5956899568,1.141195
3111,3643.4795736482,579.8777842005,0.346350
3112,3644.4033583418,580.0248091008,0.410838
3113,3645.6321166435,580.2203720584,0.166424
3114,3646.4508943698,580.3506845808,0.337178
3115,3647.2842616804,580.4833191077,0.493126
3116,3648.1584546855,580.6224512457,0.607691
3117,3649.1661641315,580.7828331852,0.586982
3118,3650.3020435712,580.9636140128,0.436397
3119,3651.2531061634,581.1149803255,0.472978
3120,3651.7835233748,581.1993988466,0.935652
3121,3653.0883261964,581.4070646655,0.613803
3122,3654.2114375027,581.5858133815,0.475959
3123,3655.9057264415,581.8554678411,-0.240659
3124,3656.3345297662,581.9237140099,0.324867
3125,3656.8928296333,582.0125701934,0.759172
3126,3658.1293721938,582.2093720543,0.506201
3127,3658.9216895510,582.3354732782,0.703322
3128,3659.9075007476,582.4923700031,0.704332
3129,3660.7356658150,582.6241765673,0.865063
3130,3662.3689492974,582.8841217070,0.209794
3131,3663.4482888550,583.0559039328,0.115861
3132,3664.0020071046,583.1440309293,0.554637
3133,3664.8781377295,583.2834714491,0.666602
3134,3666.2370259730,583.4997452301,0.289185
3135,3667.3073392330,583.6700908761,0.204221
3136,3667.7356389455,583.7382568925,0.770045
3137,3669.0301911574,583.9442912761,0.457682
3138,3669.4237463090,584.0069275239,1.058698
3139,3670.7319972692,584.2151421310,0.732352
3140,3672.3493512949,584.4725520189,0.092525
3141,3673.1591761441,584.6014396467,0.271405
3142,3674.0876089561,584.7492043181,0.329988
3143,3675.2626101297,584.9362115630,0.138501
3144,3675.6624842456,584.9998535051,0.733003
3145,3676.3689381373,585.1122891340,1.016596
3146,3677.8932956628,585.3548981693,0.470688
3147,3678.8477830570,585.5068095562,0.502656
3148,3679.8183116495,585.6612739791,0.518315
3149,3680.5839839084,585.7831345039,0.741716
3150,3682.4187314357,586.0751436422,-0.119316
3151,3682.5717305491,586.0994942074,0.725486
3152,3683.9710242035,586.3221987093,0.306039
3153,3684.8598930883,586.4636665861,0.404324
3154,3685.9744421424,586.6410525774,0.273620
3155,3686.2713371809,586.6883048903,0.972412
3156,3687.5384137598,586.8899663911,0.686887
3157,3688.1770279720,586.9916049997,1.038949
3158,3690.1842581110,587.3110655983,0.002297
3159,3691.0391622530,587.4471278183,0.134810
3160,3691.7569397214,587.5613656505,0.406442
3161,3692.6476539273,587.7031272192,0.502556
3162,3693.3709847350,587.8182488928,0.768504
3163,3694.7911267179,588.0442715092,0.327246
3164,3695.6727901332,588.1845925999,0.432429
3165,3696.1219826336,588.2560838068,0.976522
3166,3697.5859636450,588.4890836213,0.490599
3167,3698.5473627665,588.6420950438,0.514739
3168,3699.4302926307,588.7826176961,0.618495
3169,3700.8383167596,589.0067116962,0.189168
3170,3702.0507569879,589.1996775517,-0.041685
3171,3702.4601559332,589.2648354176,0.542685
3172,3703.3474760756,589.4060568043,0.641835
3173,3704.2098943830,589.5433149410,0.766233
3174,3705.1292281879,589.6896314604,0.832811
3175,3706.2947213560,589.8751254592,0.649405
3176,3707.5790553614,590.0795335648,0.345264
3177,3708.6584528688,590.2513250136,0.249165
3178,3709.5822717234,590.3983553508,0.311013
3179,3710.3714917768,590.5239636235,0.509519
3180,3711.4048181764,590.6884226279,0.460081
3181,3712.1701394666,590.8102272942,0.682798
3182,3713.5835810509,591.0351835091,0.247198
3183,3714.4246768398,591.1690480616,0.392876
3184,3714.7393335898,591.2191272387,1.073263
3185,3715.8464590349,591.3953317259,0.948667
3186,3717.7510959171,591.6984641005,0.013852
3187,3718.4983554745,591.8173941528,0.254710
3188,3719.4834953993,591.9741840415,0.253868
3189,3720.1820489327,592.0853622894,0.544155
3190,3721.2960400003,592.2626594743,0.412325
3191,3722.0588367682,592.3840623505,0.637283
3192,3722.6273205525,592.4745393549,1.059657
3193,3724.3881275011,592.7547804846,0.270445
3194,3724.8823199903,592.8334336621,0.768256
3195,3726.5177182649,593.0937153814,0.106323
3196,3727.1052959733,593.1872312781,0.509184
3197,3727.9384659555,593.3198343992,0.662430
3198,3729.4727917020,593.5640299261,0.103013
3199,3730.1873206764,593.6777507444,0.376764
3200,3731.0751592484,593.8190546418,0.474333
3201,3731.6529373026,593.9110108751,0.887040
3202,3732.8474756134,594.1011275520,0.672786
3203,3733.6716968071,594.2323064292,0.834926
3204,3735.0076446370,594.4449291300,0.476809
3205,3736.4628556170,594.6765331507,-0.002636
3206,3737.4267027850,594.8299341919,0.017415
3207,3737.8477793319,594.8969506057,0.589292
3208,3738.5880554677,595.0147692120,0.836609
3209,3739.8316906601,595.2126999003,0.572079
3210,3740.8751536872,595.3787721990,0.511034
3211,3741.9250793487,595.5458730579,0.443370
3212,3742.4850135468,595.6349893533,0.873957
3213,3743.8596162116,595.8537641622,0.476027
3214,3744.8466719651,596.0108589645,0.472171
3215,3746.1359725128,596.2160575198,0.160864
3216,3746.8409531031,596.3282586655,0.443820
3217,3747.9971270446,596.5122694634,0.267817
3218,3748.7528607230,596.6325482139,0.499092
3219,3749.6727079110,596.7789464408,0.563398
3220,3750.3031584312,596.8792857575,0.922067
3221,3751.1646445104,597.0163955254,1.045684
3222,3753.1864491299,597.3381757245,-0.011204
3223,3753.9469890664,597.4592194149,0.215014
3224,3754.5073218830,597.5483991524,0.644910
3225,3755.9228188424,597.7736824904,0.204668
3226,3756.5249727120,597.8695182553,0.591962
3227,3757.4814398498,598.0217447281,0.618702
3228,3758.6964262963,598.2151158269,0.382328
3229,3759.3592166756,598.3206021920,0.707844
3230,3760.5827291326,598.5153302475,0.462696
3231,3761.0853349518,598.5953224480,0.951185
3232,3762.4750790963,598.8165070983,0.536760
3233,3763.9998426977,599.0591807625,-0.015177
3234,3764.6442801700,599.1617461717,0.328872
3235,3765.7460260641,599.3370944768,0.207401
3236,3766.4559675318,599.4500851707,0.484721
3237,3766.8724214843,599.5163658758,1.060785
3238,3768.3386401560,599.7497218250,0.568167
3239,3769.2933943130,599.9016756685,0.596173
3240,3770.1054978991,600.0309259686,0.769375
3241,3771.7289927617,600.2893132010,0.116421
3242,3772.5123312174,600.4139853884,0.318829
3243,3773.4673277410,600.5659778057,0.346420
3244,3773.9415803050,600.6414574456,0.863506
3245,3775.7527118401,600.9297079820,0.019210
3246,3776.2588073422,601.0102555828,0.503823
3247,3777.1432443337,601.1510181019,0.603122
3248,3777.8333706021,601.2608551088,0.900282
3249,3778.8393737853,601.4209654882,0.875709
3250,3780.2264864506,601.6417313255,0.462923
3251,3781.6686461232,601.8712581661,-0.006015
3252,3782.3905756619,601.9861568208,0.258618
3253,3783.1266494637,602.1033066048,0.508820
3254,3784.2655503452,602.2845683098,0.348640
3255,3784.8651050998,602.3799904127,0.737862
3256,3785.7910186009,602.5273541232,0.794585
3257,3786.9356979061,602.7095354929,0.628390
3258,3788.2636648703,602.9208879995,0.275394
3259,3788.8000503319,603.0062563972,0.728877
3260,3790.0417766726,603.2038832822,0.463652
3261,3791.0209144047,603.3597178923,0.465939
3262,3792.5602476716,603.6047103908,-0.102679
3263,3792.8724795019,603.6544036299,0.579138
3264,3793.7909902765,603.8005891600,0.643094
3265,3795.0216534165,603.9964552820,0.388883
3266,3795.8085881479,604.1216998344,0.586858
3267,3796.1391779333,604.1743148329,1.249921
3268,3797.8540558429,604.4472461290,0.502045
3269,3799.2984970773,604.6771360915,0.029714
3270,3800.1324264034,604.8098600659,0.179643
3271,3800.8776355789,604.9284637898,0.419984
3272,3801.5906171757,605.0419383353,0.693157
3273,3802.6402397325,605.2089909536,0.623112
3274,3803.8292004657,605.3982199314,0.410962
3275,3804.7908403937,605.5512696794,0.430524
3276,3805.4346467548,605.6537346442,0.774110
3277,3806.2978967553,605.7911251489,0.893929
3278,3808.0930498963,606.0768326449,0.063466
3279,3808.4595078366,606.1351562375,0.689784
3280,3809.8742483129,606.3603191775,0.247100
3281,3811.1847123344,606.5688860043,-0.089323
3282,3811.4282217648,606.6076417338,0.662336
3283,3812.5447543990,606.7853434217,0.523619
3284,3812.9783089018,606.8543457639,1.081436
3285,3814.3270174618,607.0689993980,0.705835
3286,3815.5318198581,607.2607496548,0.476946
3287,3816.6025981278,607.4311693094,0.384710
3288,3817.7687079143,607.6167614461,0.195177
3289,3818.5055339656,607.7340309544,0.443522
3290,3819.4144985478,607.8786971607,0.516232
3291,3820.4383133693,608.0416423504,0.471736
3292,3821.4380596668,608.2007569155,0.451752
3293,3822.3719133856,608.3493843509,0.498957
3294,3823.1481104076,608.4729199438,0.706988
3295,3824.4185531245,608.6751171821,0.410678
3296,3824.5410371594,608.6946111217,1.285696
3297,3826.9476272378,609.0776318287,-0.170091
3298,3827.5763356857,609.1776938859,0.188308
3299,3828.3395205196,609.2991585248,0.409451
3300,3829.1448104869,609.4273244037,0.587599
3301,3830.1618239230,609.5891871192,0.549629
3302,3831.0346791198,609.7281063384,0.658754
3303,3831.9324871296,609.8709969211,0.742378
3304,3832.9415488495,610.0315940817,0.712408
3305,3834.3530945612,610.2562485591,0.271543
3306,3835.2203987240,610.3942843038,0.386183
3307,3836.0228819812,610.5220034809,0.566965
3308,3837.2388472242,610.7155303600,0.325592
3309,3838.0840586675,610.8500499391,0.462684
3310,3839.4262684660,611.0636692632,0.092310
3311,3839.9740027663,611.1508438846,0.533061
3312,3840.5046787482,611.2353035903,0.991217
3313,3841.6823448122,611.4227349657,0.788726
3314,3842.6785326364,611.5812831822,0.771494
3315,3844.4035532130,611.8558287339,0.009935
3316,3844.8970109642,611.9343649742,0.506002
3317,3846.4874754761,612.1874952631,-0.118293
3318,3846.7473011827,612.2288478086,0.616345
3319,3847.6817496709,612.3775699046,0.661962
3320,3848.4153010059,612.4943182256,0.912736
3321,3850.1702018148,612.7736193640,0.120246
3322,3850.6039204384,612.8426478268,0.677218
3323,3851.4101024606,612.9709556807,0.853711
3324,3852.7031024752,613.1767430244,0.532868
3325,3853.8602938456,613.3609157511,0.350699
3326,3854.9025863330,613.5268017526,0.285862
3327,3855.9552544738,613.6943390907,0.210380
3328,3856.7038673959,613.8134845377,0.445514
3329,3857.6105830149,613.9577928104,0.519083
3330,3858.4485862360,614.0911651654,0.662827
3331,3859.2857381770,614.2244020349,0.807413
3332,3860.0930085052,614.3528830981,0.982505
3333,3861.8527193254,614.6329497735,0.184254
3334,3862.9837836670,614.8129642544,0.028350
3335,3863.6582860192,614.9203146379,0.339009
3336,3864.1501909968,614.9986037466,0.836272
3337,3865.5650772054,615.2237898806,0.390171
3338,3866.8224041133,615.4238996731,0.105036
3339,3866.9723281250,615.4477608207,0.951791
3340,3868.4128590739,615.6770284419,0.479312
3341,3869.1446669210,615.7934992781,0.731241
3342,3870.1140345395,615.9477789263,0.740297
3343,3871.2917501894,616.1352181935,0.536316
3344,3872.6665465728,616.3540238337,0.130786
3345,3873.8102083807,616.5360432636,-0.038501
3346,3874.2296148438,616.6027938754,0.532682
3347,3875.1051975847,616.7421471967,0.637429
3348,3876.1737406898,616.9122111138,0.544838
3349,3876.6579649378,616.9892777964,1.049701
3350,3878.2561749411,617.2436408185,0.415404
3351,3879.1103387100,617.3795852046,0.541910
3352,3880.0822135974,617.5342638970,0.548005
3353,3881.5403505114,617.7663335945,0.056744
3354,3882.1168452598,617.8580855834,0.467128
3355,3882.8999925505,617.9827273459,0.666136
3356,3884.2097992080,618.1911895499,0.326426
3357,3885.1099630861,618.3344550807,0.405671
3358,3886.2252097662,618.5119521026,0.264867
3359,3886.4512897905,618.5479338560,1.033600
3360,3887.3520137600,618.6912885281,1.112189
3361,3889.1553463445,618.9782978230,0.267340
3362,3890.3091819690,619.1619364662,0.086870
3363,3891.0868830024,619.2857114299,0.291187
3364,3891.9299369860,619.4198876386,0.428612
3365,3893.0011310770,619.5903734732,0.332572
3366,3893.4070620833,619.6549793995,0.917213
3367,3894.7837302889,619.8740829494,0.508522
3368,3895.5679312739,619.9988924125,0.706045
3369,3896.6426322751,620.1699363892,0.606257
3370,3897.8707502911,620.3653974421,0.349413
3371,3898.6519617946,620.4897311145,0.549897
3372,3899.6237434556,620.6443949695,0.555310
3373,3901.0077646104,620.8646687776,0.138743
3374,3902.0774270423,621.0349108411,0.043874
3375,3902.4111605109,621.0880261723,0.702266
3376,3903.3515430731,621.2376927055,0.739672
3377,3904.3791913041,621.4012480012,0.687710
3378,3905.3448516662,621.5549376212,0.699163
3379,3906.1193191119,621.6781979434,0.906312
3380,3908.1881654382,622.0074650627,-0.211760
3381,3908.6063626661,622.0740232187,0.360071
3382,3909.4658474041,622.2108144633,0.480070
3383,3910.6327168565,622.3965275046,0.285298
3384,3910.9114382362,622.4408873899,0.999904
3385,3912.6429485985,622.7164658231,0.226868
3386,3913.2591378618,622.8145353902,0.595872
3387,3914.2199232692,622.9674491371,0.611968
3388,3914.9490012449,623.0834855008,0.865322
3389,3916.1765385600,623.2788541323,0.608157
3390,3917.6581659536,623.5146624558,0.090687
3391,3918.4430529876,623.6395811071,0.286776
3392,3919.2227409607,623.7636723021,0.488166
3393,3920.5404310955,623.9733892005,0.138441
3394,3921.1525702401,624.0708141712,0.511395
3395,3921.6525603483,624.1503900684,0.999219
3396,3922.6652032242,624.3115571877,0.961863
3397,3924.1933105254,624.5547630183,0.396385
3398,3925.2471192573,624.7224818870,0.316750
3399,3926.1760835836,624.8703311515,0.364981
3400,3927.0805173701,625.0142762593,0.438312
3401,3928.1422182953,625.1832512097,0.350466
3402,3928.8865592068,625.3017167451,0.587769
3403,3930.0992812804,625.4947274577,0.345091
3404,3930.8910863823,625.6207471536,0.533695
3405,3931.7452173606,625.7566863209,0.658402
3406,3932.6245680870,625.8966393357,0.757235
3407,3933.5168818420,626.0386554806,0.842750
3408,3934.9383478086,626.2648888156,0.385900
3409,3936.4432861196,626.5044071868,-0.156590
3410,3936.9742343137,626.5889102164,0.299192
3411,3937.9053808536,626.7371067910,0.344745
3412,3938.2146165369,626.7863231786,1.027764
3413,3939.7751868119,627.0346956519,0.428045
3414,3940.4346375967,627.1396505040,0.752022
3415,3941.6300296480,627.3299030579,0.526544
3416,3942.3527221878,627.4449231480,0.785635
3417,3944.0303628069,627.7119279452,0.065625
3418,3944.6509156524,627.8106919980,0.429371
3419,3945.3330636689,627.9192592268,0.729946
3420,3946.8789835706,628.1653000208,0.144802
3421,3947.7038640746,628.2965838304,0.298952
3422,3948.4341922005,628.4128191618,0.550036
3423,3949.3137058221,628.5527981022,0.648108
3424,3950.1323755111,628.6830934299,0.808547
3425,3950.8594664397,628.7988135453,1.062879
3426,3952.9428701569,629.1303975453,-0.073873
3427,3953.3565265913,629.1962330116,0.501858
3428,3954.7786211646,629.4225663925,0.043224
3429,3955.1765463727,629.4858981564,0.635060
3430,3956.4202171916,629.6838345148,0.359349
3431,3957.0199017765,629.7792772807,0.744192
3432,3957.9547179471,629.9280578952,0.785228
3433,3959.4707555055,630.1693427665,0.229955
3434,3960.0710287570,630.2648792217,0.614121
3435,3960.7705346145,630.3762090366,0.896463
3436,3962.1684619267,630.5986960784,0.462202
3437,3963.4703488613,630.8058978194,0.126407
3438,3964.3126495232,630.9399541333,0.262132
3439,3965.1327070989,631.0704703501,0.420653
3440,3966.1387149930,631.2305814793,0.388329
3441,3966.7538941064,631.3284902761,0.757038
3442,3967.8187614212,631.4979691729,0.664245
3443,3968.4846536079,631.6039492060,0.980867
3444,3969.9146002197,631.8315322776,0.513310
3445,3971.3180702122,632.0549014644,0.072847
3446,3972.1157602646,632.1818577793,0.254096
3447,3973.0106815036,632.3242889182,0.335516
3448,3973.4570147838,632.3953250660,0.877372
3449,3974.8934133683,632.6239350010,0.402907
3450,3976.0661831957,632.8105871161,0.198997
3451,3976.7314189012,632.9164626670,0.516072
3452,3977.1139086950,632.9773378083,1.123404
3453,3978.6861199793,633.2275630058,0.509293
3454,3979.4973411763,633.3566728693,0.676415
3455,3980.8440997822,633.5710161585,0.293642
3456,3982.0485020868,633.7627027388,0.056972
3457,3982.7640681165,633.8765886095,0.322207
3458,3983.7497953691,634.0334719743,0.309999
3459,3984.2274351812,634.1094907114,0.819514
3460,3985.0987252424,634.2481608315,0.924768
3461,3986.5161790382,634.4737556097,0.469092
3462,3987.2307091548,634.5874766098,0.735263
3463,3988.7194492647,634.8244169573,0.206249
3464,3989.3521758090,634.9251185144,0.556378
3465,3990.4814096073,635.1048416553,0.396508
3466,3991.5708909852,635.2782380020,0.277421
3467,3992.3311050998,635.3992298362,0.496521
3468,3993.2931637318,635.5523462230,0.508250
3469,3994.3958739985,635.7278480127,0.375451
3470,3995.1684597231,635.8508088498,0.581755
3471,3995.7978134131,635.9509736005,0.935187
3472,3996.6890402330,636.0928167543,1.019556
3473,3998.8092922997,636.4302653513,-0.158880
3474,3999.5192482853,636.5432583558,0.111641
3475,4000.0172851788,636.6225233892,0.599897
3476,4001.1442586346,636.8018867855,0.441870
3477,4002.1123494277,636.9559632205,0.447063
3478,4002.6957194148,637.0488094376,0.847576
3479,4004.0224513947,637.2599653904,0.484140
3480,4004.8067310287,637.3847873709,0.678130
3481,4005.8767374373,637.5550841800,0.578437
3482,4006.9319208177,637.7230218308,0.493934
3483,4008.1420308914,637.9156168308,0.250145
3484,4008.6895962525,638.0027645646,0.687321
3485,4010.3610190238,638.2687797607,-0.030752
3486,4010.9833112803,638.3678206494,0.329559
3487,4011.6638815418,638.4761367706,0.629945
3488,4012.5689160009,638.6201774784,0.699558
3489,4013.2336888055,638.7259793563,1.016142
3490,4014.6572948183,638.9525532903,0.552553
3491,4015.6576510516,639.1117649297,0.524053
3492,4016.9689380100,639.3204627309,0.175815
3493,4018.0292684586,639.4892195631,0.085555
3494,4018.7769516000,639.6082170309,0.316740
3495,4019.1060650408,639.6605970619,0.978318
3496,4020.5707731037,639.8937125903,0.472131
3497,4021.6280142174,640.0619777395,0.384897
3498,4022.3801064376,640.1816769340,0.611442
3499,4023.4285049742,640.3485347435,0.533226
3500,4023.9051514001,640.4243953783,1.043009
3501,4025.5831990267,640.6914649528,0.317115
3502,4026.6027591016,640.8537329785,0.268429
3503,4027.8662975719,641.0548313718,-0.031261
3504,4028.2471729197,641.1154495661,0.576954
3505,4029.1955570805,641.2663895933,0.601379
3506,4030.3832801991,641.4554215986,0.379553
3507,4030.9161077860,641.5402237429,0.831409
3508,4031.6543117159,641.6577125473,1.071965
3509,4033.3744768774,641.9314853357,0.302224
3510,4034.5208201622,642.1139315360,0.122778
3511,4035.1055990299,642.2070019834,0.521093
3512,4036.0793896019,642.3619855665,0.519119
3513,4037.1260145710,642.5285611039,0.442162
3514,4038.2906988593,642.7139263655,0.243672
3515,4038.9483104343,642.8185884983,0.566950
3516,4039.8578192223,642.9633413177,0.630982
3517,4040.9405632218,643.1356653773,0.516696
3518,4041.4646776448,643.2190807785,0.977297
3519,4042.7024803963,643.4160832049,0.703354
3520,4044.3222870034,643.6738834333,0.036162
3521,4045.0551473873,643.7905217860,0.281828
3522,4046.2147848291,643.9750838171,0.088170
3523,4046.7382108173,644.0583896504,0.549371
3524,4047.4680443260,644.1745462610,0.798084
3525,4048.3807098276,644.3198014869,0.858561
3526,4049.9737046866,644.5733344931,0.218610
3527,4050.4313906242,644.6461774724,0.747415
3528,4051.3843795512,644.7978503709,0.766271
3529,4052.9976259815,645.0546065147,0.105280
3530,4053.5662720779,645.1451093518,0.519781
3531,4054.6907128703,645.3240696621,0.361977
3532,4055.4778525034,645.4493468256,0.551452
3533,4056.9963619032,645.6910251027,-0.012239
3534,4057.4289042335,645.7598663527,0.542333
3535,4057.9934935392,645.8497235315,0.960912
3536,4059.0854282882,646.0235103443,0.836389
3537,4060.0489960068,646.1768669098,0.844026
3538,4061.7439330496,646.4466245184,0.098348
3539,4062.8502886929,646.6227064878,-0.041188
3540,4063.1577254554,646.6716365683,0.642146
3541,4064.3583801964,646.8627267052,0.405413
3542,4065.1784751929,646.9932488777,0.560643
3543,4066.1095926505,647.1414408237,0.601478
3544,4067.0741068688,647.2949480292,0.607874
3545,4068.0832238260,647.4555539811,0.568284
3546,4068.9692976261,647.5965770063,0.655420
3547,4070.2819125698,647.8054861630,0.303061
3548,4070.6036776496,647.8566966660,0.971543
3549,4072.7051287062,648.1911529893,-0.193703
3550,4073.1264501724,648.2582083833,0.372164
3551,4074.0876811330,648.4111930421,0.381680
3552,4074.8170645107,648.5272780121,0.630074
3553,4075.7413466701,648.6743820866,0.677602
3554,4076.7197818638,648.8301048841,0.669289
3555,4077.4133454845,648.9404889627,0.954524
3556,4078.9227713602,649.1807215521,0.398891
3557,4080.1083044812,649.3694050085,0.177004
3558,4081.0660834209,649.5218402611,0.189816
3559,4081.6985684318,649.6225033770,0.537890
3560,4082.5883481411,649.7641162160,0.620734
3561,4083.6300428601,649.9299070797,0.546950
3562,4084.9428832029,650.1388521098,0.193608
3563,4085.5153705858,650.2299663067,0.603438
3564,4086.3792210746,650.3674523820,0.712881
3565,4086.9674789753,650.4610765347,1.106421
3566,4088.7818814832,650.7498476626,0.235789
3567,4089.7302856377,650.9007908719,0.257943
3568,4090.5912659103,651.0378201382,0.370204
3569,4091.9108461592,651.2478378576,0.009556
3570,4092.2972064646,651.3093290100,0.611158
3571,4093.2483622291,651.4607101516,0.630345
3572,4093.9059119453,651.5653624392,0.952271
3573,4095.1379307513,651.7614443222,0.681753
3574,4096.5108472966,651.9799507768,0.265865
3575,4097.0636844604,652.0679375442,0.695704
3576,4098.4751864482,652.2925850627,0.239916
3577,4099.2448452936,652.4150800725,0.446076
3578,4100.1075341305,652.5523812652,0.556256
3579,4101.5784479216,652.7864844659,0.039017
3580,4102.0373625351,652.8595229951,0.565632
3581,4102.8259418258,652.9850292872,0.752168
3582,4104.1413312022,653.1943800086,0.395217
3583,4104.6130985798,653.2694641187,0.908527
3584,4105.5128525692,653.4126644137,0.980288
3585,4107.3272193559,653.7014298564,0.108386
3586,4108.6242334303,653.9078560576,-0.229835
3587,4108.8524431608,653.9441767642,0.534698
3588,4109.7109312858,654.0808093929,0.648891
3589,4110.6343198867,654.2277712532,0.696087
3590,4111.8598454451,654.4228197037,0.431470
3591,4112.6672060187,654.5513151298,0.598325
3592,4113.4859892270,654.6816285247,0.753366
3593,4114.6875678372,654.8728657001,0.513328
3594,4115.6157737985,655.0205942670,0.555374
3595,4116.8139808913,655.2112948487,0.318717
3596,4117.6007107398,655.3365067929,0.506710
3597,4118.9743526695,655.5551286961,0.088878
3598,4119.5963328836,655.6541199217,0.446865
3599,4120.6342105844,655.8193032881,0.375525
3600,4121.3486568028,655.9330109353,0.638021
3601,4121.7946587850,656.0039943554,1.177614
3602,4123.2400866695,656.2340413481,0.685451
3603,4124.6488293802,656.4582497141,0.231081
3604,4125.5921284526,656.6083804242,0.257187
3605,4126.3780638805,656.7334659326,0.445735
3606,4127.5933708084,656.9268880375,0.190923
3607,4128.2981666997,657.0390597875,0.463191
3608,4128.7776752026,657.1153759360,0.968067
3609,4130.4667637803,657.3842027324,0.223902
3610,4131.1369798993,657.4908709407,0.531801
3611,4131.9280024328,657.6167660870,0.714927
3612,4132.7244513074,657.7435248623,0.892425
3613,4134.0506488283,657.9545957533,0.522791
3614,4135.4417600213,658.1759979760,0.086045
3615,4136.3966888734,658.3279796232,0.099746
3616,4136.9748534835,658.4199973788,0.502572
3617,4137.9629413796,658.5772564516,0.481967
3618,4138.8383395555,658.7165803985,0.577728
3619,4139.4640991552,658.8161731320,0.931334
3620,4140.8928301156,659.0435627267,0.455436
3621,4141.3737753201,659.1201075333,0.958595
3622,4143.3470625005,659.4341659422,-0.080003
3623,4143.8976248561,659.5217906626,0.351185
3624,4144.6032987984,659.6341021587,0.622104
3625,4145.5647925680,659.7871286449,0.628686
3626,4147.0719222795,660.0269957884,0.071445
3627,4147.5950695475,660.1102572621,0.530883
3628,4148.6525207788,660.2785558526,0.438199
3629,4149.0694510508,660.3449123663,1.007365
3630,4150.4450979525,660.5638533707,0.585797
3631,4151.1468515095,660.6755409181,0.860590
3632,4152.7687252656,660.9336701435,0.184438
3633,4153.8391467451,661.1040330131,0.078139
3634,4154.6308990060,661.2300442991,0.259821
3635,4155.3347872616,661.3420715944,0.532295
3636,4156.2963049628,661.4951018894,0.538457
3637,4156.9139079917,661.5933964643,0.900075
3638,4158.1293344138,661.7868375874,0.643714
3639,4159.4804616990,662.0018761736,0.247016
3640,4159.9216658408,662.0720959936,0.790915
3641,4161.0962811821,662.2590418314,0.576606
3642,4162.3779145934,662.4630201241,0.251601
3643,4163.2788530508,662.6064089330,0.320137
3644,4164.1353514406,662.7427248855,0.434590
3645,4165.1391629556,662.9024864500,0.396698
3646,4166.0784280624,663.0519751346,0.425509
3647,4166.9841734084,663.1961289836,0.488947
3648,4167.5098753458,663.2797970456,0.945344
3649,4168.3034536255,663.4060989515,1.124724
3650,4170.4828061106,663.7529536723,-0.129016
3651,4170.8751143816,663.8153914728,0.465265
3652,4172.1307580515,664.0152333696,0.166662
3653,4172.8769668517,664.1339961888,0.394894
3654,4173.4168640228,664.2199234923,0.836491
3655,4174.8731818746,664.4517036771,0.330201
3656,4175.5120522522,664.5533830557,0.669383
3657,4176.6430719202,664.7333904266,0.499470
3658,4177.3221886240,664.8414752070,0.796976
3659,4178.5303041832,665.0337527700,0.547231
3660,4179.5746994302,665.1999734361,0.466803
3661,4180.5031817652,665.3477459893,0.506252
3662,4181.9224931845,665.5736364175,0.037856
3663,4182.8507928791,665.7213799026,0.077411
3664,4183.3775043718,665.8052086402,0.532446
3665,4183.8463444593,665.8798268577,1.047349
3666,4185.3127276753,666.1132089949,0.530065
3667,4185.9579366874,666.2158971985,0.862434
3668,4187.2007188462,666.4136921223,0.576419
3669,4188.4199772402,666.6077431226,0.314688
3670,4189.6152797934,666.7979814325,0.077693
3671,4190.2332692909,666.8963375158,0.438127
3672,4190.9859122257,667.0161243592,0.659186
3673,4192.1097123457,667.1949827034,0.496079
3674,4193.1758511658,667.3646639666,0.392606
3675,4194.0922458821,667.5105127155,0.444087
3676,4194.8990138883,667.6389138316,0.609011
3677,4195.5413516551,667.7411450624,0.944117
3678,4196.6045483558,667.9103580728,0.843551
3679,4198.4259891125,668.2002493727,-0.042010
3680,4199.3351926312,668.3449536070,0.016733
3681,4199.6330028296,668.3923515722,0.708417
3682,4200.9974634666,668.6095122272,0.295779
3683,4201.8270022367,668.7415374230,0.436916
3684,4202.4166987460,668.8353905374,0.826357
3685,4203.2808136601,668.9729186973,0.931648
3686,4204.7360110733,669.2045205588,0.424866
3687,4205.6273652674,669.3463839848,0.501875
3688,4206.8701918883,669.5441859850,0.214886
3689,4207.3545421044,669.6212727161,0.713309
3690,4208.7347820983,669.8409447337,0.283931
3691,4209.6429027594,669.9854766259,0.343440
3692,4210.5497931940,670.1298127214,0.404193
3693,4211.5279807000,670.2854960982,0.391069
3694,4212.1702281297,670.3877129514,0.725865
3695,4212.9672932335,670.5145698026,0.900287
3696,4214.1176865836,670.6976605908,0.708698
3697,4215.1792932818,670.8666205444,0.609032
3698,4216.8321357639,671.1296785956,-0.103151
3699,4217.4955242518,671.2352601526,0.209614
3700,4218.2307886269,671.3522811124,0.447900
3701,4219.0864103563,671.4884575400,0.561474
3702,4219.6720615312,671.5816668195,0.954722
3703,4221.3067397105,671.8418339321,0.261079
3704,4222.1266714410,671.9723301200,0.411533
3705,4222.5072437051,672.0329000770,1.017206
3706,4223.9011799922,672.2547519275,0.572846
3707,4225.2823658464,672.4745744835,0.141625
3708,4225.7223073329,672.5445933457,0.685731
3709,4227.2106305018,672.7814673350,0.143387
3710,4227.9847050721,672.9046651292,0.341183
3711,4228.9808341069,673.0632039890,0.308822
3712,4229.5334114976,673.1511494122,0.736130
3713,4230.6578479752,673.3301090358,0.570726
3714,4231.0080797545,673.3858501547,1.207725
3715,4232.6603273788,673.6488135313,0.495172
3716,4234.1372607510,673.8838747781,-0.035754
3717,4234.6721864854,673.9690108529,0.409744
3718,4235.5028147846,674.1012094526,0.548697
3719,4236.7087780813,674.2931444725,0.298524
3720,4237.3431050886,674.3941007512,0.640921
3721,4238.5815624292,674.5912073588,0.356976
3722,4239.0833550914,674.6710701414,0.836737
3723,4240.6092232762,674.9139196055,0.254717
3724,4241.1040242901,674.9926696327,0.741689
3725,4241.7837530833,675.1008518301,1.036905
3726,4243.5736524940,675.3857231690,0.180948
3727,4244.5758226330,675.5452235004,0.141739
3728,4245.6210599955,675.7115781933,0.057831
3729,4246.0109615019,675.7736329454,0.653494
3730,4247.0506663695,675.9391071144,0.575268
3731,4247.8828636201,676.0715554205,0.712208
3732,4248.7982299207,676.2172404920,0.762865
3733,4249.8423605508,676.3834190430,0.679939
3734,4251.0245719169,676.5715738257,0.453754
3735,4252.0637703767,676.7369673974,0.375857
3736,4253.4521570431,676.9579359983,-0.064294
3737,4253.6419434954,676.9881414503,0.738838
3738,4254.6067412447,677.1416937812,0.738020
3739,4256.2539779151,677.4038596397,0.029203
3740,4256.9039163799,677.5073005591,0.354940
3741,4257.3984260709,677.5860042208,0.841912
3742,4258.4123094989,677.7473687801,0.790032
3743,4259.2199715040,677.8759121806,0.952074
3744,4260.8287804000,678.1319620689,0.282846
3745,4261.8013161539,678.2867459414,0.273739
3746,4262.8349177588,678.4512487460,0.201232
3747,4263.8510700902,678.6129744125,0.146791
3748,4264.3264840975,678.6886389018,0.653451
3749,4265.1977535302,678.8273057388,0.749306
3750,4266.1755262978,678.9829231080,0.734606
3751,4267.3750181159,679.1738281600,0.489765
3752,4268.2230320640,679.3087937717,0.609657
3753,4269.3119633832,679.4821025738,0.479475
3754,4270.2289458522,679.6280448665,0.527721
3755,4271.2193577240,679.7856738116,0.499719
3756,4272.6265466828,680.0096348902,0.039058
3757,4273.2660703758,680.1114182472,0.375208
3758,4274.0061984853,680.2292132943,0.606908
3759,4275.1067326339,680.4043687441,0.464447
3760,4275.8636480704,680.5248355774,0.678668
3761,4276.7331763404,680.6632252997,0.775957
3762,4277.4200429594,680.7725435173,1.062858
3763,4279.5488671881,681.1113564163,-0.147380
3764,4280.1616255247,681.2088799345,0.216396
3765,4280.9737876928,681.3381395581,0.373111
3766,4281.5871597611,681.4357607548,0.736218
3767,4282.9434791386,681.6516256881,0.327837
3768,4283.4937286327,681.7392006150,0.756447
3769,4284.8449654015,681.9542566261,0.353249
3770,4285.6290536482,682.0790481464,0.538977
3771,4286.1581072869,682.1632496481,0.989545
3772,4287.6805181794,682.4055488671,0.408434
3773,4288.5047662744,682.5367320257,0.552370
3774,4289.8121457606,682.7448079335,0.194473
3775,4290.6838263576,682.8835402093,0.289075
3776,4291.6749193938,683.0412775650,0.259612
3777,4292.7264449752,683.2086330591,0.167336
3778,4292.8172633905,683.2230872588,1.072997
3779,4293.8138149597,683.3816933671,1.037784
3780,4295.3482114484,683.6259001529,0.443790
3781,4296.2476875538,683.7690562213,0.509337
3782,4297.2696684927,683.9317095395,0.447578
3783,4298.6631790896,684.1534936392,-0.000233
3784,4299.0549472829,684.2158454837,0.592720
3785,4300.0891483781,684.3804437002,0.518158
3786,4301.0120506093,684.5273281523,0.559205
3787,4302.1451948824,684.7076736646,0.381754
3788,4303.1833841787,684.8729066230,0.302930
3789,4303.5346369036,684.9288102304,0.937920
3790,4304.6175280010,685.1011577014,0.812587
3791,4305.6138237120,685.2597230886,0.777206
3792,4307.4490775991,685.5518128165,-0.130143
3793,4307.9989917543,685.6393343726,0.298316
3794,4309.1729649768,685.8261780140,0.078135
3795,4309.3586150697,685.8557251440,0.885174
3796,4310.6321760972,686.0584186768,0.561420
3797,4311.6620072439,686.2223213944,0.490958
3798,4312.2264301238,686.3121520857,0.904249
3799,4313.4013702585,686.4991496160,0.682881
3800,4314.7992831603,686.7216343643,0.229662
3801,4315.5737418052,686.8448932859,0.424533
3802,4316.4646563069,686.9866867327,0.498308
3803,4317.3561907403,687.1285788447,0.571409
3804,4318.8675428542,687.3691180044,0.000040
3805,4319.4068283920,687.4549479635,0.439318
3806,4320.1622436024,687.5751760283,0.653858
3807,4321.0748916274,687.7204284728,0.704884
3808,4322.0761651900,687.8797861097,0.663721
3809,4322.6645664863,687.9734330845,1.051862
3810,4324.5467480082,688.2729915775,0.094556
3811,4325.2930857280,688.3917749148,0.318393
3812,4326.3501185836,688.5600069188,0.219085
3813,4327.3946907038,688.7262557351,0.132695
3814,4327.7003625595,688.7749049219,0.814778
3815,4328.6157690544,688.9205963905,0.862681
3816,4330.0278359153,689.1453338114,0.393957
3817,4330.8900657917,689.2825619583,0.497096
3818,4331.8519156221,689.4356451134,0.496581
3819,4332.3039022867,689.5075810252,1.026413
3820,4334.0205810837,689.7807989415,0.240613
3821,4335.0631473709,689.9467285196,0.156015
3822,4335.6066671653,690.0332323815,0.590567
3823,4337.1336626057,690.2762612539,0.001908
3824,4337.4518429809,690.3269012335,0.670868
3825,4338.7191221626,690.5285949795,0.352333
3826,4339.0270615070,690.5776050483,1.031930
3827,4340.0878325409,690.7464320019,0.928198
3828,4341.4130509624,690.9573470643,0.549251
3829,4342.9016181750,691.1942598943,0.000256
3830,4343.5632012071,691.2995541042,0.311790
3831,4344.3346414911,691.4223326387,0.508983
3832,4345.2496571546,691.5679619045,0.556734
3833,4346.2428962104,691.7260408099,0.523044
3834,4347.6280300723,691.9464917109,0.081439
3835,4347.7887353218,691.9720687457,0.914177
3836,4348.9754308520,692.1609372053,0.679037
3837,4350.0139221055,692.3262182217,0.598110
3838,4350.8713843551,692.4626875772,0.705579
3839,4351.9525166328,692.6347551233,0.580192
3840,4353.7001897324,692.9129059360,-0.239110
3841,4354.2207576250,692.9957568894,0.218965
3842,4354.7245965903,693.0759453512,0.694446
3843,4355.8931107822,693.2619201609,0.477933
3844,4356.4827664083,693.3557667685,0.864038
3845,4357.5875916930,693.5316051739,0.713761
3846,4358.7556431324,693.7175063342,0.497609
3847,4359.5001855978,693.8360039479,0.722380
3848,4361.1910768175,694.1051176438,-0.038278
3849,4361.4867345027,694.1521730258,0.653855
3850,4362.7615831858,694.3550714954,0.326323
3851,4363.5255813189,694.4766655748,0.530725
3852,4364.5469088460,694.6392148993,0.467120
3853,4365.6719970086,694.8182782418,0.295415
3854,4366.5273075427,694.9544051412,0.404635
3855,4367.0005118491,695.0297179456,0.911795
3856,4367.7110484295,695.1428033546,1.171760
3857,4369.5379649273,695.4335661459,0.268913
3858,4370.7346275099,695.6240209111,0.022449
3859,4371.3626330220,695.7239710927,0.368287
3860,4372.2279065074,695.8616836450,0.466952
3861,4373.4331782909,696.0535086071,0.211402
3862,4373.8638044114,696.1220448828,0.762799
3863,4374.6950961607,696.2543490739,0.896786
3864,4376.0832239112,696.4752764670,0.450624
3865,4376.9829532968,696.6184728461,0.513241
3866,4377.7684633623,696.7434906559,0.694833
3867,4379.1033158755,696.9559390317,0.304025
3868,4379.7598645293,697.0604319953,0.619931
3869,4381.0910283099,697.2722932911,0.232870
3870,4382.1259494987,697.4370061140,0.154446
3871,4382.8757485233,697.5563403351,0.373106
3872,4383.4664273183,697.6503497851,0.757565
3873,4384.4196011391,697.8020521103,0.764244
3874,4385.5798863289,697.9867172336,0.555045
3875,4386.0836787075,698.0668982810,1.029998
3876,4387.7562600258,698.3330978655,0.286789
3877,4389.0294783915,698.5357368621,-0.040262
3878,4389.7196308689,698.6455780403,0.240381
3879,4390.3511082752,698.7460807910,0.582167
3880,4391.0212130670,698.8527312810,0.883674
3881,4392.5743376748,699.0999187396,0.264691
3882,4393.3586625526,699.2247479208,0.447075
3883,4394.0285111268,699.3313576326,0.748776
3884,4395.0608938442,699.4956664452,0.672513
3885,4395.9510979306,699.6373468259,0.744442
3886,4397.2232226873,699.8398117692,0.418153
3887,4398.4517196331,700.0353331307,0.137294
3888,4399.1774673041,700.1508394599,0.380588
3889,4400.2701800392,700.3247500931,0.241226
3890,4401.1754715476,700.4688317116,0.297254
3891,4401.5335740801,700.5258254998,0.923843
3892,4402.8082345169,700.7286940091,0.594653
3893,4403.2395699242,700.7973431713,1.144852
3894,4405.2186046400,701.1123163288,0.081009
3895,4405.8323039939,701.2099896146,0.440981
3896,4406.7068764165,701.3491821387,0.528866
3897,4407.9731809396,701.5507207630,0.208153
3898,4408.6237078634,701.6542553386,0.529653
3899,4409.6660971341,701.8201567436,0.442408
3900,4410.4911419822,701.9514667095,0.581833
3901,4411.7152015308,702.1462818373,0.305014
3902,4412.2372474907,702.2293680323,0.760450
3903,4413.2165611654,702.3852306445,0.738869
3904,4413.9340445125,702.4994216658,0.990396
3905,4415.8509618265,702.8045085318,-0.009406
3906,4416.5939990295,702.9227665755,0.215393
3907,4417.5801169757,703.0797121212,0.186559
3908,4418.2415564728,703.1849834867,0.496448
3909,4418.9715247909,703.3011615528,0.734819
3910,4419.9224575734,703.4525072057,0.742613
3911,4421.1412179966,703.6464789515,0.470908
3912,4421.9047012078,703.7679910785,0.674230
3913,4422.7907496210,703.9090100633,0.749632
3914,4424.3396665542,704.1555278496,0.133258
3915,4425.2449095746,704.2996017511,0.188551
3916,4425.4956487323,704.3395081274,0.926876
3917,4427.1647206562,704.6051491745,0.184948
3918,4428.0731758427,704.7497343080,0.236797
3919,4428.8818024316,704.8784312267,0.392811
3920,4429.4880095670,704.9749120889,0.760080
3921,4430.2474487954,705.0957805961,0.967394
3922,4431.4243404831,705.2830887256,0.738940
3923,4432.5756274546,705.4663217381,0.537165
3924,4434.0292531959,705.6976734602,0.019723
3925,4434.7791048361,705.8170160553,0.236923
3926,4435.5290832926,705.9363788339,0.453970
3927,4436.4237379836,706.0787675503,0.519953
3928,4437.3941736776,706.2332171880,0.506789
3929,4437.9768696285,706.3259561289,0.898420
3930,4439.5575607144,706.5775309287,0.248025
3931,4440.1075855090,706.6650700936,0.673725
3932,4441.0649962650,706.8174467480,0.674033
3933,4441.9849485784,706.9638617060,0.713423
3934,4443.3659418711,707.1836536150,0.271338
3935,4444.5644241103,707.3743979875,0.019783
3936,4445.2383385406,707.4816548003,0.316003
3937,4445.7727582490,707.5667103386,0.757888
3938,4447.2630960168,707.8039049612,0.201417
3939,4447.7329624617,707.8786865285,0.710684
3940,4448.3019010683,707.9692359201,1.116469
3941,4449.6352681244,708.1814478780,0.723817
3942,4451.0981208003,708.4142681124,0.195849
3943,4452.1880837051,708.5877410965,0.057320
3944,4452.6807020660,708.6661437437,0.542737
3945,4453.7345512711,708.8338690540,0.441872
3946,4454.4629054402,708.9497902203,0.681000
3947,4455.7626579726,709.1566522606,0.323172
3948,4456.7032501935,709.3063521620,0.340514
3949,4457.2458263399,709.3927058377,0.773659
3950,4458.1887493307,709.5427766927,0.788516
3951,4459.1712790161,709.6991511488,0.761960
3952,4460.5485292875,709.9183473374,0.322938
3953,4461.4041404785,710.0545220878,0.428917
3954,4462.7346221949,710.2662748297,0.038657
3955,4463.6476480672,710.4115874104,0.084572
3956,4464.0385232570,710.4737971290,0.676110
3957,4464.8127161276,710.5970137513,0.867067
3958,4465.8059975692,710.7550994026,0.829042
3959,4467.2285328830,710.9815029295,0.342366
3960,4467.7398170153,711.0628763265,0.808011
3961,4469.1706627374,711.2906024959,0.312552
3962,4469.9780328317,711.4190994374,0.468690
3963,4471.3617572523,711.6393260188,0.022371
3964,4471.5501955904,711.6693169117,0.825403
3965,4472.9592720152,711.8935783899,0.352505
3966,4474.1862775774,712.0888623904,0.069866
3967,4474.3170917790,712.1096821172,0.933118
3968,4475.8011109318,712.3458711010,0.381735
3969,4476.2465191575,712.4167600218,0.916093
3970,4477.0158570633,712.5392039524,1.111789
3971,4479.2694232763,712.8978701548,-0.244320
3972,4479.7306647721,712.9712790188,0.273429
3973,4480.5336297392,713.0990748625,0.433870
3974,4481.4100402211,713.2385599228,0.517492
3975,4482.3668856890,713.3908466088,0.516981
3976,4483.2382774669,713.5295329176,0.605794
3977,4484.1236233693,713.6704400944,0.679988
3978,4485.0522261036,713.8182318097,0.708919
3979,4486.3272191629,714.0211532575,0.375569
3980,4487.0841914278,714.1416291352,0.583922
3981,4488.0706672490,714.2986316384,0.552229
3982,4489.2408955475,714.4848792567,0.328315
3983,4490.2955069949,714.6527258816,0.225281
3984,4491.2184812524,714.7996217970,0.259896
3985,4492.0082778790,714.9253218342,0.433784
3986,4492.6380346692,715.0255507403,0.775055
3987,4493.5336347352,715.1680899178,0.838228
3988,4494.4937559016,715.3208979474,0.833878
3989,4495.8100180299,715.5303875715,0.456928
3990,4496.8934517673,715.7028214063,0.323496
3991,4498.1071120465,715.8959814390,0.053778
3992,4498.7783940725,716.0028192917,0.351467
3993,4499.5852231075,716.1312301208,0.507324
3994,4500.1646023961,716.2234411985,0.901135
3995,4501.6271866440,716.4562187113,0.370819
3996,4502.6738555536,716.6228012420,0.275633
3997,4503.3298543457,716.7272066924,0.589207
3998,4503.7155556818,716.7885929666,1.185608
3999,4505.4588670931,717.0660495951,0.361338
4000,4506.3114967288,717.2017498162,0.469074
4001,4507.7451828832,717.4299280545,-0.031316
4002,4508.2114369027,717.5041346865,0.480721
4003,4509.3714446481,717.6887556532,0.266671
4004,4509.9436689371,717.7798279773,0.667770
4005,4511.0400140285,717.9543167180,0.520283
4006,4511.4627185969,718.0215922395,1.077848
4007,4512.8099911072,718.2360173192,0.667650
4008,4514.0771395895,718.4376902638,0.341259
4009,4515.1913067646,718.6150154771,0.174956
4010,4516.0898452135,718.7580223128,0.234339
4011,4516.3656710408,718.8019213567,0.945590
4012,4518.2753892224,719.1058624452,-0.053672
4013,4518.5846792154,719.1550874764,0.622523
4014,4519.5748000205,719.3126700968,0.585915
4015,4520.5385550087,719.4660564671,0.576878
4016,4521.4754851533,719.6151735310,0.595895
4017,4522.1440777283,719.7215833442,0.895847
4018,4523.2374643787,719.8956012343,0.750985
4019,4524.9733971608,720.1718835175,-0.066758
4020,4525.7908822969,720.3019903178,0.077194
4021,4526.3485863588,720.3907516760,0.493168
4022,4527.3536331240,720.5507098367,0.440658
4023,4527.9438935448,720.6446527004,0.822507
4024,4529.0692345920,720.8237562907,0.643957
4025,4530.0252331744,720.9759081907,0.642721
4026,4531.3189683379,721.1818125370,0.287716
4027,4531.6435759872,721.2334754490,0.947727
4028,4533.2979764714,721.4967814639,0.214871
4029,4534.1355982443,721.6300931095,0.337491
4030,4534.9355560047,721.7574103413,0.499540
4031,4535.9075625167,721.9121099824,0.481339
4032,4537.2525685475,722.1261743407,0.072356
4033,4537.8060983439,722.2142713440,0.492479
4034,4538.5089350881,722.3261312860,0.756172
4035,4539.1888629237,722.4343451620,1.043848
4036,4540.3477266235,722.6187840482,0.829732
4037,4542.1296662510,722.9023885482,-0.037258
4038,4542.6204860980,722.9805049530,0.448476
4039,4543.7469222738,723.1597828385,0.268199
4040,4544.7202713209,723.3146961507,0.248290
4041,4545.2633436365,723.4011287941,0.679226
4042,4546.1412074213,723.5408451549,0.759325
4043,4547.5934153687,723.7719712281,0.237518
4044,4547.9386360064,723.8269147990,0.875741
4045,4549.2810718281,724.0405700958,0.468885
4046,4550.0686888793,724.1659232428,0.643443
4047,4550.9796935853,724.3109141449,0.688660
4048,4552.3219261610,724.5245370941,0.281875
4049,4553.5368502809,724.7178982733,0.008466
4050,4554.1979510510,724.8231157287,0.315519
4051,4554.9593914869,724.9443027380,0.517380
4052,4555.5954735992,725.0455383504,0.850625
4053,4556.8913105365,725.2517772044,0.492259
4054,4557.5339740706,725.3540602826,0.818562
4055,4558.3966238283,725.4913552557,0.914234
4056,4560.2159410977,725.7809085922,0.006932
4057,4560.9998335062,725.9056689438,0.185094
4058,4561.6293466016,726.0058590647,0.525092
4059,4562.5968170893,726.1598367751,0.510739
4060,4563.4160462676,726.2902211484,0.651785
4061,4564.8159558447,726.5130236774,0.183939
4062,4565.4169582722,726.6086761846,0.553749
4063,4566.2533260819,726.7417882557,0.676743
4064,4567.1214509906,726.8799546262,0.766411
4065,4567.9416864785,727.0104991586,0.906273
4066,4569.6157702952,727.2769378732,0.150675
4067,4570.4333291749,727.4070564101,0.293272
4068,4571.4578987856,727.5701217282,0.218737
4069,4572.2498604186,727.6961663368,0.388129
4070,4573.2461731874,727.8547344389,0.343166
4071,4573.9241305120,727.9626346983,0.632085
4072,4574.2976213844,728.0220776168,1.240338
4073,4576.1899543918,728.3232517689,0.255439
4074,4576.7939178000,728.4193755308,0.621905
4075,4577.8591114299,728.5889063623,0.504529
4076,4578.9270258321,728.7588702182,0.384258
4077,4579.9569178540,728.9227826244,0.303837
4078,4580.7170845056,729.0437669046,0.506351
4079,4581.8941872135,729.2311086190,0.271420
4080,4582.5682490862,729.3383888980,0.564222
4081,4583.6736879210,729.5143249529,0.404406
4082,4584.3807684992,729.6268603221,0.662521
4083,4584.9772581654,729.7217946010,1.036658
4084,4586.2077626053,729.9176354651,0.745518
4085,4587.6748770765,730.1511339852,0.206041
4086,4588.9779142202,730.3585187877,-0.161328
4087,4589.6434494895,730.4644420156,0.140255
4088,4589.7488115340,730.4812109058,1.029687
4089,4591.2041465131,730.7128346616,0.502391
4090,4592.0493090879,730.8473464631,0.615406
4091,4593.1597915728,731.0240852397,0.449932
4092,4593.8368919861,731.1318491175,0.739281
4093,4594.7871905603,731.2830938330,0.741868
4094,4596.2636644012,731.5180819431,0.192131
4095,4596.8299084591,731.6082024839,0.597769
4096,4597.8208123423,731.7659097351,0.557634
4097,4599.3736724399,732.0130550955,-0.072445
4098,4599.9075794377,732.0980290334,0.367079
4099,4600.6300541135,732.2130144493,0.608636
4100,4601.6029618172,732.3678575195,0.587264
4101,4602.2561235138,732.4718114322,0.901547
4102,4603.2096905451,732.6235763388,0.900426
4103,4604.6416814013,732.8514847620,0.396962
4104,4605.8834516952,733.0491186425,0.093156
4105,4606.4624724024,733.1412726502,0.485191
4106,4607.7530325870,733.3466716829,0.130075
4107,4608.2163809442,733.4204158643,0.643535
4108,4609.2241607771,733.5808090063,0.585289
4109,4610.0842316459,733.7176935365,0.682120
4110,4611.4846744577,733.9405809325,0.211448
4111,4612.0285974586,734.0271489667,0.640230
4112,4612.7888540135,734.1481475555,0.841805
4113,4613.6843076413,734.2906634266,0.901370
4114,4615.5366160912,734.5854674726,-0.044073
4115,4616.2223006616,734.6945975613,0.235736
4116,4616.9585827808,734.8117805001,0.462383
4117,4618.1076789101,734.9946648292,0.255394
4118,4618.7671706188,735.0996261946,0.562656
4119,4619.4655938969,735.2107837116,0.829008
4120,4620.5443656129,735.3824755627,0.695794
4121,4621.3482792187,735.5104223869,0.851284
4122,4622.8193231213,735.7445462955,0.305897
4123,4623.8056119442,735.9015190370,0.269722
4124,4624.7262787551,736.0480477109,0.302457
4125,4625.4092625017,736.1567479502,0.584887
4126,4626.3429857038,736.3053546133,0.603853
4127,4627.7902298231,736.5356906687,0.083220
4128,4628.4634434019,736.6428359375,0.375844
4129,4628.9742347573,736.7241309066,0.839122
4130,4629.8887829393,736.8696857705,0.878123
4131,4631.2264069890,737.0825752500,0.472508
4132,4631.7624010439,737.1678813533,0.909253
4133,4633.5644389922,737.4546846004,0.015488
4134,4634.3071054188,737.5728836333,0.234986
4135,4635.3571608870,737.7400051516,0.131403
4136,4636.0283439607,737.8468272555,0.425986
4137,4636.3922807475,737.9047495941,1.043480
4138,4637.7920719801,738.1275332880,0.572224
4139,4638.7481537479,738.2796984274,0.567292
4140,4639.7153808230,738.4336373975,0.550613
4141,4640.5617397310,738.5683396013,0.660956
4142,4641.7582723801,738.7587736870,0.403169
4143,4642.6857581767,738.9063876362,0.428168
4144,4643.7517358636,739.0760432543,0.307544
4145,4644.7531055272,739.2354161861,0.254805
4146,4645.3629873524,739.3324818933,0.613620
4147,4646.7394860741,739.5515584690,0.166423
4148,4647.1172637325,739.6116836507,0.769231
4149,4648.1126081748,739.7700976388,0.722711
4150,4648.5648868166,739.8420800203,1.247167
4151,4650.6143303283,740.1682590858,0.092214
4152,4651.6641211459,740.3353384836,-0.011678
4153,4652.0883991289,740.4028644218,0.542168
4154,4653.1191560552,740.5669144818,0.458239
4155,4654.0689495996,740.7180788193,0.459418
4156,4654.9473239579,740.8578764403,0.535676
4157,4655.7215608964,740.9811000762,0.721427
4158,4656.9224185732,741.1722225114,0.458470
4159,4657.8208901948,741.3152187112,0.513504
4160,4658.3949499578,741.4065831601,0.909723
4161,4659.9186876104,741.6490935395,0.307042
4162,4660.5639639343,741.7517924561,0.628310
4163,4662.0800046032,741.9930778225,0.033613
4164,4662.9458909194,742.1308879099,0.122766
4165,4663.5050255935,742.2198769571,0.534585
4166,4664.3228972463,742.3500452735,0.674208
4167,4665.1413759531,742.4803102055,0.813168
4168,4666.0907987528,742.6314155371,0.814347
4169,4667.4244282680,742.8436692667,0.411277
4170,4668.0551777520,742.9440561650,0.747664
4171,4669.8295135221,743.2264504735,-0.119191
4172,4670.3506317460,743.3093890147,0.332498
4173,4671.0321064987,743.4178490902,0.615448
4174,4671.8778479646,743.5524530251,0.725534
4175,4673.2826905213,743.7760406623,0.247265
4176,4674.1267160485,743.9103714970,0.359092
4177,4674.7416398635,744.0082396618,0.711989
4178,4675.7275666864,744.1651547892,0.674442
4179,4676.3340958161,744.2616868983,1.036140
4180,4677.9302191471,744.5157178162,0.356344
4181,4679.0874910411,744.6999033586,0.138351
4182,4680.0884688595,744.8592139264,0.084816
4183,4680.6063971112,744.9416447678,0.539681
4184,4681.6048907467,745.1005599655,0.488709
4185,4682.6486624251,745.2666813876,0.390043
4186,4683.0212910666,745.3259870778,0.997808
4187,4684.1869147896,745.5115018551,0.770823
4188,4685.4077896422,745.7058101228,0.485630
4189,4686.7081551457,745.9127697205,0.116702
4190,4687.0721779753,745.9707057533,0.733475
4191,4688.2526030064,746.1585762319,0.490747
4192,4689.5050624373,746.3579113414,0.172131
4193,4690.1788400071,746.4651463721,0.462742
4194,4691.2967687887,746.6430702638,0.285692
4195,4691.8621000908,746.7330455350,0.690447
4196,4692.8664328620,746.8928900600,0.632945
4197,4693.9394172933,747.0636608361,0.503120
4198,4694.1739427933,747.1009867287,1.256165
4199,4696.0958498728,747.4068677406,0.232332
4200,4697.3541474715,747.6071320233,-0.092765
4201,4697.7744037612,747.6740178892,0.464656
4202,4698.9245042092,747.8570620605,0.253437
4203,4699.4972522310,747.9482177393,0.650235
4204,4700.1586032809,748.0534750281,0.953705
4205,4701.8425870354,748.3214893667,0.180079
4206,4702.4376456960,748.4161958939,0.553321
4207,4703.0151738405,748.5081123529,0.945016
4208,4704.3381184074,748.7186655202,0.551528
4209,4705.4821387820,748.9007420178,0.346457
4210,4706.4685709033,749.0577375659,0.307349
4211,4707.1871719521,749.1721064749,0.550354
4212,4708.5954274522,749.3962372989,0.066805
4213,4709.3326781575,749.5135743930,0.290110
4214,4709.9449403463,749.6110189468,0.645077
4215,4710.5522420050,749.7076740077,1.005258
4216,4711.6919801848,749.8890689729,0.804458
4217,4712.7777974770,750.0618821622,0.660428
4218,4714.2477231071,750.2958280922,0.111633
4219,4714.9979628249,750.4152324518,0.321111
4220,4715.9526217271,750.5671711351,0.315166
4221,4716.6602392191,750.6797919567,0.569515
4222,4717.7334010815,750.8505909719,0.438638
4223,4718.5298947668,750.9773568790,0.599284
4224,4719.5957041669,751.1469857134,0.476089
4225,4720.3866943736,751.2728757148,0.642485
4226,4721.5375409400,751.4560386345,0.429600
4227,4721.9545618196,751.5224095689,0.990088
4228,4723.2349349391,751.7261872799,0.640624
4229,4724.9964218777,752.0065366333,-0.216006
4230,4725.4871965746,752.0846458523,0.266692
4231,4726.2711438528,752.2094149368,0.440355
4232,4726.9492958246,752.3173461752,0.725517
4233,4728.2116043529,752.5182488172,0.394881
4234,4728.7505072301,752.6040178740,0.826791
4235,4729.6615015484,752.7490071229,0.866435
4236,4730.9627143235,752.9561015680,0.494668
4237,4732.0219070449,753.1246773253,0.378002
4238,4733.1937649401,753.3111843020,0.142514
4239,4733.8440986995,753.4146881344,0.456848
4240,4734.5278178329,753.5235054142,0.735968
4241,4736.0449239362,753.7649603497,0.136348
4242,4736.5968400645,753.8528005297,0.554394
4243,4737.7840355479,754.0417485593,0.302553
4244,4738.4325825168,754.1449680152,0.618671
4245,4738.7937333173,754.2024469503,1.237837
4246,4740.3325659714,754.4473597738,0.615088
4247,4741.7218858044,754.6684768928,0.149937
4248,4742.4140373104,754.7786362263,0.419982
4249,4743.7179206292,754.9861557017,0.044841
4250,4744.4218114837,755.0981834106,0.302459
4251,4744.9968532699,755.1897041534,0.695960
4252,4745.8424190304,755.3242801239,0.804117
4253,4746.8395937429,755.4829854085,0.752337
4254,4748.3358066896,755.7211150949,0.174129
4255,4748.7008811292,755.7792184965,0.789036
4256,4749.7281002183,755.9427054922,0.705468
4257,4751.2159490594,756.1795039898,0.135938
4258,4751.6827325791,756.2537948944,0.643514
4259,4753.0840261015,756.4768176852,0.165202
4260,4753.9188358402,756.6096817816,0.284478
4261,4754.5895649759,756.7164316391,0.576842
4262,4755.5889488592,756.8754885241,0.522439
4263,4756.3561404896,756.9975908644,0.712988
4264,4757.2226716329,757.1355035792,0.798703
4265,4757.9706695732,757.2545511488,1.009462
4266,4760.1585902093,757.6027695332,-0.299201
4267,4760.4410480586,757.6477240961,0.402742
4268,4761.5164307635,757.8188765693,0.267944
4269,4761.9839938081,757.8932915391,0.774536
4270,4763.1581885062,758.0801704294,0.535405
4271,4764.2754244073,758.2579840457,0.356339
4272,4764.9984768036,758.3730614086,0.593250
4273,4765.8032553849,758.5011458980,0.743888
4274,4766.8848180581,758.6732819437,0.602375
4275,4767.8688588311,758.8298968969,0.563756
4276,4768.7264709286,758.9663901015,0.658551
4277,4770.2564971577,759.2099013389,0.043556
4278,4770.8912840393,759.3109308089,0.373494
4279,4772.0574948292,759.4965390208,0.142441
4280,4772.6449389361,759.5900336542,0.522317
4281,4773.4397977729,759.7165393671,0.683222
4282,4774.0566197255,759.8147096299,1.032058
4283,4775.3957112495,760.0278326652,0.618367
4284,4776.4292012544,760.1923177081,0.527262
4285,4777.6356769833,760.3843342841,0.253482
4286,4778.3741246965,760.5018618879,0.473815
4287,4779.5961513783,760.6963534749,0.183537
4288,4780.4791230890,760.8368827872,0.251220
4289,4780.7085875024,760.8734031829,1.008928
4290,4782.3568744316,761.1357361953,0.268443
4291,4783.3432241251,761.2927186246,0.226878
4292,4783.7145167954,761.3518116884,0.834792
4293,4784.6409676786,761.4992609260,0.856438
4294,4785.5254153381,761.6400251430,0.922413
4295,4787.2526753462,761.9149271112,0.098259
4296,4788.1525701243,762.0581498134,0.147843
4297,4788.9990157405,762.1928658173,0.253853
4298,4789.6983479338,762.3041679927,0.515221
4299,4790.7338158689,762.4689678330,0.421535
4300,4791.2911708210,762.5576736287,0.832828
4301,4792.4088240186,762.7355536598,0.652275
4302,4793.3473196522,762.8849198789,0.660930
4303,4794.2867647152,763.0344372045,0.668553
4304,4795.7801178315,763.2721117347,0.090998
4305,4796.3529034318,763.3632733943,0.485896
4306,4797.0979335979,763.4818486280,0.698816
4307,4798.4208418626,763.6923960176,0.301197
4308,4799.6732114043,763.8917168207,-0.021953
4309,4800.0977676152,763.9592870403,0.529484
4310,4800.6710021860,764.0505201558,0.923826
4311,4802.1883695085,764.2920166657,0.320581
4312,4802.3778508698,764.3221735610,1.120370
4313,4803.7045926768,764.5333310777,0.718468
4314,4805.0722164801,764.7509951663,0.273308
4315,4806.3719735811,764.9578579338,-0.100196
4316,4806.9212705944,765.0452812687,0.319324
4317,4807.5410120337,765.1439161822,0.664388
4318,4808.6044991692,765.3131754167,0.540477
4319,4809.3468803198,765.4313290465,0.755894
4320,4810.5318813433,765.6199278169,0.503492
4321,4811.6322888445,765.7950631102,0.340454
4322,4812.1607722036,765.8791738491,0.781877
4323,4813.0455521244,766.0199909471,0.846694
4324,4814.6815598175,766.2803696584,0.117421
4325,4815.3242765496,766.3826612033,0.438040
4326,4816.4517582570,766.5621054902,0.246207
4327,4817.2328754075,766.6864241459,0.420483
4328,4818.2401334845,766.8467342478,0.355674
4329,4819.0284261962,766.9721949295,0.522318
4330,4819.7546281686,767.0877735631,0.754584
4331,4820.2100300172,767.1602530184,1.273128
4332,4822.2211648727,767.4803350718,0.146854
4333,4822.9057269693,767.5892865134,0.423069
4334,4824.1375374798,767.7853352451,0.120642
4335,4824.6783977554,767.8714158315,0.548760
4336,4825.7362955024,768.0397854872,0.430158
4337,4826.4943412149,768.1604322094,0.628590
4338,4827.7673212634,768.3630332766,0.282482
4339,4828.3379466209,768.4538511229,0.679059
4340,4829.3863099189,768.6207033239,0.570412
4341,4830.1368235592,768.7401512796,0.776719
4342,4831.1856932088,768.9070840690,0.667474
4343,4832.2248667309,769.0724736718,0.568447
4344,4833.6632639594,769.3014017008,0.047144
4345,4834.6653411899,769.4608872454,-0.012731
4346,4835.1440266097,769.5370723962,0.480962
4347,4835.9519667763,769.6656600674,0.626385
4348,4836.6089653790,769.7702246426,0.931446
4349,4838.0267099074,769.9958656924,0.431782
4350,4838.6604837330,770.0967339295,0.761366
4351,4839.6471581124,770.2537680342,0.717620
4352,4841.0647236453,770.4793805960,0.218004
4353,4842.0435046878,770.6351584371,0.182531
4354,4842.5854124001,770.7214057282,0.609222
4355,4843.6213360008,770.8862780899,0.513243
4356,4844.6996129694,771.0578911995,0.372419
4357,4845.6967344192,771.2165880071,0.317424
4358,4846.6577601435,771.3695400015,0.300589
4359,4846.9160493348,771.4106480031,1.027295
4360,4848.1074053912,771.6002582084,0.766701
4361,4848.8850419042,771.7240229034,0.943845
4362,4850.8715187922,772.0401805195,-0.158233
4363,4851.4687229984,772.1352285209,0.209783
4364,4852.0010650834,772.2199533952,0.646429
4365,4853.4258154320,772.4467094558,0.138634
4366,4854.0270067060,772.5423920188,0.502381
4367,4854.5742961028,772.6294958316,0.923163
4368,4855.7184623639,772.8115955478,0.712215
4369,4856.9218300815,773.0031174684,0.438563
4370,4857.8153802602,773.1453303962,0.492794
4371,4858.6041722184,773.2708705355,0.657883
4372,4859.6805316244,773.4421784555,0.518559
4373,4860.8093307255,773.6218324122,0.323686
4374,4862.0766543877,773.8235332375,-0.017869
4375,4862.3593496458,773.8685255852,0.682870
4376,4863.7601539198,774.0914705097,0.199942
4377,4864.1919486676,774.1601927782,0.742819
4378,4865.0553512727,774.2976075707,0.828754
4379,4866.0715782712,774.4593451208,0.752866
4380,4866.9540212689,774.5997902859,0.818589
4381,4868.5883270387,774.8598981277,0.088218
4382,4869.4666362860,774.9996853860,0.158245
4383,4870.5172538319,775.1668963617,0.045796
4384,4870.6965647234,775.1954345764,0.855928
4385,4871.7055395300,775.3560179044,0.787532
4386,4873.1931813759,775.5927834577,0.212218
4387,4873.8184462275,775.6922974496,0.550083
4388,4874.7899967831,775.8469245230,0.521217
4389,4875.2376608371,775.9181724700,1.047133
4390,4876.7431423275,776.1577772909,0.452754
4391,4877.7252995677,776.3140924706,0.412562
4392,4878.6290055832,776.4579217501,0.455428
4393,4880.0581273589,776.6853735449,-0.058238
4394,4880.6096610016,776.7731528505,0.357582
4395,4881.3110123399,776.8847763828,0.614703
4396,4882.3044622351,777.0428888443,0.562402
4397,4882.8907859360,777.1362051596,0.941331
4398,4883.9274142343,777.3011896774,0.843239
4399,4885.3620747240,777.5295229860,0.323459
4400,4886.2704788800,777.6740999978,0.361123
4401,4887.1984806467,777.8217960661,0.377999
4402,4888.1756108352,777.9773111657,0.342797
4403,4888.9080793460,778.0938871498,0.566777
4404,4890.2144513162,778.3018027064,0.182688
4405,4890.6277568883,778.3675823312,0.744782
4406,4891.7830560748,778.5514539075,0.520691
4407,4892.9349790425,778.7347881419,0.300134
4408,4893.3883376358,778.8069424030,0.819751
4409,4893.9631695296,778.8984297403,1.210645
4410,4895.9637395460,779.2168303474,0.090706
4411,4896.9577466910,779.3750314980,0.037341
4412,4897.6507812976,779.4853313814,0.302902
4413,4898.4572917665,779.6136915092,0.448189
4414,4899.1612006889,779.7257220937,0.702192
4415,4900.4295633793,779.9275882855,0.357950
4416,4900.7428817465,779.9774544524,1.025880
4417,4902.3072099029,780.2264250111,0.367879
4418,4902.8216320685,780.3082978416,0.822636
4419,4904.2286329374,780.5322289848,0.331292
4420,4905.1424890807,780.6776737073,0.362620
4421,4906.0982381423,780.8297858948,0.349513
4422,4906.6995419737,780.9254863718,0.712108
4423,4908.3300893512,781.1849960469,-0.016394
4424,4908.9135214443,781.2778521485,0.365103
4425,4909.6241117150,781.3909461026,0.611784
4426,4910.2450816675,781.4897765400,0.953461
4427,4911.2919101021,781.6563844600,0.843634
4428,4912.4513089361,781.8409085154,0.614421
4429,4913.6606376181,782.0333791530,0.332225
4430,4914.7926458316,782.2135438558,0.131966
4431,4915.7002406896,782.3579920638,0.169620
4432,4916.3321644776,782.4585658583,0.499559
4433,4917.2307805042,782.6015850409,0.546689
4434,4917.8075350428,782.6933783766,0.935100
4435,4919.4870363371,782.9606793095,0.154097
4436,4919.8893250521,783.0247055471,0.727482
4437,4920.8404305436,783.1760786875,0.718844
4438,4921.9705906276,783.3559492513,0.520281
4439,4922.7189913738,783.4750609295,0.726561
4440,4924.3170982500,783.7294075384,0.031620
4441,4925.0776066893,783.8504462158,0.225001
4442,4925.7950266814,783.9646271538,0.464066
4443,4926.7276422097,784.1130575251,0.474858
4444,4927.5979512906,784.2515715174,0.551712
4445,4928.5260648032,784.3992853707,0.567225
4446,4928.9571362457,784.4678925216,1.109961
4447,4930.2403184429,784.6721173112,0.748775
4448,4932.0368127741,784.9580382642,-0.157016
4449,4932.6006705270,785.0477790128,0.244800
4450,4933.0681258438,785.1221768371,0.748880
4451,4934.3522891220,785.3265577706,0.386483
4452,4935.2009942498,785.4616333869,0.486044
4453,4936.1339495235,785.6101178304,0.496192
4454,4937.2071629860,785.7809250579,0.357494
4455,4937.7703657002,785.8705615539,0.759911
4456,4938.7538155263,786.0270824550,0.716403
4457,4939.6417247847,786.1683976025,0.774244
4458,4940.8522948627,786.3610658143,0.489668
4459,4942.1355285782,786.5652988033,0.127935
4460,4942.9768964622,786.6992066610,0.235070
4461,4943.9778667319,786.8585160273,0.172803
4462,4944.6416030200,786.9641529385,0.468404
4463,4945.1868985179,787.0509394124,0.889691
4464,4946.1192534786,787.1993283131,0.900177
4465,4947.5004903218,787.4191589843,0.434209
4466,4948.3898087974,787.5606984157,0.490304
4467,4949.0859153851,787.6714872200,0.751452
4468,4950.6158125913,787.9149779228,0.127555
4469,4951.5023849293,788.0560802928,0.186476
4470,4951.8787979182,788.1159882806,0.786913
4471,4953.2005556687,788.3263525602,0.383830
4472,4954.2550676797,788.4941833593,0.264395
4473,4954.9765763794,788.6090150353,0.498445
4474,4955.8222598161,788.7436097346,0.600651
4475,4956.4660552789,788.8460729648,0.917169
4476,4957.3318896303,788.9838747817,0.997940
4477,4959.0289893206,789.2539765864,0.196114
4478,4960.1639284077,789.4346077522,-0.008914
4479,4960.7580902646,789.5291715487,0.360216
4480,4961.6884629432,789.6772449594,0.372339
4481,4962.2619524482,789.7685186490,0.763390
4482,4963.5261186175,789.9697169437,0.421022
4483,4964.3070314052,790.0940030740,0.591776
4484,4964.9252350896,790.1923932462,0.935296
4485,4966.6332162699,790.4642268937,0.121500
4486,4966.8686455872,790.5016966333,0.871477
4487,4968.3946409272,790.7445663349,0.250851
4488,4968.8360946551,790.8148258778,0.782008
4489,4970.4799826794,791.0764587828,0.036072
4490,4971.3392455562,791.2132147170,0.123433
4491,4971.8249961494,791.2905243250,0.607499
4492,4972.7134916174,791.4319327707,0.663774
4493,4973.7115780325,791.5907831573,0.603615
4494,4974.4304781473,791.7051996641,0.839986
4495,4975.3109971424,791.8453386147,0.904659
4496,4976.9640340775,792.1084276140,0.148663
4497,4977.7551540867,792.2343382741,0.308238
4498,4978.8478557532,792.4082471456,0.147402
4499,4979.5808923266,792.5249135397,0.368636
4500,4980.1187625291,792.6105182412,0.797201
4501,4981.1927037477,792.7814412947,0.656214
4502,4982.5123615262,792.9914713534,0.254121
4503,4983.2250273146,793.1048956364,0.496914
4504,4983.9799758299,793.2250494244,0.694763
4505,4984.5685435745,793.3187228903,1.069384
4506,4986.2525668358,793.5867435166,0.279972
4507,4987.1879009828,793.7356065695,0.286065
4508,4988.1915973076,793.8953498010,0.219483
4509,4988.9051665921,794.0089178798,0.461186
4510,4990.3454802864,794.2381509239,-0.069458
4511,4990.4497018190,794.2547382960,0.819782
4512,4991.2147744086,794.3765033804,1.006698
4513,4992.3794623414,794.5618692221,0.768885
4514,4993.4957489838,794.7395317591,0.582472
4515,4994.6327421723,794.9204898453,0.374011
4516,4995.8792477047,795.1188773624,0.049106
4517,4996.2208208769,795.1732404212,0.686041
4518,4997.3961507071,795.3602999734,0.436731
4519,4998.3700301957,795.5152977080,0.401517
4520,4999.3296813730,795.6680309365,0.381399
4521,5000.2343169313,795.8120081573,0.419736
4522,5000.8343814324,795.9075113889,0.781830
4523,5001.8897736272,796.0754822736,0.659853
4524,5002.8540028919,796.2289441273,0.634760
4525,5003.4849443783,796.3293615837,0.963977
4526,5005.4959074877,796.6494163029,-0.174057
4527,5006.2083811062,796.7628100011,0.068418
4528,5006.7885588061,796.8551481499,0.451542
4529,5007.4859829199,796.9661466451,0.709990
4530,5008.6261996563,797.1476177749,0.497594
4531,5009.2290441172,797.2435634507,0.856572
4532,5010.8111725447,797.4953670106,0.174192
4533,5010.9331981060,797.5147879819,1.044431
4534,5012.3968337397,797.7477328278,0.487976
4535,5013.5336058731,797.9286557320,0.279066
4536,5014.2384420562,798.0408338946,0.529482
4537,5015.3579279379,798.2190056064,0.338890
4538,5016.1925469143,798.3518393421,0.451233
4539,5017.3477565682,798.5356966689,0.222576
4540,5018.0849135477,798.6530188460,0.438529
4541,5018.9398318505,798.7890833198,0.529209
4542,5019.3958314734,798.8616579138,1.044182
4543,5020.3527593955,799.0139577228,1.026320
4544,5022.2030229838,799.3084363189,0.058154
4545,5022.8345260192,799.4089431486,0.386385
4546,5023.9048891412,799.5792967304,0.247745
4547,5024.7257525949,799.7099412066,0.374496
4548,5025.7309935936,799.8699302806,0.305073
4549,5026.1854768824,799.9422635425,0.821562
4550,5027.2215637110,800.1071618828,0.719275
4551,5028.5378868209,800.3166612124,0.318798
4552,5029.2169569391,800.4247385784,0.596293
4553,5030.0269369385,800.5536508992,0.734485
4554,5030.9678581868,800.7034031669,0.733332
4555,5032.3990635409,800.9311865736,0.210455
4556,5033.1665660802,801.0533383965,0.393767
4557,5034.5503611630,801.2735762242,-0.078758
4558,5035.0134164089,801.3472737555,0.428482
4559,5035.5230584374,801.4283858035,0.886139
4560,5036.8416671070,801.6382488913,0.482884
4561,5037.5006927569,801.7431360811,0.781532
4562,5038.3243196367,801.8742203703,0.904989
4563,5039.6218874528,802.0807347022,0.524011
4564,5041.0413989938,802.3066569807,0.013189
4565,5041.7980345225,802.4270792653,0.207857
4566,5042.4921497164,802.5375511294,0.469054
4567,5043.0154453940,802.6208362232,0.912057
4568,5044.6567910913,802.8820645043,0.164950
4569,5045.4671304802,803.0110340236,0.302365
4570,5045.9416755020,803.0865602095,0.797215
4571,5046.9976174300,803.2546185870,0.673145
4572,5047.8630861842,803.3923622173,0.751811
4573,5048.7902288197,803.5399215507,0.764796
4574,5050.3084596992,803.7815554999,0.148464
4575,5051.1066995337,803.9085993154,0.298616
4576,5052.2793104729,804.0952261427,0.050157
4577,5052.7721552897,804.1736648314,0.525421
4578,5053.7123653200,804.3233039053,0.524349
4579,5054.4345473434,804.4382427441,0.755400
4580,5055.1926724734,804.5589021061,0.948162
4581,5056.6058130799,804.7838104189,0.443428
4582,5057.5899962359,804.9404480331,0.395417
4583,5058.3454094171,805.0606757749,0.590992
4584,5059.4399058189,805.2348702875,0.425452
4585,5060.5590809150,805.4129925362,0.233593
4586,5061.3262493290,805.5350911815,0.416578
4587,5062.1684727267,805.6691351984,0.519611
4588,5063.1827159374,805.8305570189,0.439412
4589,5064.3338136192,806.0137599049,0.213421
4590,5064.6289729685,806.0607359744,0.899051
4591,5065.4801249605,806.1962010212,0.992486
4592,5066.5765391848,806.3707007647,0.824658
4593,5068.3848152388,806.6584968372,-0.101481
4594,5069.0959359440,806.7716752125,0.141019
4595,5069.6755441385,806.8639227217,0.523598
4596,5070.8685512659,807.0537957032,0.252726
4597,5071.2497972771,807.1144728904,0.846587
4598,5072.4103726606,807.2991841995,0.610208
4599,5073.4822561770,807.4697797596,0.468275
4600,5074.3560620415,807.6088502822,0.537338
4601,5074.9114702429,807.6972462429,0.945604
4602,5076.5986379478,807.9657673230,0.148029
4603,5077.1529895307,808.0539951176,0.557381
4604,5078.0011091833,808.1889775526,0.653713
4605,5079.6127261671,808.4454743620,-0.063522
4606,5080.1236221440,808.5267859821,0.392084
4607,5081.1300977706,808.6869715532,0.319591
4608,5081.6943444298,808.7767741981,0.718320
4609,5082.3177815117,808.8759972914,1.053964
4610,5083.7698489190,809.1071009970,0.506542
4611,5084.3874393407,809.2053935654,0.848376
4612,5085.9442307865,809.4531646194,0.189250
4613,5086.9997615781,809.6211575624,0.064292
4614,5087.5326689378,809.7059724029,0.496319
4615,5088.5989013220,809.8756685574,0.359902
4616,5089.1780939133,809.9678499213,0.742569
4617,5090.3458768116,810.1537083420,0.497855
4618,5091.2629578836,810.2996663278,0.520328
4619,5092.4019419114,810.4809412660,0.306237
4620,5092.8377604522,810.5503039410,0.841668
4621,5093.6688801106,810.6825807430,0.955705
4622,5095.0869130616,810.9082676966,0.444050
4623,5096.6379331862,811.1551202162,-0.209444
4624,5096.9594238563,811.2062870456,0.447816
4625,5097.8144297589,811.3423654613,0.536280
4626,5098.9567890062,811.5241775823,0.318357
4627,5099.6107430380,811.6282575990,0.621127
4628,5100.4914624162,811.7684284415,0.682104
4629,5101.0340630485,811.8547860143,1.103572
4630,5102.6459486152,812.1113255699,0.384890
4631,5103.7283412530,812.2835937086,0.230738
4632,5104.4180930468,812.3933711161,0.495239
4633,5105.6386355264,812.5876264850,0.193707
4634,5106.0522259498,812.6534514453,0.752663
4635,5107.3857401239,812.8656868178,0.330593
4636,5108.4477701493,813.0347141460,0.197997
4637,5108.9590966984,813.1160942939,0.652683
4638,5109.8389820910,813.2561324034,0.714293
4639,5110.8060416723,813.4100447161,0.682905
4640,5111.5031246545,813.5209889184,0.939434
4641,5113.0101572217,813.7608406009,0.332064
4642,5113.9460428805,813.9097914297,0.333831
4643,5115.3728429530,814.1368737140,-0.188072
4644,5115.7267620978,814.1932016954,0.434409
4645,5116.5605574637,814.3259043494,0.544999
4646,5117.0259934135,814.3999807815,1.048508
4647,5118.5338387686,814.6399618232,0.440012
4648,5119.3656691616,814.7723517420,0.552625
4649,5120.2400234665,814.9115095517,0.619851
4650,5121.0834901556,815.0457514446,0.720006
4651,5122.4547814097,815.2639992261,0.257008
4652,5123.3028934779,815.3989804540,0.352149
4653,5124.0617849881,815.5197617891,0.542461
4654,5125.2536867568,815.7094588473,0.270743
4655,5126.2791180152,815.8726613009,0.176608
4656,5126.7299932918,815.9444203299,0.695514
4657,5127.7417169591,816.1054411526,0.615958
4658,5128.6816249744,816.2550321592,0.613005
4659,5128.9644838587,816.3000505489,1.311168
4660,5131.0438989736,816.6309997432,0.092159
4661,5132.0071678378,816.7843087444,0.064179
4662,5132.6831370540,816.8918925866,0.342782
4663,5133.3065759897,816.9911159749,0.677433
4664,5134.6630438788,817.2070045446,0.229736
4665,5135.1719640737,817.2880017092,0.686573
4666,5136.1299360821,817.4404676897,0.664123
4667,5137.2062913985,817.6117749589,0.515288
4668,5138.0429579573,817.7449345774,0.622258
4669,5139.1215309621,817.9165948026,0.470992
4670,5139.6791256497,818.0053387534,0.875802
4671,5141.0966239356,818.2309406124,0.362689
4672,5142.4479078649,818.4460041293,-0.079801
4673,5142.9020322227,818.5182802656,0.435410
4674,5143.9337005339,818.6824753770,0.334056
4675,5144.5877526015,818.7865709966,0.635807
4676,5145.4804491741,818.9286480688,0.682767
4677,5146.1496459196,819.0351540387,0.968318
4678,5147.5627918400,819.2600631973,0.459568
4679,5148.2535273573,819.3699971692,0.722080
4680,5149.7682602808,819.6110744014,0.104769
4681,5150.7096149623,819.7608956522,0.099630
4682,5151.1418495865,819.8296879292,0.638099
4683,5152.1862146231,819.9959037872,0.522924
4684,5152.9531272947,820.1179617298,0.703991
4685,5154.6568454392,820.3891168941,-0.115355
4686,5154.8991437976,820.4276798756,0.625895
4687,5155.4933625825,820.5222527325,0.991322
4688,5156.5094473283,820.6839676423,0.906209
4689,5157.8190655557,820.8923998568,0.507573
4690,5158.9548240008,821.0731614275,0.294572
4691,5160.0577362516,821.2486953640,0.116613
4692,5160.8527799279,821.3752304951,0.267448
4693,5161.6053929221,821.4950125733,0.463585
4694,5162.5871866852,821.6512699038,0.414907
4695,5163.0601644684,821.7265466560,0.909698
4696,5164.1023120220,821.8924095906,0.796507
4697,5165.3067715054,822.0841052711,0.509898
4698,5166.1919729085,822.2249894501,0.564294
4699,5167.4835944022,822.4305573954,0.184493
4700,5167.9908280573,822.5112861389,0.642616
4701,5169.0701945640,822.6830726539,0.489505
4702,5170.2915160873,822.8774520114,0.184697
4703,5171.2359275015,823.0277597563,0.175696
4704,5171.5854811712,823.0833929507,0.802229
4705,5172.8016888768,823.2769584188,0.502791
4706,5173.6750245563,823.4159541092,0.569660
4707,5174.3599011372,823.5249556025,0.837875
4708,5175.0931227770,823.6416514508,1.054419
4709,5177.2371322494,823.9828811564,-0.236578
4710,5177.6096300225,824.0421660183,0.365372
4711,5178.7521946204,824.2240108218,0.144406
4712,5179.2026063915,824.2956960816,0.663076
4713,5180.1066262027,824.4395753032,0.696983
4714,5181.1897924085,824.6119665591,0.539408
4715,5182.1309140166,824.7617507151,0.533607
4716,5182.9988263292,824.8998832498,0.606023
4717,5183.9503070132,825.0513161039,0.589097
4718,5184.6857950324,825.1683726577,0.803002
4719,5186.3557468102,825.4341537379,0.018083
4720,5186.7094726009,825.4904509460,0.639994
4721,5187.8878477675,825.6779951786,0.380430
4722,5189.0767196136,825.8672100096,0.109603
4723,5189.8595886617,825.9918074884,0.272743
4724,5190.3552911284,826.0707009863,0.742844
4725,5191.1268015980,826.1934906911,0.918096
4726,5192.0464869560,826.3398631620,0.934924
4727,5193.4044153437,826.5559841772,0.483210
4728,5194.7074889016,826.7633747752,0.090085
4729,5195.1591638537,826.8352610765,0.607185
4730,5196.7073241980,827.0816584480,-0.048052
4731,5197.1174983317,827.1469396889,0.513392
4732,5197.7183241762,827.2425640920,0.870983
4733,5199.2238581991,827.4821772737,0.261204
4734,5199.7763292299,827.5701057692,0.670462
4735,5200.9613112130,827.7587015093,0.403361
4736,5201.5558438742,827.8533243211,0.767611
4737,5202.4579897222,827.9969052922,0.802902
4738,5203.5212169496,828.1661231611,0.665908
4739,5205.0996069950,828.4173317389,-0.022054
4740,5205.9005957048,828.5448130515,0.121323
4741,5206.6331616787,828.6614045473,0.337858
4742,5207.2150666822,828.7540176051,0.715511
4743,5208.2885229399,828.9248634747,0.567422
4744,5209.1382393017,829.0601000339,0.658604
4745,5210.0109110486,829.1989900561,0.725211
4746,5210.8082186998,829.3258855100,0.872405
4747,5212.4194044695,829.5823136894,0.149011
4748,5213.3166742421,829.7251186090,0.189218
4749,5213.8969431920,829.8174712807,0.568501
4750,5214.7752525593,829.9572585581,0.628951
4751,5216.0544913523,830.1608557354,0.260473
4752,5216.9320093412,830.3005170610,0.321711
4753,5217.6507953204,830.4149154026,0.552742
4754,5218.6914130084,830.5805348515,0.439443
4755,5219.0578772201,830.6388594423,1.047376
4756,5220.2208551742,830.8239531324,0.803120
4757,5221.4229513231,831.0152726765,0.516968
4758,5222.8587876731,831.2437931291,-0.019326
4759,5223.4344289378,831.3354092818,0.364740
4760,5224.4574634957,831.4982302887,0.270073
4761,5225.2560650966,831.6253316810,0.415532
4762,5226.1484241055,831.7673550283,0.460643
4763,5226.3515403824,831.7996819878,1.243290
4764,5228.1830986721,832.0911835432,0.283301
4765,5229.1985571992,832.2527987873,0.196594
4766,5229.2418112590,832.2596828847,1.150305
4767,5230.8972097094,832.5231477309,0.378687
4768,5231.8150835883,832.6692318958,0.396337
4769,5232.8846201924,832.8394539332,0.251638
4770,5233.6581150954,832.9625594704,0.423764
4771,5234.6402898887,833.1188774438,0.372513
4772,5235.5747351660,833.2675990287,0.372321
4773,5236.3004612291,833.3831019190,0.595515
4774,5236.9574393649,833.4876632368,0.892282
4775,5237.8016954020,833.6220307583,0.988566
4776,5239.1927892082,833.8434302139,0.499453
4777,5240.6076360411,834.0686100811,-0.015148
4778,5241.5028254598,834.2110839021,0.026516
4779,5241.8227204164,834.2619967657,0.684050
4780,5242.7929853887,834.4164192321,0.645306
4781,5243.8825488686,834.5898286458,0.478809
4782,5244.8454510014,834.7430792799,0.447887
4783,5245.7557325176,834.8879550828,0.473277
4784,5246.2792508569,834.9712756143,0.912751
4785,5247.6103203919,835.1831219104,0.487550
4786,5248.4415390161,835.3154144632,0.597521
4787,5249.3663361317,835.4626004955,0.607268
4788,5250.6752381042,835.6709187145,0.205680
4789,5251.7985586265,835.8497007283,0.002774
4790,5252.5220378667,835.9648460256,0.228017
4791,5252.8905751484,836.0235005557,0.833353
4792,5253.9440704917,836.1911695471,0.705149
4793,5254.9126308709,836.3453207191,0.667873
4794,5255.6131643038,836.4568140778,0.917622
4795,5257.0811800645,836.6904560426,0.345372
4796,5257.9249410075,836.8247447675,0.441672
4797,5259.1083209604,837.0130855366,0.174190
4798,5259.7719045218,837.1186981405,0.463427
4799,5260.9591902460,837.3076605324,0.191695
4800,5261.1804760472,837.3428792615,0.954666
4801,5262.8488356863,837.6084069449,0.167560
4802,5263.3969651017,837.6956444508,0.580399
4803,5264.4113780176,837.8570932807,0.493727
4804,5265.0883745351,837.9648406229,0.768489
4805,5265.6059363275,838.0472131405,1.214038
4806,5267.8853641515,838.4099953462,-0.227955
4807,5268.1982707780,838.4597959825,0.436811
4808,5269.2013930211,838.6194478460,0.362088
4809,5270.2594545049,838.7878435612,0.228472
4810,5270.8862275260,838.8875975858,0.556926
4811,5271.6969691152,839.0166311172,0.688253
4812,5272.5179603600,839.1472959321,0.808577
4813,5273.5787379684,839.3161239320,0.671945
4814,5274.6915090154,839.4932269446,0.479565
4815,5275.6438788780,839.6448013159,0.459031
4816,5276.6835030254,839.8102626379,0.344967
4817,5277.4757595026,839.9363541725,0.495961
4818,5278.3793903825,840.0801714938,0.527580
4819,5279.7756677178,840.3023959336,0.031203
4820,5280.3154459812,840.3883043124,0.452712
4821,5281.2399506863,840.5354438061,0.461882
4822,5281.6333800658,840.5980600366,1.040219
4823,5283.1638685599,840.8416448458,0.399856
4824,5283.4787191860,840.8917548793,1.062394
4825,5284.9269266292,841.1222442525,0.510140
4826,5286.4371615576,841.3626056066,-0.108665
4827,5287.1374822053,841.4740650994,0.140646
4828,5287.7113802261,841.5654038063,0.525460
4829,5288.5155495978,841.6933913368,0.663421
4830,5289.3532452215,841.8267147362,0.765422
4831,5290.6749743480,842.0370744601,0.348502
4832,5291.3995905093,842.1524007040,0.571677
4833,5292.2750163911,842.2917290604,0.633155
4834,5293.0243555148,842.4109900860,0.829789
4835,5294.4647607140,842.6402376935,0.285484
4836,5295.1263554752,842.7455337701,0.576147
4837,5296.5810567192,842.9770566638,0.016423
4838,5297.1253949196,843.0636907791,0.432769
4839,5297.9811834394,843.1998937522,0.515153
4840,5299.2746792379,843.4057600024,0.128165
4841,5299.6273003199,843.4618813907,0.750048
4842,5300.1447368711,843.5442339755,1.195192
4843,5301.4581318092,843.7532672722,0.786781
4844,5302.9814542203,843.9957115638,0.153191
4845,5303.8852555459,844.1395560123,0.183933
4846,5304.5084578549,844.2387417404,0.515583
4847,5305.5263330121,844.4007416031,0.423941
4848,5306.4987697674,844.5555097195,0.381003
4849,5307.3003886362,844.6830913250,0.521245
4850,5308.0727905000,844.8060228997,0.692805
4851,5309.3617534819,845.0111677297,0.310287
4852,5310.0327647270,845.1179624862,0.590553
4853,5310.6068011120,845.2093232144,0.974824
4854,5311.8590498917,845.4086247977,0.631591
4855,5312.9802091585,845.5870628370,0.428932
4856,5314.4394267918,845.8193045364,-0.136416
4857,5314.9547940495,845.9013277829,0.310718
4858,5315.7262968593,846.0241162687,0.483065
4859,5316.6392539062,846.1694178956,0.503640
4860,5317.1397349059,846.2490719206,0.966711
4861,5318.4452409592,846.4568496622,0.566094
4862,5319.3647342979,846.6031915722,0.579582
4863,5320.1097530103,846.7217649830,0.780243
4864,5321.5366949977,846.9488698538,0.249214
4865,5322.6332805849,847.1233968705,0.072598
4866,5323.1372311121,847.2036030880,0.531856
4867,5323.7963278757,847.3085015959,0.824630
4868,5325.4664111430,847.5743036033,0.032534
4869,5326.0385127921,847.6653564087,0.418617
4870,5326.8677637898,847.7973358040,0.528737
4871,5327.4802222830,847.8948116007,0.871487
4872,5328.4638446653,848.0513599649,0.815905
4873,5329.3771585933,848.1967183912,0.835749
4874,5331.0150518484,848.4573971990,0.077923
4875,5331.8550337827,848.5910844759,0.176403
4876,5332.5824493389,848.7068562574,0.395679
4877,5333.7463494527,848.8920967137,0.146450
4878,5334.0612179574,848.9422095927,0.808491
4879,5335.1953883515,849.1227184172,0.591122
4880,5335.9479262272,849.2424885400,0.783359
4881,5337.0596727606,849.4194284963,0.589997
4882,5338.2142747717,849.6031891136,0.350594
4883,5338.9331254649,849.7175977548,0.578926
4884,5339.6745649869,849.8356015197,0.782994
4885,5341.2649578586,850.0887204067,0.075658
4886,5341.9077145569,850.1910183125,0.385618
4887,5342.9866898335,850.3627425612,0.227241
4888,5343.6233594330,850.4640716751,0.543703
4889,5344.5075326124,850.6047922071,0.594421
4890,5345.5282973417,850.7672519595,0.498461
4891,5346.0699656154,850.8534611428,0.916877
4892,5346.8909374218,850.9841228639,1.035392
4893,5348.7696692817,851.2831323262,0.018104
4894,5349.4890578401,851.3976265713,0.245633
4895,5350.3959047724,851.5419557432,0.271849
4896,5351.2254199258,851.6739771802,0.381084
4897,5351.7716373835,851.7609103886,0.794523
4898,5352.9001782071,851.9405232391,0.582602
4899,5354.1852028293,852.1450412598,0.202588
4900,5354.7734797140,852.2386684339,0.570810
4901,5355.3470636756,852.3299571566,0.954801
4902,5356.5388658287,852.5196383605,0.674816
4903,5357.7116198923,852.7062879667,0.415247
4904,5358.6691064418,852.8586766840,0.386851
4905,5359.6339179274,853.0122312011,0.350560
4906,5360.8771265313,853.2100939957,0.015206
4907,5361.6309972921,853.3300762538,0.205437
4908,5361.9166370168,853.3755372279,0.898613
4909,5362.9904053266,853.5464327621,0.745188
4910,5363.7172804770,853.6621185353,0.964370
4911,5365.2962674192,853.9134221123,0.268151
4912,5365.7422576806,853.9844036669,0.789035
4913,5367.3801238522,854.2450781643,0.029465
4914,5367.9055431147,854.3287012371,0.464987
4915,5368.8136416011,854.4732296000,0.489362
4916,5369.8075964526,854.6314224278,0.421469
4917,5370.7135398137,854.7756077919,0.448109
4918,5371.5383297505,854.9068771874,0.561921
4919,5372.6808672583,855.0887176794,0.334297
4920,5373.2199729472,855.1745190146,0.755031
4921,5374.1148352126,855.3169407676,0.793486
4922,5374.8697382450,855.4370873167,0.982312
4923,5376.7226636586,855.7319895555,-0.008805
4924,5377.7197308689,855.8906777306,-0.080275
4925,5378.2070381300,855.9682350900,0.396043
4926,5378.7687137200,856.0576285366,0.792433
4927,5380.1037318828,856.2701032763,0.357705
4928,5380.8770565108,856.3931817135,0.526599
4929,5381.3481506970,856.4681586819,1.020296
4930,5382.8099933705,856.7008181694,0.449157
4931,5383.5286009884,856.8151881239,0.676799
4932,5384.8197645236,857.0206831829,0.289021
4933,5385.6897811336,857.1591506269,0.353875
4934,5386.3110492482,857.2580285183,0.686085
4935,5387.7055341289,857.4799676802,0.187137
4936,5388.4491374947,857.5983158315,0.387806
4937,5389.6081464938,857.7827778428,0.141905
4938,5389.9095135614,857.8307419013,0.817937
4939,5390.9922600830,858.0030663624,0.653971
4940,5391.5059656271,858.0848251390,1.101718
4941,5392.9819596830,858.3197368890,0.514927
4942,5394.0837172525,858.4950870522,0.330423
4943,5395.1166634276,858.6594855420,0.219866
4944,5396.1158594717,858.8185125315,0.145564
4945,5397.0034297268,858.9597737249,0.191254
4946,5397.2619601579,859.0009201210,0.913280
4947,5398.2776219952,859.1625677229,0.821211
4948,5399.7125046405,859.3909363886,0.278331
4949,5400.4188878683,859.5033607711,0.518760
4950,5401.1944961854,859.6268026686,0.684733
4951,5401.9471430746,859.7465901415,0.875381
4952,5403.3895901152,859.9761627181,0.324212
4953,5404.2876877366,860.1190993940,0.358390
4954,5405.3544533228,860.2888804101,0.211151
4955,5406.1841327441,860.4209279912,0.318860
4956,5407.0755379967,860.5627995434,0.360163
4957,5407.7350143839,860.6677584703,0.650887
4958,5408.5887157675,860.8036292655,0.732701
4959,5409.5777394760,860.9610372775,0.668945
4960,5410.1018720172,861.0444555623,1.105196
4961,5412.1196607388,861.3655966114,-0.065182
4962,5412.7569318616,861.4670214607,0.249330
4963,5413.4489423384,861.5771583488,0.504948
4964,5414.3918846551,861.7272322795,0.490620
4965,5415.2250629637,861.8598367258,0.594345
4966,5416.5118143091,862.0646295629,0.210107
4967,5417.1907772930,862.1726898780,0.479684
4968,5417.7307759665,862.2586333362,0.898749
4969,5419.1457693656,862.4838365301,0.376446
4970,5419.6479140173,862.5637553335,0.836206
4971,5420.5951186182,862.7145076279,0.817121
4972,5422.1072015444,862.9551631000,0.190236
4973,5423.3642850301,863.1552341506,-0.162340
4974,5423.5828399973,863.1900182539,0.602498
4975,5424.9901375016,863.4139966082,0.088234
4976,5425.2055793317,863.4482852404,0.856411
4977,5426.0774736215,863.5870515264,0.918210
4978,5427.3277872672,863.7860451236,0.572773
4979,5428.2007935075,863.9249883821,0.633321
4980,5429.3070694776,864.1010576711,0.442813
4981,5430.0932323946,864.2261793855,0.596770
4982,5431.5185504619,864.4530258013,0.062842
4983,5432.0813005637,864.5425902618,0.457194
4984,5432.8670618737,864.6676480583,0.611519
4985,5433.9393146580,864.8383023892,0.457479
4986,5435.2245106694,865.0428476873,0.074208
4987,5435.6142141611,865.1048709243,0.654756
4988,5436.6584006721,865.2710583690,0.530840
4989,5436.8206449301,865.2968803447,1.356204
4990,5438.4860779024,865.5619422346,0.563531
4991,5439.8749473818,865.7829876776,0.068488
4992,5440.6451601320,865.9055708440,0.239372
4993,5441.5650503606,866.0519759210,0.249108
4994,5442.1971965408,866.1525851103,0.568588
4995,5443.2835397124,866.3254819960,0.399085
4996,5443.7951373207,866.4069052842,0.848313
4997,5444.9669595699,866.5934065876,0.586732
4998,5445.9250270997,866.7458877708,0.555249
4999,5446.7652478728,866.8796130601,0.650621
5000,5447.8619983013,867.0541663121,0.469768
5001,5448.9084132864,867.2207084296,0.343078
5002,5449.4276301676,867.3033443627,0.784018
5003,5451.3094076604,867.6028385525,-0.242229
5004,5451.6667756127,867.6597154286,0.372956
5005,5452.3309502021,867.7654220976,0.657759
5006,5453.2764258971,867.9158992280,0.639630
5007,5454.2327660910,868.0681054972,0.609774
5008,5454.9485555106,868.1820269215,0.838944
5009,5455.8679639829,868.3283553246,0.848814
5010,5457.2543358316,868.5490032573,0.355757
5011,5458.7156450868,868.7815778486,-0.218066
5012,5459.0621826107,868.8367310085,0.408706
5013,5459.7145139434,868.9405527646,0.706122
5014,5460.8155441648,869.1157871669,0.520245
5015,5461.6829688309,869.2538420903,0.585951
5016,5462.7450005495,869.4228696880,0.442017
5017,5463.7645545437,869.5851367459,0.343806
5018,5464.2438752268,869.6614230020,0.827496
5019,5465.0832415098,869.7950122950,0.923340
5020,5466.4183062458,870.0074944471,0.485180
5021,5467.7904449920,870.2258771111,0.007029
5022,5468.2445355538,870.2981478686,0.517843
5023,5469.4808883876,870.4949195335,0.185906
5024,5470.2200686724,870.6125637297,0.389557
5025,5471.0828731415,870.7498833259,0.460003
5026,5471.7608669197,870.8577893871,0.729541
5027,5472.2640376932,870.9378715029,1.187424
5028,5473.9252041884,871.2022543619,0.397625
5029,5474.8714529016,871.3528545220,0.378068
5030,5475.7494368241,871.4925900032,0.432041
5031,5476.7488938014,871.6516585216,0.355100
5032,5477.6719406187,871.7985659852,0.360466
5033,5478.4634364578,871.9245364605,0.507567
5034,5479.3968147598,872.0730882310,0.501754
5035,5480.6548058014,872.2733037236,0.146098
5036,5480.9567332022,872.3213569619,0.820723
5037,5481.9937340777,872.4864007773,0.703169
5038,5483.0668516898,872.6571927497,0.546661
5039,5483.4731489684,872.7218569700,1.108782
5040,5485.3795303349,873.0252669879,0.054153
5041,5486.2509580786,873.1639590209,0.114924
5042,5487.1586423257,873.3084214556,0.136595
5043,5487.8144482031,873.4127962027,0.429733
5044,5488.2394697865,873.4804404886,0.971616
5045,5489.5398863100,873.6874082064,0.569905
5046,5490.6064772024,873.8571614191,0.420197
5047,5491.1984884618,873.9513829374,0.782038
5048,5492.1370506014,874.1007597414,0.770292
5049,5493.7924691268,874.3642277826,-0.014268
5050,5494.0384805831,874.4033817219,0.720522
5051,5495.2808754625,874.6011150082,0.381145
5052,5496.0897272754,874.7298477725,0.509129
5053,5497.3734903962,874.9341650189,0.125078
5054,5498.1741239451,875.0615898058,0.261874
5055,5498.6335653052,875.1347121693,0.766519
5056,5499.6127975087,875.2905618150,0.710720
5057,5500.3539836459,875.4085252524,0.911563
5058,5501.3312242234,875.5640579209,0.857863
5059,5503.2116944788,875.8633440574,-0.169812
5060,5503.5225362393,875.9128160601,0.495003
5061,5504.5794910405,876.0810356414,0.355254
5062,5505.5719358287,876.2389881352,0.285040
5063,5506.3300114855,876.3596396232,0.467540
5064,5506.9081798982,876.4516579840,0.844040
5065,5508.0170095011,876.6281336963,0.648243
5066,5509.2912306766,876.8309322950,0.274040
5067,5509.9459303023,876.9351309767,0.567951
5068,5510.5442648133,877.0303588717,0.922640
5069,5511.7577738752,877.2234948374,0.613825
5070,5513.1099580562,877.4387016338,0.155393
5071,5514.0018487044,877.5806504391,0.193394
5072,5514.8444620981,877.7147565259,0.284524
5073,5515.5014829554,877.8193246430,0.575826
5074,5516.6296566661,877.9988790657,0.358888
5075,5517.1616334108,878.0835457943,0.785043
5076,5517.9482995564,878.2087475999,0.936449
5077,5519.0958376070,878.3913839531,0.698541
5078,5520.2153979388,878.5695675140,0.490779
5079,5521.6142047532,878.7921945329,-0.018281
5080,5522.2496309941,878.8933257601,0.296190
5081,5522.9700464657,879.0079834435,0.518957
5082,5523.6013509775,879.1084586771,0.837850
5083,5525.2397823503,879.3692231290,0.070113
5084,5525.7171223291,879.4451941462,0.555087
5085,5526.6627652237,879.5956978873,0.534765
5086,5527.3553324687,879.7059233877,0.787489
5087,5528.1664125018,879.8350107842,0.912320
5088,5529.6609340204,880.0728712715,0.299657
5089,5530.2031592492,880.1591690969,0.714553
5090,5531.9296126028,880.4339426822,-0.148483
5091,5532.4611173646,880.5185342923,0.277947
5092,5533.2758252773,880.6481990838,0.398744
5093,5533.9533584762,880.7560318415,0.667560
5094,5534.8107890074,880.8924961489,0.742215
5095,5535.6568683245,881.0271538545,0.829099
5096,5536.8995250561,881.2249288159,0.487948
5097,5537.7909083690,881.3667968763,0.525884
5098,5538.7407273182,881.5179652571,0.500727
5099,5539.8145850790,881.6888750279,0.341661
5100,5540.6945831433,881.8289310697,0.391812
5101,5541.5763515439,881.9692688694,0.440030
5102,5542.7646460567,882.1583918149,0.157349
5103,5543.1132566728,882.2138749177,0.781040
5104,5544.5152086086,882.4370024982,0.267663
5105,5545.1929991632,882.5448762154,0.535983
5106,5545.6678952220,882.6204582706,1.023321
5107,5546.5353045785,882.7585107574,1.086915
5108,5548.5239196611,883.0750086777,-0.059964
5109,5549.3588398145,883.2078903472,0.038636
5110,5549.8348231425,883.2836454467,0.524743
5111,5550.8078997790,883.4385154034,0.474146
5112,5551.9299117497,883.6170891547,0.262716
5113,5552.2079471168,883.6613398577,0.962517
5114,5553.6597897859,883.8924077951,0.394905
5115,5554.2385999438,883.9845282929,0.769924
5116,5555.4024307954,884.1697577258,0.513226
5117,5556.1992457438,884.2965747636,0.652808
5118,5557.3639224562,884.4819388195,0.395132
5119,5558.2020044967,884.6153237189,0.490105
5120,5559.2481786027,884.7818274992,0.360336
5121,5560.3672117770,884.9599271604,0.151851
5122,5561.3101352138,885.1099980863,0.133526
5123,5561.7915487980,885.1866174379,0.613606
5124,5562.2618844463,885.2614736813,1.105643
5125,5563.6378709008,885.4804687271,0.619541
5126,5564.4301625508,885.6065658596,0.763821
5127,5565.5662173270,885.7873745928,0.536785
5128,5566.9121772571,886.0015907689,0.082986
5129,5567.6443186522,886.1181146910,0.292163
5130,5568.7985801220,886.3018211096,0.045356
5131,5568.9129337704,886.3200210580,0.921832
5132,5570.0063561733,886.4940446383,0.740703
5133,5571.4378677770,886.7218767861,0.194314
5134,5572.1755812084,886.8392875253,0.397377
5135,5572.5860242257,886.9046115603,0.953978
5136,5573.8995294050,887.1136624024,0.534971
5137,5574.4412838834,887.1998853056,0.949688
5138,5576.0647624329,887.4582699417,0.195717
5139,5577.1836792813,887.6363510891,-0.013180
5140,5577.6722768284,887.7141138039,0.458920
5141,5578.6446443737,887.8688709052,0.408314
5142,5579.4959164928,888.0043550709,0.488526
5143,5580.3332703764,888.1376240806,0.583756
5144,5581.0255737836,888.2478075899,0.835699
5145,5581.8222771938,888.3746068759,0.974818
5146,5583.3891914185,888.6239890201,0.281629
5147,5584.3237408908,888.7727271882,0.271733
5148,5585.2445709560,888.9192818448,0.276638
5149,5585.7087170082,888.9931529833,0.775050
5150,5587.1600812746,889.2241447806,0.206565
5151,5587.8865252812,889.3397619351,0.421476
5152,5588.7510611855,889.4773570977,0.487128
5153,5589.6917271711,889.6270687392,0.470479
5154,5590.3851731389,889.7374340927,0.721003
5155,5591.4009636239,889.8991021695,0.623112
5156,5591.9252407926,889.9825434725,1.056449
5157,5593.5556170292,890.2420259096,0.294214
5158,5594.5745942826,890.4042011764,0.192787
5159,5595.7113747119,890.5851254009,-0.036010
5160,5596.2277366821,890.6673069609,0.405819
5161,5596.8566168296,890.7673963450,0.726009
5162,5597.8417689552,890.9241881755,0.661052
5163,5598.6060068128,891.0458204082,0.834886
5164,5600.1621503098,891.2934883379,0.152593
5165,5600.5497470476,891.3551762747,0.733565
5166,5601.3007509666,891.4747022607,0.921647
5167,5603.0813626518,891.7580954121,-0.003452
5168,5603.5648400507,891.8350432300,0.473823
5169,5604.3472543495,891.9595683332,0.627880
5170,5605.6446541874,892.1660559306,0.225099
5171,5606.5425795459,892.3089651899,0.254212
5172,5607.2731787194,892.4252436598,0.464230
5173,5608.0054035031,892.5417808536,0.672475
5174,5608.6955821638,892.6516261990,0.926171
5175,5609.5638959250,892.7898226263,0.987227
5176,5611.1467437537,893.0417406824,0.275572
5177,5612.1571146436,893.2025462039,0.182943
5178,5613.1214002815,893.3560170297,0.140124
5179,5613.7278969967,893.4525439799,0.484219
5180,5614.4922879169,893.5742005733,0.657543
5181,5615.7410264380,893.7729434816,0.307017
5182,5616.2545247962,893.8546692835,0.751650
5183,5617.3202714376,894.0242881296,0.598982
5184,5618.2890895741,894.1784803250,0.551119
5185,5619.2680820173,894.3342918116,0.492226
5186,5619.9023945193,894.4352457817,0.806129
5187,5621.0233916610,894.6136580180,0.593587
5188,5622.4886041423,894.8468538271,0.008667
5189,5623.4136258431,894.9940756033,0.008039
5190,5623.7771201067,895.0519275121,0.614828
5191,5624.7555791353,895.2076541031,0.556360
5192,5625.5921847434,895.3408040210,0.651322
5193,5626.5022427119,895.4856442452,0.666802
5194,5627.2131872082,895.5987945761,0.897671
5195,5628.3484624442,895.7794792417,0.669450
5196,5629.8906487979,896.0249258230,0.000945
5197,5630.3805022298,896.1028884181,0.470955
5198,5631.5202880396,896.2842909638,0.237752
5199,5632.1974651554,896.3920670491,0.505056
5200,5632.8471000056,896.4954596467,0.802148
5201,5634.3700162119,896.7378392889,0.154299
5202,5635.0162508076,896.8406907192,0.455030
5203,5635.9294702745,896.9860341115,0.466846
5204,5636.2366944815,897.0349303627,1.134398
5205,5637.4902370625,897.2344378608,0.777905
5206,5638.7887144579,897.4410969568,0.372740
5207,5640.1342525916,897.6552460019,-0.083402
5208,5640.3857109664,897.6952668452,0.644464
5209,5641.8722507685,897.9318570028,0.035660
5210,5642.4633990978,898.0259411815,0.395874
5211,5643.0933194406,898.1261961178,0.714115
5212,5643.6631274878,898.2168838851,1.097405
5213,5645.3281174149,898.4818752623,0.295316
5214,5645.7690160953,898.5520464666,0.818099
5215,5647.1615765735,898.7736793503,0.310794
5216,5647.8572069768,898.8843923675,0.557825
5217,5648.9744629931,899.0622091852,0.348448
5218,5649.8007569254,899.1937179490,0.454001
5219,5650.8390752329,899.3589714401,0.330014
5220,5651.8834184628,899.5251838275,0.199475
5221,5652.3454795792,899.5987231382,0.699267
5222,5653.4073562053,899.7677260522,0.549702
5223,5654.1921513735,899.8926300825,0.700079
5224,5655.0003727625,900.0212625117,0.825077
5225,5655.8192526237,900.1515912894,0.938516
5226,5657.8667387159,900.4774588219,-0.278277
5227,5658.4112474599,900.5641200800,0.132169
5228,5658.9212158886,900.6452840763,0.580005
5229,5659.8944128727,900.8001731869,0.526264
5230,5660.6304228027,900.9173128054,0.729322
5231,5661.9296967612,901.1240986783,0.322448
5232,5662.4574511480,901.2080933977,0.750974
5233,5663.5572482490,901.3831315428,0.560044
5234,5664.3367082563,901.5071864559,0.715974
5235,5665.4604598019,901.6860370692,0.499045
5236,5666.4726157784,901.8471266960,0.402934
5237,5667.3161704627,901.9813825938,0.489387
5238,5668.5253156093,902.1738240208,0.179881
5239,5669.4727679003,902.3246157362,0.153760
5240,5669.9785638137,902.4051156560,0.605956
5241,5671.1496590682,902.5915012546,0.337571
5242,5671.4799591543,902.6440701460,0.979824
5243,5672.2909548909,902.7731441263,1.101424
5244,5673.9371583971,903.0351455517,0.318343
5245,5674.8149951255,903.1748576062,0.367485
5246,5675.7075287403,903.3169087429,0.400686
5247,5676.9725365228,903.5182409845,0.030381
5248,5677.3850260825,903.5838907369,0.583547
5249,5678.3479088818,903.7371382941,0.540475
5250,5679.1139039848,903.8590502011,0.710668
5251,5680.3390450531,904.0540374581,0.383433
5252,5681.2415651372,904.1976779907,0.405676
5253,5682.0991699247,904.3341700319,0.476558
5254,5682.2881501468,904.3642471684,1.271817
5255,5683.9705090433,904.6320029028,0.449101
5256,5685.1237934848,904.8155538225,0.199555
5257,5686.0935412255,904.9698939689,0.148835
5258,5687.0245197311,905.1180638000,0.140098
5259,5687.4818565480,905.1908512151,0.644553
5260,5688.3638444700,905.3312239526,0.688864
5261,5689.5086317873,905.5134225130,0.448383
5262,5689.9526950616,905.5840973781,0.967191
5263,5691.1409457707,905.7732133521,0.679560
5264,5692.2052179588,905.9425975316,0.526243
5265,5693.5896086972,906.1629301608,0.025976
5266,5694.3119665283,906.2778969803,0.243135
5267,5694.6092174683,906.3252059367,0.920990
5268,5696.0319173720,906.5516356590,0.379112
5269,5697.1720496683,906.7330933497,0.143431
5270,5697.9020796250,906.8492812259,0.352202
5271,5698.3747478280,906.9245087069,0.839901
5272,5699.3729931970,907.0833843918,0.757934
5273,5700.4810143481,907.2597314350,0.556952
5274,5700.9838723956,907.3397637789,1.011894
5275,5702.7328114453,907.6181160739,0.116129
5276,5703.6162278116,907.7587161554,0.158515
5277,5704.5058406104,907.9003024297,0.194163
5278,5705.1779271080,908.0072683180,0.465598
5279,5706.0774143267,908.1504261551,0.490502
5280,5706.5960757480,908.2329736841,0.928234
5281,5707.7686522513,908.4195950308,0.657043
5282,5709.0394244437,908.6218447067,0.279355
5283,5709.5203691322,908.6983894313,0.757935
5284,5710.6017409348,908.8704950990,0.585532
5285,5711.5592249693,909.0228834160,0.547419
5286,5712.8158712283,909.2228848798,0.184913
5287,5713.7938441011,909.3785340967,0.124526
5288,5714.0997546959,909.4272212800,0.792830
5289,5715.6336443587,909.6713474020,0.129611
5290,5716.3335604859,909.7827425134,0.370660
5291,5716.7502791523,909.8490653491,0.918787
5292,5717.7714966029,910.0115971543,0.811398
5293,5718.4723395817,910.1231397787,1.051400
5294,5720.3633899992,910.4241098003,0.000667
5295,5721.0505347320,910.5334722811,0.255474
5296,5721.9643234863,910.6789062783,0.264471
5297,5722.5913579478,910.7787019124,0.584439
5298,5723.7790459938,910.9677283357,0.296337
5299,5724.1633579354,911.0288934809,0.879524
5300,5725.6711409153,911.2688645953,0.244192
5301,5726.2333868789,911.3583488196,0.634367
5302,5726.9887435360,911.4785675654,0.815076
5303,5728.1207002543,911.6587240725,0.587279
5304,5729.1523768531,911.8229205029,0.468222
5305,5729.8831931872,911.9392335349,0.675489
5306,5731.3478621153,912.1723428348,0.086686
5307,5732.3411891472,912.3304357420,0.009138
5308,5732.8820931798,912.4165232926,0.422361
5309,5733.5999679101,912.5307766044,0.643592
5310,5734.2890926866,912.6404542190,0.895999
5311,5735.4489924202,912.8250579951,0.637658
5312,5736.3254169475,912.9645452909,0.686826
5313,5737.2552610809,913.1125345810,0.678016
5314,5738.6098198418,913.3281193035,0.208379
5315,5739.5696344323,913.4808785400,0.166992
5316,5740.3118947992,913.5990129465,0.361632
5317,5740.8653721815,913.6871016078,0.761092
5318,5742.1466985133,913.8910310272,0.370783
5319,5743.0060629221,914.0278031208,0.438300
5320,5743.8919935557,914.1688033604,0.476969
5321,5744.8575304272,914.3224733262,0.429232
5322,5745.3163950429,914.3955038980,0.931294
5323,5746.1050372940,914.5210202106,1.075482
5324,5747.9443512672,914.8137561213,0.079444
5325,5748.7376213288,914.9400089728,0.218553
5326,5749.8400455984,915.1154652447,0.022124
5327,5750.0724189411,915.1524486109,0.769932
5328,5751.5106786575,915.3813547542,0.208972
5329,5752.0225804542,915.4628264555,0.653385
5330,5752.7253534146,915.5746762460,0.890626
5331,5753.6884382323,915.7279559554,0.845314
5332,5755.2670014954,915.9791921017,0.131920
5333,5755.6667685044,916.0428169972,0.697996
5334,5756.7647684719,916.2175691196,0.506159
5335,5757.9420079780,916.4049326062,0.228273
5336,5758.4753407269,916.4898151495,0.649332
5337,5759.8966834653,916.7160288721,0.106402
5338,5760.6461079484,916.8353034831,0.292846
5339,5761.1316450544,916.9125791136,0.765751
5340,5762.4519067412,917.1227052872,0.332454
5341,5762.7339074551,917.1675870948,1.026303
5342,5763.8322809464,917.3423986653,0.833846
5343,5764.9635567151,917.5224467958,0.605633
5344,5766.3053890902,917.7360060511,0.148776
5345,5767.3829189227,917.9075002503,-0.021158
5346,5767.9850958061,918.0033396779,0.325011
5347,5768.7081113073,918.1184111689,0.539963
5348,5769.2173794899,918.1994637175,0.986993
5349,5770.6818869924,918.4325473257,0.396770
5350,5771.7177429727,918.5974089253,0.271959
5351,5772.1103109136,918.6598880536,0.845672
5352,5773.0859862232,918.8151716020,0.786172
5353,5774.2691437362,919.0034769686,0.501329
5354,5775.4049016664,919.1842384574,0.267923
5355,5776.0525098710,919.2873085043,0.564621
5356,5777.4000763852,919.5017803762,0.101126
5357,5778.0911217564,919.6117636629,0.350611
5358,5779.0052011007,919.7572439090,0.357850
5359,5779.6615554909,919.8617059546,0.644983
5360,5780.3785972036,919.9758266875,0.866191
5361,5781.2539219511,920.1151389479,0.915465
5362,5782.4004667947,920.2976172273,0.670124
5363,5784.0484325181,920.5598991182,-0.119908
5364,5784.4684673157,920.6267497325,0.423836
5365,5785.2128945344,920.7452290041,0.615201
5366,5786.4935754014,920.9490556946,0.224024
5367,5787.1348788001,921.0511223005,0.527372
5368,5787.9694409447,921.1839469912,0.620765
5369,5788.9857998250,921.3457055309,0.516642
5370,5789.9543513211,921.4998552892,0.464429
5371,5790.6922670307,921.6172982219,0.662755
5372,5791.5469762175,921.7533294139,0.734179
5373,5792.2895936352,921.8715206468,0.927365
5374,5794.3019077881,922.1917903913,-0.258982
5375,5794.6687815962,922.2501801713,0.342404
5376,5795.5639397378,922.3926490144,0.369784
5377,5796.4190406692,922.5287425545,0.440667
5378,5797.2178392361,922.6558752949,0.572708
5379,5797.8842821934,922.7619429859,0.848551
5380,5798.9396642547,922.9299122578,0.701747
5381,5800.0410302744,923.1052001040,0.504943
5382,5800.7192773205,923.2131464740,0.767907
5383,5802.3717184072,923.4761406411,-0.027818
5384,5802.7811360746,923.5413014867,0.527252
5385,5803.8712062581,923.7147915447,0.342608
5386,5804.4094090317,923.8004491765,0.757699
5387,5805.8201887538,924.0249817429,0.224452
5388,5806.7986610088,924.1807104390,0.161009
5389,5807.3739496196,924.2722704651,0.535749
5390,5807.7863833884,924.3379113381,1.087485
5391,5808.9500495470,924.5231145593,0.822699
5392,5810.0332031913,924.6955038159,0.645389
5393,5811.3568211786,924.9061641614,0.206667
5394,5812.2047882910,925.0411223189,0.284935
5395,5813.3450515665,925.2226008556,0.045448
5396,5813.9464149290,925.3183108074,0.391741
5397,5814.4993273154,925.4063095467,0.790693
5398,5815.6247142498,925.5854204403,0.567307
5399,5816.2956702028,925.6922063968,0.837907
5400,5817.6871419558,925.9136660044,0.325191
5401,5818.2921587571,926.0099574190,0.667441
5402,5819.2638736607,926.1646106492,0.611009
5403,5820.3230724836,926.3331873776,0.459438
5404,5821.1995803177,926.4726879320,0.506466
5405,5822.5549323619,926.6883989095,0.032837
5406,5823.1601205901,926.7847176075,0.374819
5407,5824.0344461960,926.9238708496,0.424152
5408,5824.6440707503,927.0208956108,0.761287
5409,5826.0224176855,927.2402663388,0.262525
5410,5826.4371664732,927.3062756585,0.811533
5411,5826.8943136232,927.3790328872,1.314432
5412,5828.8903229570,927.6967076391,0.143909
5413,5829.8843973420,927.8549194913,0.062880
5414,5830.5910343464,927.9673842635,0.294416
5415,5831.3486198286,928.0879577378,0.470530
5416,5832.0104379951,928.1932893705,0.750779
5417,5833.3207489877,928.4018318419,0.325735
5418,5834.0007713261,928.5100607585,0.586150
5419,5834.9352420186,928.6587863884,0.569810
5420,5835.9525975277,928.8207035465,0.463296
5421,5836.4097757935,928.8934657274,0.966042
5422,5837.6948169374,929.0979863775,0.568327
5423,5838.8878117706,929.2878574023,0.270688
5424,5839.6571488896,929.4103012077,0.433848
5425,5840.8707457801,929.6034511517,0.113735
5426,5841.7732446966,929.7470883154,0.131999
5427,5842.2573472611,929.8241356315,0.605384
5428,5843.0040161636,929.9429716782,0.793132
5429,5843.7455040571,930.0609831417,0.986502
5430,5845.0435407789,930.2675721023,0.574392
5431,5846.1223464757,930.4392693616,0.400744
5432,5846.8589671536,930.5565061837,0.599346
5433,5848.1829874154,930.7672305531,0.158856
5434,5848.9969583433,930.8967780498,0.273259
5435,5849.6615173756,931.0025459048,0.550208
5436,5850.4892681385,931.1342865303,0.649586
5437,5851.7110597599,931.3287407063,0.320198
5438,5852.6681455885,931.4810656469,0.278799
5439,5853.0955545949,931.5490899030,0.813730
5440,5854.1915399720,931.7235213933,0.621152
5441,5854.7154917729,931.8069109124,1.051011
5442,5856.0942288939,932.0263437404,0.550695
5443,5857.8438093414,932.3047981169,-0.353239
5444,5858.0833583095,932.3429235193,0.386071
5445,5858.8339530601,932.4623843841,0.569226
5446,5859.8613972520,932.6259072060,0.451071
5447,5860.6493829998,932.7513190329,0.593496
5448,5861.4348689859,932.8763330103,0.738624
5449,5862.5574282977,933.0549938737,0.516876
5450,5863.0940385133,933.1403980420,0.932838
5451,5864.6567636064,933.3891134653,0.231951
5452,5865.5227925106,933.5269462462,0.289327
5453,5866.0402353246,933.6092998279,0.726110
5454,5867.2015469814,933.7941283185,0.462039
5455,5868.5436609747,934.0077323947,0.001121
5456,5868.9869170350,934.0782787878,0.518617
5457,5870.0089918557,934.2409470477,0.406024
5458,5870.7188846479,934.3539299946,0.633244
5459,5871.4197244976,934.4654721210,0.870305
5460,5872.4027948563,934.6219326280,0.800106
5461,5873.3875937064,934.7786682330,0.727999
5462,5874.8815882083,935.0164448429,0.101503
5463,5875.7983581543,935.1623533115,0.103396
5464,5876.3749636215,935.2541229218,0.475621
5465,5877.6097486067,935.4506450559,0.131228
5466,5877.9332939195,935.5021388917,0.778956
5467,5878.6762144787,935.6203783710,0.970062
5468,5880.4632847268,935.9047994347,0.024235
5469,5880.7095609276,935.9439955094,0.756074
5470,5881.8250241206,936.1215269904,0.541465
5471,5882.2705161724,936.1924292526,1.056367
5472,5884.0328262449,936.4729096119,0.137329
5473,5884.6842500480,936.5765869302,0.427950
5474,5885.7447305404,936.7453676426,0.273099
5475,5886.6211911650,936.8848606834,0.318619
5476,5887.4863003887,937.0225470927,0.376482
5477,5888.3875765342,937.1659896463,0.394935
5478,5888.8454705217,937.2388657378,0.896252
5479,5889.6982918348,937.3745964654,0.967445
5480,5890.8426893576,937.5567329880,0.721052
5481,5892.2258482935,937.7768695697,0.214570
5482,5893.1210916700,937.9193519784,0.239479
5483,5894.0856132198,938.0728603508,0.188907
5484,5894.5444108634,938.1458802636,0.689168
5485,5895.5571336520,938.3070601014,0.586055
5486,5896.8146258741,938.5071962045,0.216287
5487,5897.5285083952,938.6208141365,0.438646
5488,5898.0456155928,938.7031143031,0.875346
5489,5899.3352944032,938.9083730607,0.470430
5490,5900.0261307682,939.0183230831,0.717847
5491,5900.8328837958,939.1467218153,0.838970
5492,5902.1606602143,939.3580439956,0.392452
5493,5903.4591043362,939.5646977960,-0.022157
5494,5904.3592248500,939.7079564251,-0.002833
5495,5904.7866496490,939.7759831947,0.531483
5496,5905.3779042970,939.8700842945,0.887296
5497,5906.6542948343,940.0732281579,0.496603
5498,5907.3056044814,940.1768873077,0.786951
5499,5908.3041303780,940.3358076399,0.698959
5500,5909.4323160047,940.5153639591,0.469656
5501,5910.2974286392,940.6530509113,0.526982
5502,5911.4891765770,940.8427234865,0.228356
5503,5912.3324122209,940.9769286074,0.309474
5504,5912.9352966125,941.0728806384,0.652493
5505,5914.1156665417,941.2607423473,0.366182
5506,5915.0195767541,941.4046041258,0.381117
5507,5916.0883325807,941.5747018985,0.216379
5508,5916.4411691280,941.6308575791,0.831848
5509,5917.3808909682,941.7804189551,0.807698
5510,5917.9754179607,941.8750408648,1.159744
5511,5920.0555508690,942.2061042994,-0.107395
5512,5920.5384765115,942.2829643026,0.366248
5513,5921.4384185630,942.4261945285,0.385353
5514,5922.5520800878,942.6034392652,0.171483
5515,5923.1064805276,942.6916748356,0.567185
5516,5924.0239182059,942.8376895771,0.567156
5517,5924.6125679970,942.9313761011,0.925503
5518,5925.9826521123,943.1494317605,0.432016
5519,5926.8678068976,943.2903085200,0.467108
5520,5927.4793564339,943.3876396516,0.800446
5521,5928.8991619846,943.6136087232,0.252649
5522,5929.3453828975,943.6846269872,0.766191
5523,5930.8603628944,943.9257435424,0.114562
5524,5931.5701348644,944.0387072599,0.340749
5525,5932.7360655474,944.2242708914,0.069589
5526,5933.0335365596,944.2716148734,0.745264
5527,5933.9878980435,944.4235062211,0.704733
5528,5934.8299813073,944.5575279350,0.786598
5529,5935.9483473276,944.7355214154,0.567198
5530,5936.4651473292,944.8177726902,1.003699
5531,5938.2876799882,945.1078377718,0.016421
5532,5939.2653032668,945.2634313491,-0.049610
5533,5939.6958387114,945.3319531933,0.480913
5534,5940.3790998531,945.4406975814,0.735840
5535,5941.4418948044,945.6098466514,0.576875
5536,5942.4677361538,945.7731143730,0.458178
5537,5943.5439791745,945.9444037697,0.284487
5538,5944.1302466243,946.0377111323,0.645123
5539,5944.7254133711,946.1324348620,0.996045
5540,5946.1433319907,946.3581036192,0.449649
5541,5946.8200626530,946.4658086493,0.711581
5542,5948.3016138694,946.7016048488,0.095703
5543,5949.1424263126,946.8354243054,0.178631
5544,5949.7777063515,946.9365322638,0.485720
5545,5950.9890843930,947.1293290671,0.164419
5546,5951.4301216744,947.1995223305,0.683352
5547,5952.2619025846,947.3319043739,0.776061
5548,5952.9026187681,947.4338775216,1.077167
5549,5954.4659957607,947.6826966979,0.371788
5550,5955.3421384767,947.8221391420,0.416037
5551,5956.3659140610,947.9850780869,0.299212
5552,5957.0276929493,948.0904034682,0.577270
5553,5958.3326401014,948.2980922579,0.153655
5554,5958.8664574954,948.3830519349,0.571281
5555,5959.8765166050,948.5438078350,0.469324
5556,5960.7406930761,948.6813457921,0.526501
5557,5961.7886625475,948.8481353137,0.383132
5558,5962.5742458857,948.9731647851,0.526016
5559,5962.9435595131,949.0319428745,1.123068
5560,5964.1465334596,949.2234021245,0.810511
5561,5965.7365091676,949.4764546178,0.075639
5562,5966.6195151436,949.6169893837,0.112135
5563,5967.4331332314,949.7464807241,0.224326
5564,5968.1789187431,949.8651761748,0.410519
5565,5968.7358787850,949.9538191186,0.802751
5566,5969.7796802067,950.1199452744,0.663707
5567,5970.8442167667,950.2893715301,0.502006
5568,5971.6049715427,950.4104494132,0.671795
5569,5972.4853684051,950.5505689257,0.711000
5570,5973.6209022483,950.7312947499,0.471739
5571,5974.8862111795,950.9326749208,0.090807
5572,5975.3561632299,951.0074701127,0.577900
5573,5976.1419018925,951.1325243048,0.720330
5574,5978.0265904193,951.4324818000,-0.336722
5575,5978.1393097258,951.4504216348,0.540247
5576,5978.8326703528,951.5607734060,0.783450
5577,5979.8622885781,951.7246422360,0.659606
5578,5980.5926133334,951.8408770309,0.862429
5579,5981.5062607993,951.9862885413,0.865128
5580,5982.9149767637,952.2104926505,0.327386
5581,5984.0126156400,952.3851873034,0.129177
5582,5984.7928175068,952.5093602871,0.277470
5583,5985.6690346699,952.6488145798,0.320929
5584,5986.4191452051,952.7681983793,0.502038
5585,5987.0559195177,952.8695441588,0.806865
5586,5988.3138414631,953.0697486545,0.433545
5587,5988.9739482508,953.1748079127,0.712866
5588,5990.2942848736,953.3849460128,0.271338
5589,5990.8097551429,953.4669856541,0.708541
5590,5991.4729854301,953.5725420328,0.984407
5591,5993.0846536146,953.8290469910,0.224693
5592,5994.0572331747,953.9838378355,0.162740
5593,5995.0245324945,954.1377883037,0.106528
5594,5995.4095406511,954.1990642549,0.686124
5595,5996.6094655385,954.3900382321,0.375857
5596,5997.3925056888,954.5146629427,0.520789
5597,5998.0529197527,954.6197711054,0.799615
5598,5998.7347949433,954.7282949126,1.054993
5599,6000.1210209984,954.9489196415,0.541167
5600,6001.4955190899,955.1676778070,0.040098
5601,6002.1545896334,955.2725721419,0.320320
5602,6002.9148383456,955.3935694824,0.490029
5603,6003.8785193652,955.5469440802,0.437541
5604,6004.5918207249,955.6604695175,0.658490
5605,6005.8557849423,955.8616356706,0.277986
5606,6006.6780286150,955.9924998156,0.379907
5607,6007.3255659076,956.0955585765,0.672635
5608,6007.9782874578,956.1994424377,0.959689
5609,6009.2045403796,956.3946066517,0.620264
5610,6010.1908204104,956.5515779939,0.542930
5611,6011.2530254285,956.7206331731,0.382633
5612,6012.6511226353,956.9431472544,-0.144621
5613,6013.0472456456,957.0061921896,0.422652
5614,6014.0423731698,957.1645716541,0.335553
5615,6014.6638693794,957.2634858480,0.656603
5616,6015.1614673001,957.3426810167,1.112998
5617,6016.7368037038,957.5934035924,0.391965
5618,6017.5305428991,957.7197311089,0.524791
5619,6018.1804745295,957.8231709405,0.814717
5620,6019.6502858360,958.0570986753,0.208853
5621,6020.4854771655,958.1900235039,0.296327
5622,6021.0785336850,958.2844113805,0.648346
5623,6022.4969915370,958.5101659592,0.098481
5624,6022.8660867510,958.5689092870,0.695184
5625,6024.2359286215,958.7869263919,0.198376
5626,6024.7658221549,958.8712615671,0.619355
5627,6025.6529890588,959.0124585652,0.649920
5628,6026.3284293682,959.1199582292,0.911832
5629,6027.1499893550,959.2507135621,1.014054
5630,6029.0838793362,959.5585017120,-0.099315
5631,6029.8713364906,959.6838294106,0.040117
5632,6030.3665655453,959.7626475626,0.498901
5633,6031.1905524938,959.8937891585,0.598384
5634,6032.2741148066,960.0662434568,0.414155
5635,6033.1467313313,960.2051246901,0.460447
5636,6033.6449772084,960.2844229843,0.915891
5637,6034.9421326299,960.4908716816,0.498138
5638,6035.7823576053,960.6245976397,0.579773
5639,6036.7351044642,960.7762320118,0.538400
5640,6037.6218149707,960.9173563720,0.569184
5641,6038.6208190101,961.0763528031,0.477201
5642,6039.7801884621,961.2608721822,0.209894
5643,6040.7479294743,961.4148929480,0.152029
5644,6041.3982409933,961.5183932408,0.441142
5645,6042.3976522372,961.6774544804,0.348614
5646,6042.6686440645,961.7205841693,1.052369
5647,6043.9950102690,961.9316819071,0.602374
5648,6044.5525721239,962.0204206324,0.992829
5649,6046.1815219542,962.2796760499,0.211959
5650,6046.7969323962,962.3776216638,0.539136
5651,6048.2636073614,962.6110502344,-0.064408
5652,6048.9526458645,962.7207141181,0.182233
5653,6049.2411429916,962.7666298620,0.866801
5654,6050.2461281223,962.9265782133,0.767973
5655,6051.6269710339,963.1463461883,0.258147
5656,6052.4397392937,963.2757022744,0.369436
5657,6053.0674139243,963.3755997945,0.683101
5658,6053.7788460365,963.4888277319,0.905168
5659,6054.8041645580,963.6520122428,0.783985
5660,6056.2608862322,963.8838566980,0.191016
5661,6057.0728421162,964.0130834905,0.303094
5662,6058.0008762707,964.1607847135,0.288212
5663,6059.1344937858,964.3412055446,0.048477
5664,6059.4668287284,964.3940982935,0.685026
5665,6060.3416275930,964.5333268570,0.728307
5666,6061.4936198223,964.7166721147,0.468406
5667,6061.7939117477,964.7644650590,1.139980
5668,6063.2536872077,964.9967955393,0.543404
5669,6064.5933999326,965.2100174418,0.078093
5670,6065.1044465942,965.2913530441,0.519123
5671,6066.1425739326,965.4565761416,0.383624
5672,6066.8299343789,965.5659729543,0.631778
5673,6068.1653527872,965.7785113951,0.171038
5674,6068.8843778479,965.8929477877,0.384518
5675,6069.5697098815,966.0020217685,0.634840
5676,6070.4567309486,966.1431955559,0.664519
5677,6071.6071243797,966.3262863570,0.406061
5678,6071.9870317371,966.3867504908,0.990459
5679,6072.9869302816,966.5458892868,0.896595
5680,6074.8357518810,966.8401383832,-0.126038
5681,6075.4562098805,966.9388873408,0.195154
5682,6076.3195804109,967.0762970285,0.250571
5683,6076.8965954288,967.1681318208,0.619269
5684,6077.9235255979,967.3315728334,0.495701
5685,6078.4642570004,967.4176329090,0.904073
5686,6079.7253725148,967.6183456769,0.524226
5687,6080.8175946399,967.7921782271,0.329140
5688,6081.1771706529,967.8494065270,0.935693
5689,6082.5010837070,968.0601138338,0.487041
5690,6083.6440167579,968.2420172785,0.236384
5691,6084.3830073657,968.3596312866,0.427724
5692,6085.2309051624,968.4945784122,0.499872
5693,6086.3255569126,968.6687976492,0.301969
5694,6087.2783923644,968.8204461213,0.259234
5695,6088.1447680715,968.9583340976,0.311096
5696,6088.5375414047,969.0208459151,0.881249
5697,6089.1286160197,969.1149183618,1.234375
5698,6090.7171531071,969.3677418916,0.495831
5699,6091.6898817685,969.5225564663,0.431214
5700,6093.1923353256,969.7616793767,-0.213217
5701,6093.2834268177,969.7761770380,0.687082
5702,6094.5502613300,969.9778000127,0.300486
5703,6095.3311933800,970.1020892086,0.445708
5704,6095.9117283181,970.1944842137,0.810266
5705,6097.0967284894,970.3830828485,0.513161
5706,6098.0714980105,970.5382222362,0.446148
5707,6098.7868880809,970.6520801021,0.663044
5708,6099.6670652470,970.7921646489,0.699536
5709,6100.7139396348,970.9587798825,0.553524
5710,6101.5426360107,971.0906710071,0.646330
5711,6103.1110620563,971.3402937651,-0.070712
5712,6103.8908360077,971.4643986439,0.075603
5713,6104.3699865460,971.5406578206,0.551028
5714,6105.0801123186,971.6536778475,0.773570
5715,6106.4279379481,971.8681909589,0.297910
5716,6106.6988707873,971.9113112595,1.001275
5717,6107.8883982795,972.1006304398,0.698880
5718,6108.6837807169,972.2272194864,0.828008
5719,6110.5310114760,972.5212153927,-0.194608
5720,6110.8309961548,972.5689594372,0.476917
5721,6111.8445328475,972.7302688119,0.367105
5722,6112.4644353848,972.8289293649,0.688305
5723,6113.5526174740,973.0021189234,0.496709
5724,6114.7618917533,973.1945809025,0.172477
5725,6115.2747915438,973.2762114395,0.610808
5726,6116.1674959306,973.4182897553,0.633204
5727,6117.0907532911,973.5652307280,0.622119
5728,6117.5523594277,973.6386976264,1.116593
5729,6119.2159978424,973.9034739036,0.294621
5730,6120.2815346974,974.0730593611,0.127636
5731,6120.9333016864,974.1767912992,0.413801
5732,6122.0943987585,974.3615856376,0.142104
5733,6122.8574249196,974.4830250229,0.306377
5734,6123.3566079728,974.5624724733,0.759623
5735,6124.1388832208,974.6869754459,0.902787
5736,6125.1726198802,974.8514997451,0.770498
5737,6126.5685865193,975.0736747361,0.241401
5738,6127.1302213940,975.1630617026,0.626190
5739,6128.0468631298,975.3089497659,0.622089
5740,6129.2687515480,975.5034193476,0.283584
5741,6130.2916064646,975.6662117636,0.163077
5742,6130.6867686493,975.7291037786,0.730182
5743,6132.1216873971,975.9574781903,0.158212
5744,6132.7623534868,976.0594433653,0.456338
5745,6133.4898927042,976.1752348281,0.659278
5746,6134.4550516680,976.3288446480,0.601870
5747,6135.1430749220,976.4383469499,0.848072
5748,6135.8926132006,976.5576396719,1.026865
5749,6137.7813893201,976.8582477277,-0.042578
5750,6138.4456013903,976.9639603620,0.229655
5751,6139.5893469588,977.1459931228,-0.023558
5752,6139.8132398338,977.1816267806,0.731117
5753,6140.6758633828,977.3189175825,0.785905
5754,6141.8723587562,977.5093457355,0.474824
5755,6142.9114516403,977.6747225044,0.336190
5756,6143.3566661032,977.7455805869,0.848317
5757,6144.4058672078,977.9125661290,0.698566
5758,6145.5053640439,978.0875564853,0.493668
5759,6146.6043296047,978.2624622866,0.289321
5760,6147.0700234476,978.3365797637,0.778962
5761,6148.5931139456,978.5789871452,0.109750
5762,6149.3989252301,978.7072359944,0.226607
5763,6150.2753741043,978.8467271651,0.266028
5764,6150.8798878706,978.9429385191,0.603476
5765,6151.5725020813,979.0531714944,0.844353
5766,6152.5855990272,979.2144108812,0.733951
5767,6153.3263656532,979.3323075514,0.922019
5768,6154.8056384235,979.5677411250,0.300590
5769,6155.7048099016,979.7108487104,0.314982
5770,6156.7374644946,979.8752007934,0.183033
5771,6157.3811286499,979.9776431254,0.477464
5772,6158.3976861731,980.1394332801,0.363116
5773,6159.0969471901,980.2507241275,0.596572
5774,6159.8294689958,980.3673085938,0.793554
5775,6161.4293689456,980.6219405793,0.039634
5776,6161.8272536968,980.6852659042,0.603435
5777,6162.4155624124,980.7788981444,0.958468
5778,6163.3784774443,980.9321508315,0.902799
5779,6164.7732205176,981.1541310859,0.373662
5780,6166.2005134346,981.3812918089,-0.191213
5781,6166.4830489940,981.4262587398,0.499010
5782,6167.4645313594,981.5824665098,0.422882
5783,6168.3798096802,981.7281375789,0.419319
5784,6169.3947364677,981.8896681939,0.306470
5785,6169.5381526484,981.9124935880,1.149215
5786,6170.8200081091,982.1165072209,0.743641
5787,6171.9204747715,982.2916519300,0.536929
5788,6172.8399304581,982.4379878474,0.528680
5789,6174.2350699624,982.6600311958,-0.001232
5790,6174.7475424133,982.7415937196,0.436778
5791,6175.3090137055,982.8309546512,0.821046
5792,6176.7441622028,983.0593656286,0.247168
5793,6177.6304044496,983.2004154629,0.275230
5794,6178.4102856321,983.3245374082,0.419921
5795,6179.0944869176,983.4334314248,0.669533
5796,6179.7646816141,983.5400962236,0.934495
5797,6181.0128257553,983.7387445334,0.565558
5798,6181.6784207467,983.8446772663,0.835531
5799,6183.0624803347,984.0649571913,0.317454
5800,6184.3363165825,984.2676945268,-0.079770
5801,6185.0799748642,984.3860514183,0.104520
5802,6185.4601037005,984.4465508016,0.687555
5803,6186.4572839681,984.6052569704,0.593727
5804,6187.1267507233,984.7118059137,0.859360
5805,6188.4586833604,984.9237895768,0.398272
5806,6189.1180296816,985.0287278030,0.674973
5807,6190.1697958873,985.1961215936,0.521168
5808,6190.9266659715,985.3165812088,0.690852
5809,6192.0972860288,985.5028911774,0.406606
5810,6193.1334311444,985.6677987943,0.269859
5811,6193.9028241929,985.7902515012,0.425746
5812,6194.9652740925,985.9593456545,0.260091
5813,6195.6720789905,986.0718371478,0.484611
5814,6196.6647521258,986.2298259841,0.395466
5815,6197.3870632571,986.3447853711,0.602942
5816,6198.0653895607,986.4527443554,0.858666
5817,6198.6522165613,986.5461407733,1.214776
5818,6200.6740344642,986.8679230865,-0.003711
5819,6201.5930885088,987.0141950807,-0.012199
5820,6201.8325696394,987.0523096864,0.725012
5821,6203.1909107373,987.2684963866,0.234441
5822,6203.8678762420,987.3762387929,0.491557
5823,6204.5856561869,987.4904770192,0.703872
5824,6205.7313423312,987.6728186323,0.446579
5825,6206.5130256854,987.7972274021,0.588729
5826,6207.3536773670,987.9310212726,0.666148
5827,6208.5620861274,988.1233455001,0.339935
5828,6208.8139724108,988.1634344472,1.063489
5829,6210.4700301630,988.4270042245,0.245917
5830,6211.2078165472,988.5444265745,0.436152
5831,6212.5496860580,988.7579917401,-0.036667
5832,6213.1879769005,988.8595788828,0.262738
5833,6213.7999999574,988.9569853776,0.590964
5834,6214.5013047296,989.0686014987,0.821180
5835,6215.4009570168,989.2117856073,0.833663
5836,6216.6682921624,989.4134882603,0.442517
5837,6217.1888589088,989.4963390312,0.871083
5838,6218.5171198636,989.7077383279,0.412998
5839,6219.8442202033,989.9189529069,-0.043858
5840,6220.2768661684,989.9878106509,0.481185
5841,6221.3501275627,990.1586255070,0.302942
5842,6221.6413009610,990.2049671926,0.983282
5843,6223.4477089274,990.4924659497,0.000099
5844,6223.8547869597,990.5572544308,0.553173
5845,6224.7324473125,990.6969384143,0.589586
5846,6225.4706780814,990.8144314903,0.779063
5847,6226.2328835662,990.9357402609,0.942204
5848,6227.4500453273,991.1294575717,0.605797
5849,6228.8328409275,991.3495363267,0.087484
5850,6229.7615844184,991.4973504442,0.067693
5851,6230.3237497961,991.5868218429,0.450406
5852,6231.1869842141,991.7242098676,0.502515
5853,6232.2342369644,991.8908853194,0.352533
5854,6232.8114907008,991.9827581050,0.718642
5855,6233.4361506352,992.0821758213,1.032684
5856,6234.9053560279,992.3160071220,0.419266
5857,6235.6918115288,992.4411754025,0.555591
5858,6236.8717972138,992.6289759570,0.259718
5859,6237.4011880515,992.7132311257,0.678324
5860,6238.5077901501,992.8893523197,0.462994
5861,6239.7202987492,993.0823290568,0.131317
5862,6240.5184324882,993.2093559866,0.254719
5863,6240.9874783376,993.2840069521,0.739555
5864,6242.2637426483,993.4871307258,0.337773
5865,6242.9161281104,993.5909610969,0.621211
5866,6243.5365712060,993.6897076825,0.939724
5867,6244.4675010071,993.8378697620,0.917184
5868,6245.8463537928,994.0573209986,0.402600
5869,6247.2208038950,994.2760715264,-0.107195
5870,6247.7659004126,994.3628263317,0.294018
5871,6248.6175900566,994.4983769485,0.358425
5872,6249.2235672025,994.5948212066,0.692739
5873,6250.1259980327,994.7384475341,0.701372
5874,6251.1608300385,994.9031461631,0.564529
5875,6252.3377216812,995.0904542855,0.271590
5876,6252.9606416239,995.1895950735,0.587232
5877,6253.3726994330,995.2551761107,1.134529
5878,6255.2123825931,995.5479707793,0.113324
5879,6255.7099957149,995.6271683674,0.566597
5880,6256.7379881036,995.7907784375,0.437122
5881,6257.8219137679,995.9632905649,0.246163
5882,6258.8631422019,996.1290072171,0.102090
5883,6259.5111305034,996.2321377584,0.390084
5884,6259.9691344804,996.3050313553,0.886825
5885,6260.9418656020,996.4598463215,0.817963
5886,6261.7768464224,996.5927376465,0.900444
5887,6263.0659049317,996.7978976802,0.483928
5888,6264.1992774514,996.9782795191,0.238457
5889,6265.0608982770,997.1154107325,0.291593
5890,6265.9721253061,997.2604370185,0.290196
5891,6266.6457359225,997.3676454778,0.549914
5892,6267.5604865762,997.5132325660,0.544607
5893,6268.6252667546,997.6826975947,0.374392
5894,6269.2673555665,997.7848892031,0.668709
5895,6270.3491488746,997.9570619554,0.479749
5896,6271.1487717573,998.0843258898,0.600893
5897,6271.9643633960,998.2141313307,0.704469
5898,6272.5861829807,998.3130969913,1.021011
5899,6274.6193340581,998.6366830353,-0.213749
5900,6275.1339819845,998.7185917968,0.220554
5901,6275.8466938883,998.8320234193,0.437135
5902,6276.9161647081,999.0022349867,0.261540
5903,6277.2291948827,999.0520552863,0.917442
5904,6278.6075957089,999.2714345914,0.402207
5905,6279.1224620960,999.3533781219,0.836218
5906,6279.9931486654,999.4919521933,0.879062
5907,6281.4060479665,999.7168221012,0.325805
5908,6282.2758129100,999.8552494913,0.369612
5909,6283.2204079017,1000.0055864534,0.331131
5910,6284.0542802780,1000.1383013640,0.414359
5911,6284.7884111190,1000.2551419163,0.607231
5912,6285.8990706630,1000.4319088728,0.386107
5913,6287.1737430244,1000.6347792799,-0.015380
5914,6287.4259529408,1000.6749197348,0.707313
5915,6288.2112454093,1000.7999029129,0.843868
5916,6289.1148318931,1000.9437131683,0.850336
5917,6290.0370065991,1001.0904818312,0.836345
5918,6291.5496520246,1001.3312268278,0.173046
5919,6292.3299148686,1001.4554095163,0.315050
5920,6293.2973357199,1001.6093793269,0.251228
5921,6294.3493296540,1001.7768093616,0.094379
5922,6295.0061813060,1001.8813505489,0.372043
5923,6295.2215688572,1001.9156305423,1.135180
5924,6296.5465919278,1002.1265145137,0.678020
5925,6297.7712558646,1002.3214258329,0.331187
5926,6298.4586901605,1002.4308343991,0.575160
5927,6299.1727455745,1002.5444798479,0.789842
5928,6300.3748873808,1002.7358066587,0.467699
5929,6301.3832208777,1002.8962879190,0.358683
5930,6302.2302597398,1003.0310983409,0.427046
5931,6303.4907716134,1003.2317150364,0.040608
5932,6303.9491793886,1003.3046728998,0.536395
5933,6304.9003918517,1003.4560630652,0.490118
5934,6305.7478583861,1003.5909415533,0.557936
5935,6306.5572913464,1003.7197668100,0.667572
5936,6307.1447208755,1003.8132591233,1.021399
5937,6308.2538245159,1003.9897784501,0.801359
5938,6309.9398100251,1004.2581113778,-0.053323
5939,6310.8377560451,1004.4010239255,-0.041146
5940,6311.2010657503,1004.4588464610,0.559175
5941,6311.8793971954,1004.5668062635,0.812929
5942,6313.3210214668,1004.7962478924,0.226931
5943,6313.8259119463,1004.8766037079,0.671465
5944,6315.0310087232,1005.0684008169,0.345626
5945,6315.4839798563,1005.1404934118,0.847261
5946,6316.7696008663,1005.3451063505,0.432775
5947,6317.2557600986,1005.4224809954,0.897874
5948,6318.6031431270,1005.6369236646,0.415374
5949,6319.3824786119,1005.7609587594,0.557865
5950,6320.9188803378,1006.0054846887,-0.132694
5951,6321.4154998021,1006.0845241312,0.320844
5952,6322.1181866943,1006.1963602236,0.547623
5953,6323.1825944449,1006.3657659785,0.376349
5954,6323.6890612239,1006.4463726699,0.819023
5955,6324.3485034938,1006.5513261669,1.093350
5956,6325.9911573319,1006.8127626450,0.285670
5957,6326.5506986060,1006.9018164046,0.669899
5958,6327.7093295961,1007.0862182539,0.394811
5959,6328.7689715019,1007.2548655011,0.228632
5960,6329.6650954985,1007.3974880648,0.242390
5961,6330.2404063555,1007.4890516315,0.609212
5962,6331.1084247553,1007.6272010505,0.653869
5963,6332.3461511087,1007.8241913179,0.291593
5964,6333.1963461473,1007.9595040609,0.355822
5965,6333.9160509275,1008.0740486342,0.563661
5966,6334.4106848817,1008.1527720730,1.019223
5967,6335.3568997716,1008.3033668500,0.977717
5968,6337.0442488101,1008.5719167902,0.120383
5969,6337.8220381985,1008.6957058160,0.264215
5970,6339.0419574683,1008.8898619980,-0.078668
5971,6339.2488089491,1008.9227834337,0.693626
5972,6340.4414396554,1009.1125965059,0.380740
5973,6341.0292390959,1009.2061476923,0.733659
5974,6341.9541591698,1009.3533532941,0.715439
5975,6343.0259189053,1009.5239291538,0.535540
5976,6343.6395776766,1009.6215959806,0.859951
5977,6345.1245723549,1009.8579402241,0.225052
5978,6345.8127815958,1009.9674721267,0.467352
5979,6346.7085882925,1010.1100441905,0.481075
5980,6347.5127748394,1010.2380344546,0.595654
5981,6348.8647749757,1010.4532119594,0.107045
5982,6349.6946503247,1010.5852907233,0.193296
5983,6350.3493660181,1010.6894919623,0.472396
5984,6350.7979040431,1010.7608790061,0.978511
5985,6352.1240956468,1010.9719489553,0.518210
5986,6352.8240419165,1011.0833488640,0.747465
5987,6353.4872361912,1011.1888995111,1.017178
5988,6355.4081078789,1011.4946157352,-0.098083
5989,6355.9301309004,1011.5776982795,0.327050
5990,6356.9841069329,1011.7454437750,0.166361
5991,6357.6068576585,1011.8445576313,0.480544
5992,6358.3157018476,1011.9573736879,0.699904
5993,6359.1696238103,1012.0932795892,0.759474
5994,6360.5034485208,1012.3055643851,0.290489
5995,6361.1081143712,1012.4017999441,0.624536
5996,6362.0824990571,1012.5568780834,0.551370
5997,6362.6853618307,1012.6528266738,0.887379
5998,6363.9008395480,1012.8462759607,0.548628
5999,6365.2835837444,1013.0663465346,0.025601
6000,6365.8523210210,1013.1568638835,0.399151
