1 14.1347251417346937905
2 21.0220396387715549926
3 25.0108575801456887632
4 30.4248761258595132103
5 32.9350615877391896907
6 37.5861781588256712572
7 40.9187190121474951874
8 43.3270732809149995195
9 48.0051508811671597279
10 49.7738324776723021819
11 52.9703214777144606441
12 56.4462476970633948044
13 59.3470440026023530797
14 60.8317785246098098443
15 65.1125440480816066609
16 67.0798105294941737145
17 69.5464017111739792529
18 72.0671576744819075825
19 75.7046906990839331683
20 77.1448400688748053727
21 79.3373750202493679228
22 82.9103808540860301832
23 84.7354929805170501057
24 87.4252746131252294065
25 88.8091112076344654237
26 92.4918992705584842963
27 94.6513440405198869666
28 95.8706342282453097587
29 98.8311942181936922333
30 101.317851005731391229
31 103.725538040478339416
32 105.446623052326094494
33 107.168611184276407515
34 111.029535543169674525
35 111.874659176992637086
36 114.320220915452712766
37 116.226680320857554382
38 118.790782865976217323
39 121.370125002420645919
40 122.946829293552588201
41 124.256818554345767185
42 127.516683879596495124
43 129.578704199956050986
44 131.087688530932656724
45 133.49773720299758645
46 134.756509753373871331
47 138.1160420545334432
48 139.73620895212138895
49 141.123707404021123762
50 143.111845807620632739
51 146.000982486765518547
52 147.42276534255960205
53 150.053520420784880351
54 150.925257612241466762
55 153.024693811198896198
56 156.11290929423786757
57 157.597591817594059888
58 158.849988171420498724
59 161.188964137596027519
60 163.030709687181987243
61 165.53706918790041883
62 167.184439978174513441
63 169.09451541556882149
64 169.911976479411698967
65 173.41153651959155296
66 174.754191523365725813
67 176.441434297710418889
68 178.377407776099977286
69 179.916484020256996139
70 182.207078484366461915
71 184.874467848387508801
72 185.598783677707471467
73 187.228922583501851992
74 189.416158656016937085
75 192.026656360713786547
76 193.079726603845704047
77 195.265396679529235321
78 196.876481840958316949
79 198.015309676251912425
80 201.264751943703788733
81 202.493594514140534278
82 204.189671803104554331
83 205.394697202163286025
84 207.906258887806209862
85 209.576509716856259853
86 211.690862595365307564
87 213.347919359712666191
88 214.547044783491423223
89 216.169538508263700266
90 219.067596349021378986
91 220.714918839314003369
92 221.430705554693338732
93 224.007000254604335212
94 224.983324669582287504
95 227.42144427967929131
96 229.337413305525348108
97 231.250188700499164774
98 231.987235253180248604
99 233.693404178908300641
100 236.524229665816205802
101 237.769820480925204003
102 239.55547757332762874
103 241.049157796216586413
104 242.823271934222600017
105 244.070898497078158237
106 247.136990074897499468
107 248.101990060148459257
108 249.573689644707209192
109 251.014947795016001143
110 253.069986747999477195
111 255.306256454914022753
112 256.380713694434477789
113 258.610439491531368209
114 259.874406989678000351
115 260.805084504596870186
116 263.573893904870132233
117 265.557851838876320292
118 266.614973781501072496
119 267.92191508282405944
120 269.970449023997602595
121 271.494055641644999018
122 273.459609188403287046
123 275.587492649343841249
124 276.45204950313293868
125 278.250743529841954493
126 279.229250927745189228
127 282.465114765052096233
128 283.21118573323386742
129 284.835963980904724133
130 286.667445363002884293
131 287.911920501422187155
132 289.579854929218834153
133 291.846291329067395836
134 293.558434139356285357
135 294.965369619265542175
136 295.573254878958292388
137 297.97927706194341521
138 299.84032605372131296
139 301.649325462194183623
140 302.696749589606917052
141 304.8643713408572977
142 305.728912602036809289
143 307.219496128170054789
144 310.109463146701898805
145 311.165141530356003271
146 312.42780118060089198
147 313.985285731158922979
148 315.475616089475733869
149 317.734805942370180396
150 318.853104256316597907
151 321.160134309113578292
152 322.144558672482932299
153 323.466969557512050506
154 324.862866051739613265
155 327.443901261905457343
156 329.033071680480934034
157 329.953239728233866344
158 331.474467582663424376
159 333.645378524869850585
160 334.211354833244383232
161 336.841850428390684795
162 338.339992850806611886
163 339.858216725363540192
164 341.042261111046560483
165 342.054877510363585451
166 344.661702940252337044
167 346.347870566009947396
168 347.272677584420484476
169 349.316260870696144123
170 350.408419349192099188
171 351.878649025359280437
172 353.488900488718806784
173 356.017574977264947318
174 357.15130225203962481
175 357.952685101632273755
176 359.743754953114448799
177 361.28936169580465039
178 363.331330578973834747
179 364.736024114088993716
180 366.212710288331316861
181 367.993575481740303326
182 368.968438095734389892
183 370.05091921210600034
184 373.061928372112838449
185 373.864873910908569745
186 375.825912766739334108
187 376.324092230668052117
188 378.436680249965479724
189 379.872975346532346651
190 381.48446861718652492
191 383.443529449536487704
192 384.956116814863687104
193 385.861300845974229181
194 387.222890222387980976
195 388.846128354232254601
196 391.456083563638045771
197 392.245083339519096749
198 393.427743844434025937
199 395.582870010993720971
200 396.381854222592186932
201 397.918736209614243387
202 399.985119876194899506
203 401.83922860053321654
204 402.861917763886114176
205 404.23644180020800474
206 405.134387459909927257
207 407.581460386896182076
208 408.94724550235111252
209 410.513869193366638647
210 411.972267804278750665
211 413.262736070185046886
212 415.018809755155115646
213 415.455214996294598857
214 418.387705789534779226
215 419.861364818152323688
216 420.643827625041786268
217 422.07671005882675963
218 423.716579627481818611
219 425.069882494461347614
220 427.208825084074580528
221 428.12791407661668211
222 430.32874543093863667
223 431.30130693070359202
224 432.138641734588568306
225 433.889218480927225303
226 436.161006432646984072
227 437.581698167668581154
228 438.621738656272196291
229 439.91844221437065641
230 441.683199201189023874
231 442.90454630260944947
232 444.31933627755915592
233 446.860622696429522529
234 447.441704194493290066
235 449.148545685023304753
236 450.12694578031352403
237 451.403308445388795462
238 453.986737806677916038
239 454.974683768616788875
240 456.328426689246051224
241 457.903893064102971575
242 459.513415281106011754
243 460.087944422175841255
244 462.065367274882530964
245 464.057286910548284576
246 465.671539211371094553
247 466.570286930826255167
248 467.439046210261638857
249 469.536004559112032192
250 470.77365547810164769
251 472.799174661908816658
252 473.835232345139687074
253 475.600339369375785605
254 476.769015237484520853
255 478.0752637666709692
256 478.942181534634826538
257 481.830339376286561367
258 482.834782790982397307
259 483.85142721248253756
260 485.53914812935600693
261 486.528718261651244352
262 488.380567090017448527
263 489.661761577956131513
264 491.398821593663006569
265 493.314441581785300936
266 493.95799780536946491
267 495.358828822131277497
268 496.429696215759103484
269 498.580782429686542017
270 500.309084941690495539
271 501.604446965145477663
272 502.276270327118233175
273 504.499773313427737184
274 505.41523174224444203
275 506.464152709523531222
276 508.800700336467820809
277 510.264227943672834421
278 511.56228970037459546
279 512.623144531407418667
280 513.668985555473683436
281 515.43505716729937725
282 517.589668572467425341
283 518.234223147550143574
284 520.106310411723255903
285 521.525193449492040968
286 522.45669617773021043
287 523.960530892015840487
288 525.077385687279622181
289 527.90364160127234523
290 528.406213852292658942
291 529.806226318706900798
292 530.866917883961089644
293 532.688183028293730505
294 533.779630753768732565
295 535.664314075873224617
296 537.069759083122327588
297 538.428526176247962843
298 540.213166376228133384
299 540.63139024729511736
300 541.847437121201281547
301 544.323890101005262903
302 545.636833248934818255
303 547.010912058122292464
304 547.93161336448933831
305 549.49756756266137846
306 550.970010039483889046
307 552.049572200564892793
308 553.764972119158814617
309 555.792020561682508417
310 556.899476406855351262
311 557.564659172058528409
312 559.316237028682163761
313 560.240807497295668242
314 562.559207616045851108
315 564.160879110786117814
316 564.506055938149835122
317 566.698787682807956242
318 567.73175790117693745
319 568.923955179629368497
320 570.051114782463592039
321 572.419984132452764045
322 573.614610526758129987
323 575.093886014494885607
324 575.807247140928780709
325 577.039003472098211217
326 579.098834672036607431
327 580.136959362384628673
328 581.946576265901625552
329 583.236088219167278262
330 584.561705903465528367
331 585.984563204988300574
332 586.742771891250155645
333 588.139663266247956418
334 590.660397516765275631
335 591.725858065048056649
336 592.571358300225569821
337 593.974714682231029244
338 595.728153697388949177
339 596.36276832839368409
340 598.493077346164754401
341 599.545640364364853998
342 601.602136735932636052
343 602.579167886387354299
344 603.625618903579160672
345 604.616218493753232915
346 606.383460422109041089
347 608.413217311187325175
348 609.389575154720080527
349 610.839162937739406927
350 611.774209620887204635
351 613.599778675637119405
352 614.646237872232621526
353 615.538563369407027853
354 618.112831366442373383
355 619.184482597953634249
356 620.272893672227521919
357 621.709294527948622957
358 622.375002739779009218
359 624.269900018177880835
360 626.019283427654382198
361 627.268396850783020752
362 628.325862359460361936
363 630.473887438292045871
364 630.805780927197532642
365 632.225141167115951952
366 633.546858252251777484
367 635.523800310605453811
368 637.397193159837307174
369 637.925513980822581093
370 638.927938266856770194
371 640.694794668825667623
372 641.945499665705294545
373 643.278883781397889361
374 644.990578229748002512
375 646.348191595501592034
376 647.761753004288883794
377 648.786400888782440771
378 650.197519345256459083
379 650.668683891395982531
380 653.649571605394691902
381 654.301920586319342275
382 655.709463022355636316
383 656.964084599460617423
384 658.175614418605399745
385 659.663845972964107831
386 660.716732595279270052
387 662.296586431100410644
388 664.24460465227301345
389 665.342763095599040543
390 666.515147704172960549
391 667.148494894555429941
392 668.975848820235131406
393 670.323585205862584034
394 672.458183584169734181
395 673.04357828614764577
396 674.355897810123167896
397 676.139674363626748203
398 677.230180668763973248
399 677.800444746221334919
400 679.74219788252821772
401 681.894991533151889109
402 682.602735019750545488
403 684.013549813869505236
404 684.972629862098452546
405 686.163223587727949603
406 687.961543184703648483
407 689.368941362272368423
408 690.474735032350397694
409 692.45168441552084885
410 693.176970060601824846
411 694.533908699873140016
412 695.726335920926730168
413 696.626069900345614971
414 699.132095476013506711
415 700.296739132143494568
416 701.301742954646155685
417 702.227343145760500119
418 704.033839295525309323
419 705.125813954619227667
420 706.184654799517919026
421 708.269070885109899995
422 709.229588570284300709
423 711.130274179685431565
424 711.900289914375312039
425 712.749383470101290255
426 714.082771820669393077
427 716.112396454052110148
428 717.482569703100190714
429 718.742786545485893988
430 719.697100988365665133
431 721.351162218536417128
432 722.27750497567423734
433 723.845821045128415512
434 724.562613890379079592
435 727.056403230049381618
436 728.405481588934060035
437 728.758749795614268566
438 730.41648212275643471
439 731.417354918598525081
440 732.818052714499849209
441 734.789643252377994252
442 735.765459208578321077
443 737.052928912265308042
444 738.580421171373822522
445 739.90952367404194403
446 740.573807447295010515
447 741.757335572941673276
448 743.895013142473659382
449 745.344989550611874326
450 746.49930589943232951
451 747.67456362426952836
452 748.242754465084547869
453 750.655950362124299867
454 750.966381066650837268
455 752.88762156720237475
456 754.322370471712672685
457 755.839308976037829873
458 756.76824843995093072
459 758.101729246412583411
460 758.900238224892374767
461 760.282366983512064532
462 762.700033249691054728
463 763.593066172837222997
464 764.307522724180221736
465 766.087540099836205394
466 767.218472155539514083
467 768.281461806509230823
468 769.693407252624424325
469 771.070839313678316321
470 772.961617565757024338
471 774.117744627940507402
472 775.04784709658050805
473 775.999711963171442478
474 777.299748529592564817
475 779.157076949189004064
476 780.348925004181670538
477 782.137664390812094754
478 782.597943946073539866
479 784.288822612465501463
480 785.739089700715051841
481 786.46114745050627746
482 787.468463815910038381
483 790.059092364119564295
484 790.831620467921035019
485 792.427707608604526866
486 792.888652562622588042
487 794.483791869893164481
488 795.606596156162412628
489 797.263470038035584916
490 798.70757016629621131
491 799.654336210897632773
492 801.604246462982055967
493 802.541984878418149662
494 803.24309620427019419
495 804.762239112661763952
496 805.861635667094802837
497 808.151814935993747392
498 809.197783363300710388
499 810.081804886407099892
500 811.184358846506260338
501 812.77110838910934272
502 814.045913607510993502
503 814.870539625872567784
504 816.727737714394716317
505 818.380668866361676512
506 819.204642170823862606
507 820.721898443869287466
508 821.71345413337940181
509 822.197757493404277144
510 824.526293871629748164
511 826.039287376574383548
512 826.90581095408077198
513 828.34017430048990037
514 829.437010968309333623
515 830.89588405331740073
516 831.799777659070583074
517 833.003640909154199538
518 834.651915147825575807
519 836.693576187591867169
520 837.347335059531514767
521 838.249021992732145837
522 839.46539481028247555
523 841.036389829013423724
524 842.041354206526371333
525 844.166196607350768821
526 844.805993975763726881
527 846.194769927693997764
528 847.971717639512006636
529 848.489281180943523825
530 849.862274348697826264
531 850.645448466004092378
532 853.163112583389155326
533 854.09551171986905862
534 855.286710244404936348
535 856.484117490791662854
536 857.310740602603826033
537 858.904026466475694413
538 860.410670896014670752
539 861.171098212715337606
540 863.189719771908934236
541 864.340823930069540856
542 865.594664326515965395
543 866.423739904042641463
544 867.693122611785006239
545 868.670494229131596668
546 870.846902325754016206
547 872.188750821613207756
548 873.098978971281981498
549 873.90838923533753044
550 875.985285108780322374
551 876.600825833027442397
552 877.654698341033475144
553 879.380951969790982456
554 880.834648847939390283
555 882.386696627196461252
556 883.430331838701645685
557 884.19874311459472696
558 885.272304479617127051
559 886.852801962916298372
560 888.475566673817194774
561 889.735294294090737097
562 890.813132112528063686
563 892.386433260155869342
564 893.119117567294258336
565 894.886292320868716142
566 895.397919674782965055
567 896.632251556202720034
568 899.22152266838341939
569 899.858884607937483444
570 900.849739860521396118
571 902.243207586752288462
572 903.099674442630454947
573 904.702902722281320774
574 905.829940758222209405
575 907.656729468967525312
576 908.333543645060925281
577 910.186334057179842565
578 911.234951485955504093
579 912.331045600035587249
580 912.823999246743395378
581 914.730096958375613338
582 916.355000808642765891
583 917.825377570426783026
584 918.836535243529029571
585 919.448344439682304782
586 921.156395507154853367
587 922.500629306636770266
588 923.285719802422242674
589 924.773483933476664416
590 926.551552784603028942
591 927.850858985753594148
592 928.663659328934892289
593 929.874092850647754777
594 931.009211336628072954
595 931.852740745520079922
596 934.385306837258464754
597 934.995424863846459618
598 936.228649379282927214
599 937.532925711970381273
600 939.024300899218382184
601 939.660940614528165986
602 941.156999642042372608
603 942.052341643375497874
604 944.188035809572744512
605 945.333562503045946142
606 946.765842204727851157
607 947.079183096254877965
608 948.346646255044967167
609 950.151612684643840865
610 951.033248733823509975
611 952.727988619850626085
612 954.129719269551415337
613 954.82930893821663712
614 956.675479343289796023
615 957.510052596423722468
616 958.41459339013618097
617 959.459168807068112561
618 961.669572474192753343
619 963.182086671311446997
620 963.567040191612270672
621 965.055579623751116225
622 966.110754818410204019
623 967.371153766262854315
624 968.636301906087326408
625 970.125610556941175479
626 971.07149148638572794
627 973.185361294301194222
628 973.873078992653597194
629 974.774635065837429875
630 976.178502420589609344
631 976.917202117050622021
632 978.766671535112974454
633 980.578000639774418061
634 981.288615301758969459
635 982.396485168778978401
636 983.575076006431328756
637 985.18692865577343577
638 986.130515110184526649
639 986.756008407656035622
640 988.992622370657406607
641 990.223917804027972363
642 991.374294147761505432
643 992.728696336732659444
644 993.214580957442953708
645 994.4045905710944919
646 996.205336164298286484
647 997.511934751939229211
648 998.827547136929633131
649 999.791571557412940463
650 1001.34948263778273712
651 1002.40430548839171131
652 1003.26780817945324826
653 1004.67504412117289423
654 1005.5434203043783642
655 1008.0067043070636462
656 1008.79570990074228235
657 1009.80659074696462946
658 1010.5697570110610759
659 1012.41004251576159684
660 1013.05863809840898507
661 1014.68963262237040469
662 1016.06017894264737813
663 1017.26640236435540667
664 1018.60557251862015495
665 1019.91243974394403836
666 1020.91747501726367832
667 1021.54434449990465191
668 1022.88527091171634783
669 1025.26572419772769637
670 1025.70794437146288924
671 1027.46769351558777027
672 1028.12896425549751788
673 1029.22729744396136673
674 1030.89736879059652356
675 1031.83318029740776254
676 1032.81288303515885146
677 1034.61291552952081007
678 1036.19591735805474025
679 1037.02470764628174975
680 1038.08775224061883644
681 1039.07740143689668873
682 1040.26403793769576083
683 1041.62152801454227415
684 1043.62395434962149387
685 1044.51497582907876811
686 1045.10704235297791139
687 1047.08981748429478422
688 1047.98714748960047113
689 1048.95378519468596163
690 1049.99628425659321976
691 1051.5765718432051958
692 1053.24578515838575763
693 1054.78103947828134991
694 1055.00214647568573621
695 1056.68884736382822986
696 1057.1000436596177836
697 1059.13376910689714623
698 1060.1395185616078191
699 1061.50130446506842006
700 1062.9153815078805636
701 1064.07155107171854043
702 1065.12185510629305548
703 1066.46322346924298194
704 1067.41886012096455806
705 1067.99000007904262547
706 1070.53504199682926281
707 1071.6186232150895379
708 1072.54399801112155535
709 1073.57035316509372544
710 1074.74777104431099858
711 1076.26662559417740987
712 1076.92405606575444689
713 1078.64719848095636469
714 1079.80996542925906921
715 1081.17100234346780379
716 1082.95274972306966866
717 1083.29546651408560677
718 1084.18326431043021614
719 1085.64783120863934071
720 1086.91199898982509312
721 1088.75572467480880147
722 1089.79533792407477496
723 1090.86319102624886079
724 1091.728472966936829
725 1093.44087327236863468
726 1094.28445752375415984
727 1095.43308475866147869
728 1096.4019177947425285
729 1098.84101546664986179
730 1099.36066717857179559
731 1100.57446062246256322
732 1101.83911116875601341
733 1102.55177989991772275
734 1103.73229717454693585
735 1105.61718883076207152
736 1106.7743716758327751
737 1107.77453195501013693
738 1109.15891885676645189
739 1110.4441429936132058
740 1111.44350476489989659
741 1112.43299540807644458
742 1113.39759511480199351
743 1115.06535946156660568
744 1116.78725388121452419
745 1117.96591966919967095
746 1118.6841348610183909
747 1119.4732474261789829
748 1121.15593767581056991
749 1122.45862135688051225
750 1123.10111738780920017
751 1125.31472939784647008
752 1125.76344242925255947
753 1127.65802352721571923
754 1128.43022461389271137
755 1129.72899677706556218
756 1130.39159789623167083
757 1131.49508556191704322
758 1133.70862566945623585
759 1134.88565459153319643
760 1135.56221397547754596
761 1136.92929348096952979
762 1138.15158977980554073
763 1138.99234182049363589
764 1140.72184817190335975
765 1141.26102296413675833
766 1142.85865960785648112
767 1144.78229951862534188
768 1145.48532751711710681
769 1146.57681492486695341
770 1147.50177652331931609
771 1148.615277208834019
772 1149.98260102810709767
773 1151.56281472367321815
774 1152.94312853058979595
775 1153.89030371627126803
776 1154.69751953538238291
777 1156.62156783387254341
778 1157.43231457561090633
779 1158.00160902729496615
780 1159.48065701902229731
781 1161.3966446343780915
782 1162.4875286020054278
783 1163.70103168277861559
784 1164.73758635122760993
785 1165.27122770645769361
786 1166.94361340952871268
787 1168.0862716101387943
788 1169.69835688488490619
789 1170.46363857828366604
790 1172.12068186569559985
791 1173.30568776404835873
792 1174.23276685645630265
793 1175.21545239595077525
794 1176.63287580978845863
795 1177.10630442165614695
796 1179.70122350193389803
797 1180.65354378708438533
798 1181.26731815168001896
799 1182.58227034692039044
800 1183.71277529597431535
801 1185.15584284746579228
802 1185.87535869535662001
803 1187.34516149326730996
804 1188.85644429822930679
805 1189.96363649791844334
806 1191.48260592641347087
807 1192.21861147810154508
808 1193.32402142745508028
809 1193.85742713543699197
810 1196.03467174867106223
811 1197.0717866588219668
812 1198.68656910463056648
813 1199.35651370789396813
814 1200.53269203121991431
815 1201.81033485660604979
816 1203.13735086142547945
817 1203.85524759409700203
818 1204.98549217146641072
819 1206.87049979385306829
820 1208.47145994953103146
821 1208.98948416793902568
822 1209.89803008754595575
823 1211.41611589279812306
824 1212.11315306631979262
825 1213.59837268036821849
826 1215.38997506504563427
827 1216.18372203346741672
828 1217.17448249773891904
829 1219.05002817740616351
830 1219.61447131085848431
831 1220.81634769097813143
832 1221.69224248314373321
833 1222.95248409510835824
834 1225.0183300241685392
835 1225.8550207607957154
836 1227.23182764149093192
837 1227.91714161440004441
838 1228.79315436298117177
839 1230.58460315424927572
840 1231.56227387764539816
841 1232.52958704059789555
842 1234.27781665343178805
843 1235.50254852652099732
844 1236.39901746577899587
845 1237.97729851358114551
846 1238.45723279566180712
847 1239.49080714679575428
848 1240.81347178521626689
849 1243.07807639802111888
850 1243.53814652611425998
851 1244.85143396698385856
852 1245.65586618814782248
853 1247.37256196985564392
854 1248.06306105320819869
855 1249.15988795300298334
856 1250.67239727567811716
857 1251.65983200427122118
858 1253.67357785210710202
859 1254.43132842177344937
860 1255.40823064529073464
861 1256.18121419846086607
862 1257.54121941264411443
863 1258.77923348859505319
864 1260.34454831618551987
865 1261.6117171614798399
866 1262.55661400035622434
867 1263.67673284386179333
868 1264.95722300699978929
869 1266.17903776056206224
870 1267.20034561184548922
871 1267.57057177944022346
872 1270.11892188649260393
873 1271.1342996316099914
874 1272.08395959933289742
875 1273.26114463345575281
876 1274.19622088948035883
877 1275.09203031584045778
878 1276.84217155556979469
879 1277.76309198634682092
880 1279.33284331670825139
881 1280.15579440902293047
882 1281.82872695969993393
883 1283.00049138669967661
884 1283.3350321388792806
885 1284.85479515462165784
886 1285.69502333113859277
887 1287.41002661707531613
888 1289.16535153277306148
889 1290.10477151980733789
890 1290.41770807304250366
891 1291.9458709680831984
892 1293.49398155741744506
893 1294.11847437784835239
894 1295.36536350535825025
895 1296.8011109923472915
896 1298.25652706788952943
897 1299.4051712507439784
898 1300.49001898244763839
899 1301.49551668057505836
900 1302.34674237924691792
901 1303.27320022879414347
902 1305.40167218800438466
903 1306.50839331296883697
904 1307.2672421078024271
905 1308.98819651764338724
906 1309.42153249325596667
907 1311.05657051111189666
908 1311.96694060804935487
909 1313.03159936901966455
910 1314.05256565172616619
911 1316.21211260285404978
912 1317.072986034829955
913 1318.17127913216505255
914 1318.94788059656633834
915 1319.93108287753647305
916 1321.62813855191241806
917 1322.25806712339115795
918 1324.22497871884433091
919 1325.23762435898233535
920 1325.98196963044628122
921 1327.63528110845744964
922 1329.04351799651860124
923 1329.20501878548363485
924 1330.42993712045926318
925 1331.82759138528521752
926 1333.67352261028493327
927 1334.74732905168977653
928 1335.69497452600206659
929 1336.69018465338587105
930 1337.6887918096699496
931 1338.92316459867034983
932 1340.42640045730017579
933 1341.16627225292638707
934 1342.60850788377686133
935 1344.156044003595791
936 1345.47710626139871443
937 1345.73141325541840776
938 1347.51947175089991111
939 1348.01723801873641009
940 1349.08519401404765798
941 1351.29620637409671801
942 1352.21046515917553838
943 1353.48333835826457655
944 1353.88678197169622768
945 1355.68059532063649189
946 1356.60565570980795392
947 1357.77174282857946407
948 1358.46016039915902644
949 1360.39314476219115231
950 1361.3930747136396817
951 1363.02232860328075684
952 1363.87919079713447244
953 1364.57658489675397264
954 1365.49373355129524727
955 1367.10409097000823088
956 1368.33019330798589489
957 1369.6869490773429166
958 1370.97352276778364405
959 1371.68655355282739113
960 1373.2029145623733821
961 1374.15479865864064563
962 1375.30239234474890215
963 1376.16177999361935204
964 1377.17763364210462632
965 1379.68328302861292639
966 1380.14857844169240306
967 1381.07397714920563487
968 1382.34566297847367989
969 1383.2975910079464749
970 1384.44441584776008297
971 1385.66377701119268644
972 1387.32664766348953061
973 1387.92145412711279702
974 1389.5658317983939372
975 1390.70549028642766512
976 1391.85320044326975538
977 1392.64402778854864826
978 1393.43340174079366503
979 1394.88418467568035448
980 1396.54416312368250177
981 1397.83462332138722428
982 1398.83767520138586523
983 1399.83947294120648147
984 1400.42694629739429826
985 1402.56434725006599382
986 1402.97374764091920805
987 1404.00629217052275713
988 1405.66697505924687509
989 1407.08514277643648684
990 1408.13630749618955075
991 1409.32068107983895725
992 1410.02481072580222583
993 1411.25705681570662386
994 1411.96565346177300428
995 1413.843148788568853
996 1415.58578479549535121
997 1415.78158130328291008
998 1417.10282293382261476
999 1418.69696385245216568
1000 1419.42248094599568647
1001 1420.41652632375113603
1002 1421.85056718704865391
1003 1422.4613109875073665
1004 1424.46304566957902225
1005 1425.87346924499659108
1006 1426.64597968212003938
1007 1427.36567110942668203
1008 1428.59230587597876871
1009 1429.65047727619154576
1010 1431.21831367275165842
1011 1432.04974089331360073
1012 1433.82194073706516051
1013 1434.58494216826012397
1014 1435.69290738341927738
1015 1437.22672162380124868
1016 1438.00628484172240152
1017 1438.94955274688279898
1018 1439.62279307816398397
1019 1441.96098750486183618
1020 1442.91105958089685887
1021 1444.04193070636656224
1022 1445.07227845920104574
1023 1445.83008477971002078
1024 1447.22622709997579439
1025 1448.32385351572545352
1026 1449.4887712807312579
1027 1450.77356185829733009
1028 1451.83529799939338326
1029 1453.73759675710222625
1030 1454.22601126022627962
1031 1455.31209123981966836
1032 1456.16779760838725556
1033 1457.53900166841123044
1034 1458.3937773686872489
1035 1460.68827053541910389
1036 1461.24544334515995593
1037 1462.26612326578725954
1038 1463.28689119042754126
1039 1464.69690329787640996
1040 1465.88955761408526816
1041 1466.50562110788772337
1042 1467.7039895860710134
1043 1469.3476498782696458
1044 1470.9665891271649672
1045 1471.38876452710659452
1046 1473.02013232418571114
1047 1473.74564918574653347
1048 1474.20322156569887879
1049 1476.0921270382409207
1050 1477.43519114750011741
1051 1478.44139597341294858
1052 1479.75991870649007768
1053 1480.76687901798225768
1054 1481.96468420980230958
1055 1483.03295995807148065
1056 1484.14358088175540777
1057 1484.81788323120372658
1058 1486.17134902755713993
1059 1488.11633797622827053
1060 1489.25246694643012307
1061 1489.97089220467888576
1062 1490.67069381460326561
1063 1492.18009054401641145
1064 1493.33083542127021776
1065 1494.15536861368880374
1066 1495.76883297894173164
1067 1497.06550557171006371
1068 1497.7473609331211557
1069 1499.64082474661981973
1070 1500.35195151660316488
1071 1501.11932492213158676
1072 1502.34606329239906292
1073 1503.09093312668049337
1074 1505.26152965467191093
1075 1506.15298613811317931
1076 1507.40750516383032228
1077 1508.25303102954227531
1078 1509.28041936322324329
1079 1510.39179744647353804
1080 1511.92300545900211119
1081 1512.5897647054581278
1082 1513.58976553991867759
1083 1515.7083435868739299
1084 1516.43598971875845501
1085 1517.71980625413018679
1086 1518.41479148725369107
1087 1519.74100949390682086
1088 1520.27362222035615427
1089 1521.9019090654609114
1090 1523.48604714925888014
1091 1524.72489216062218699
1092 1525.22783723379180007
1093 1526.55231191038745683
1094 1528.04093042929757216
1095 1529.03445672870131063
1096 1529.36997536519452417
1097 1531.02074297022232258
1098 1532.22232693939206953
1099 1533.8869779132015921
1100 1535.04227747120666459
1101 1535.76950239524820433
1102 1536.6207018240298719
1103 1537.65106216794492246
1104 1539.30285485558322943
1105 1540.03027013950636897
1106 1541.74224876278900349
1107 1542.4965229227662796
1108 1544.1186700545202899
1109 1544.83460822751948011
1110 1546.09119778631329789
1111 1547.29758112140690137
1112 1547.80656380185756781
1113 1548.87134817872537288
1114 1551.27384532640452657
1115 1552.0068728376700694
1116 1552.73610532980385513
1117 1554.15651910965777779
1118 1554.92128516499186975
1119 1556.16298749755275235
1120 1557.39450701769049099
1121 1558.33915285235196279
1122 1559.78115439071023526
1123 1560.87647577780945214
1124 1562.41015318019443968
1125 1563.38540095849553727
1126 1564.17794046043167482
1127 1564.91578826226013593
1128 1566.26641560155151674
1129 1567.62345071721810546
1130 1569.02247780437407453
1131 1570.50927786692083775
1132 1571.04538148553818506
1133 1571.84535208804533837
1134 1573.80656333027140383
1135 1574.23091542986377776
1136 1575.6381549520165517
1137 1576.16135236342437756
1138 1578.11882694578278607
1139 1579.51405506774067725
1140 1580.37208162547154938
1141 1581.36355177300182039
1142 1582.32948694414717626
1143 1583.39469343542174843
1144 1584.23484806637621052
1145 1586.29321075033777607
1146 1587.00434210704114983
1147 1588.16340402890479015
1148 1589.35794594955772778
1149 1590.83590432139410477
1150 1591.29388437357235623
1151 1592.63716703923491847
1152 1593.58480818886192634
1153 1594.44268965569052396
1154 1596.48449240965467525
1155 1597.71589594442312865
1156 1598.42079854967044975
1157 1599.61934895046280691
1158 1600.04804490340731112
1159 1601.91194622858219532
1160 1602.81540479372660252
1161 1603.65520299612407967
1162 1605.5216466466233487
1163 1606.2934181265742235
1164 1607.55690521198287954
1165 1608.83629530501001555
1166 1610.00326419003794431
1167 1610.25382316257448881
1168 1611.43714126955478042
1169 1613.07885545102742351
1170 1614.71062785216149174
1171 1615.57460871897200876
1172 1616.39839484158364418
1173 1617.73468484098520856
1174 1618.53751783197754753
1175 1619.95250126112884905
1176 1620.77431082138856242
1177 1622.09875169802296073
1178 1622.97776769947558005
1179 1625.02185665796278985
1180 1625.98702016362117224
1181 1626.39991931163555192
1182 1627.75544127631574496
1183 1628.71531685676323019
1184 1629.65866895494776146
1185 1631.19481455151575298
1186 1632.79818357070881697
1187 1633.51251688973726316
1188 1634.51682266206708071
1189 1635.71836632621379953
1190 1637.08919017337094588
1191 1637.99464358601275233
1192 1638.5996583042138827
1193 1639.82123572983019552
1194 1641.89981900850457704
1195 1642.48977982237807306
1196 1644.1520659597376792
1197 1644.71374577466788288
1198 1645.57376036276607858
1199 1646.62486659317889077
1200 1648.27059822253169781
1201 1649.11853540924012329
1202 1650.41698898304838115
1203 1651.73269334139598104
1204 1652.67106589960120708
1205 1654.20589675937116694
1206 1654.72665239332178638
1207 1655.82277567677176732
1208 1657.11423639976308235
1209 1657.56710117932144111
1210 1660.01998033799894542
1211 1660.8600568333008103
1212 1661.8368928840966883
1213 1662.37720254928008347
1214 1664.05726541811003062
1215 1664.96800448636508381
1216 1665.87764041448621233
1217 1667.24112505171127714
1218 1668.36822932740186265
1219 1669.66972845239920915
1220 1671.04718243330318198
1221 1671.98425933372627394
1222 1672.9633708307810566
1223 1673.68744533390525051
1224 1674.6484620970097548
1225 1676.36248632395047522
1226 1677.69122714152650362
1227 1678.63036809106365039
1228 1680.07794671680949444
1229 1680.50477011284705208
1230 1681.81232017426601336
1231 1683.27328926066677047
1232 1684.17165683706429158
1233 1684.55886325253724186
1234 1686.42112194783819759
1235 1688.08014269317658844
1236 1688.93386850978462406
1237 1689.70315425617978887
1238 1691.05155991689307594
1239 1691.5151928920351523
1240 1693.05302093019714687
1241 1694.01756465260785687
1242 1695.83255447418726551
1243 1696.65499743978565635
1244 1697.34251428656400935
1245 1699.22954718764301879
1246 1699.96681726686385856
1247 1700.82030324500623873
1248 1701.82555099704741723
1249 1702.9232497644905194
1250 1704.29141242667976028
1251 1706.25603243156037706
1252 1706.61566503502601247
1253 1707.91231249332451494
1254 1708.51211617840308825
1255 1709.78084229858048492
1256 1711.13760325859284127
1257 1712.15539765432236884
1258 1713.05534172751310963
1259 1714.71714525549453038
1260 1715.82528303982056784
1261 1716.76998371739490274
1262 1717.97448506615852815
1263 1718.954152498583752
1264 1719.72446932183103511
1265 1720.49807094758653181
1266 1722.84466173991564883
1267 1723.5328226312598736
1268 1724.73395873765822491
1269 1725.63862801997383065
1270 1726.60570073988540446
1271 1728.16650676096542504
1272 1728.6444864803719884
1273 1730.02387254477914442
1274 1731.01419376185718178
1275 1732.43016985925683654
1276 1733.8408250214300134
1277 1735.17546602110109834
1278 1735.62471534287063233
1279 1736.30566273323798889
1280 1737.89388478692854828
1281 1738.78323758881605426
1282 1740.16911568014054859
1283 1741.77916780872725729
1284 1742.4676807207820102
1285 1743.42643685872162652
1286 1744.72151193769978978
1287 1746.09749859563269498
1288 1746.59545662712820557
1289 1747.78169552775241775
1290 1748.56398738108021683
1291 1750.8228184898391005
1292 1751.61779494625111484
1293 1752.51151114066593599
1294 1753.66135524313953815
1295 1754.76336987425287807
1296 1755.16969406814268518
1297 1757.04651846072310843
1298 1757.98407703281817999
1299 1759.24008564668189496
1300 1760.21516624276232419
1301 1761.85489993872807038
1302 1762.49768887066062163
1303 1763.71912149628704726
1304 1764.59147684909195835
1305 1765.40049399178383573
1306 1766.67624359947787355
1307 1768.2959711363413812
1308 1769.94095205163583833
1309 1770.24367731219734819
1310 1771.21294498354652673
1311 1772.32800036359135931
1312 1773.89491551070346181
1313 1774.66043099002359011
1314 1775.34198757374729103
1315 1777.25586022405798706
1316 1778.04173476224929812
1317 1779.55227080917896161
1318 1780.66522849299865723
1319 1781.35563772281956297
1320 1782.43906732002018145
1321 1783.08482951994648471
1322 1784.60794639661266487
1323 1786.34220117934252882
1324 1787.04927308681626639
1325 1788.21512347963282325
1326 1789.24217996368472014
1327 1790.44956236978354047
1328 1791.25440981879545015
1329 1792.61610273519818274
1330 1793.52539065240951482
1331 1794.1784820072555912
1332 1796.46514053743081375
1333 1797.37633567113676986
1334 1798.14706745807574693
1335 1799.2316472097374004
1336 1800.02472401973915457
1337 1801.30963694528799213
1338 1802.30128349145056986
1339 1803.79684381336595773
1340 1804.90416097481201545
1341 1806.28966701949778164
1342 1806.57839175096392558
1343 1808.71443186547489036
1344 1809.1192737882873331
1345 1810.10889298798580455
1346 1810.87371915885471565
1347 1812.42007700210551903
1348 1814.02414034761551342
1349 1814.97308236349584903
1350 1816.33861121967463729
1351 1816.75802336535085318
1352 1817.71060856334247265
1353 1819.26033409948825056
1354 1820.18788218681121918
1355 1821.30570836520390906
1356 1822.42767144030258693
1357 1823.76626589577328796
1358 1825.21367689301338335
1359 1825.91568361492840937
1360 1826.79545527149265556
1361 1828.21127049997314193
1362 1828.62109175803114073
1363 1829.83252970993970205
1364 1831.93637990181521081
1365 1832.98494024373155425
1366 1833.27323903273032152
1367 1834.72155974860849903
1368 1835.88375443769254857
1369 1836.82767251595748964
1370 1838.08694330564455344
1371 1838.64028870765074107
1372 1840.19556347335736311
1373 1841.47858257064339426
1374 1842.87595527866722145
1375 1843.77105774306912046
1376 1844.75904365009588893
1377 1845.41753414642452918
1378 1846.3532534205164166
1379 1848.33098062238373143
1380 1848.7227609108908664
1381 1850.60118404765146366
1382 1851.4003619945897792
1383 1852.34220473338627724
1384 1853.51934292098950378
1385 1854.85563211598672777
1386 1855.59293493705546732
1387 1856.38917915352385447
1388 1857.49807481488018603
1389 1859.49527156879445998
1390 1860.54138810933681348
1391 1861.37967154723285346
1392 1862.12146492894421488
1393 1863.42546484509648601
1394 1864.35398133574625138
1395 1865.36743379405789011
1396 1866.83654701860819134
1397 1868.08519099860922437
1398 1868.70674568440811752
1399 1870.42147176831079015
1400 1871.41604309840714533
1401 1872.44156642819271759
1402 1872.86566763796768001
1403 1874.50836141266013534
1404 1874.91377401003954147
1405 1877.09506416733977461
1406 1878.0222514827534711
1407 1879.15330309046132857
1408 1880.08232541899437976
1409 1880.61176647965686741
1410 1882.32197479738468406
1411 1883.40872426951836603
1412 1884.00577834966714236
1413 1885.19807513025812288
1414 1887.05389480689012423
1415 1887.80884141683212953
1416 1888.938182636579455
1417 1890.3481286142445456
1418 1890.61212858793326093
1419 1891.67851053972878785
1420 1892.86770133579111534
1421 1894.55853757242968719
1422 1895.6971556535845633
1423 1896.58549434716890118
1424 1897.51369285971197409
1425 1898.82937281867948211
1426 1900.00614482914399661
1427 1900.57188427241483383
1428 1901.89130575060006508
1429 1902.80505920668006298
1430 1904.08932532335174209
1431 1906.1027561981819565
1432 1906.59767800376621539
1433 1907.33278012390992635
1434 1908.43306304505175223
1435 1909.46593002598238025
1436 1910.73365961589159648
1437 1911.70469094317215863
1438 1913.18248977588307681
1439 1914.35230005167405268
1440 1915.05462933334721857
1441 1916.60637183951935379
1442 1917.34470404156634552
1443 1918.78649890985678899
1444 1919.20777839780523826
1445 1919.9374573712172039
1446 1922.10162562199370344
1447 1923.28083793641744206
1448 1924.05583110144084952
1449 1925.23198797540652941
1450 1926.21158307989407846
1451 1926.82009279487157674
1452 1928.41751854951944786
1453 1929.48756018057648999
1454 1930.2583871803873258
1455 1931.76006943652461401
1456 1932.87575454994691778
1457 1934.41643636915190342
1458 1934.90794343436569751
1459 1935.92484880374569484
1460 1936.87309381427890239
1461 1937.96863349801995772
1462 1939.05002915054412572
1463 1940.97732670585993599
1464 1941.82286221578023295
1465 1942.63356869224615091
1466 1943.36794744925274911
1467 1945.15379630636795958
1468 1945.92271694948332719
1469 1946.60994536187741031
1470 1947.91704773770360408
1471 1949.03003007360655074
1472 1950.7432015528631586
1473 1951.5366958730549104
1474 1952.85012921186575328
1475 1953.44855632513577005
1476 1954.41858817521411679
1477 1955.31580928371838869
1478 1956.84816457821550855
1479 1958.31440355512035856
1480 1958.85188346319481385
1481 1960.41884526938179676
1482 1961.35927788001437951
1483 1962.23357184857979807
1484 1963.62118457320206908
1485 1964.35739093809559721
1486 1965.37782950510385703
1487 1966.11765857407452647
1488 1968.47160201942044185
1489 1969.04761754652782862
1490 1970.30500951703376141
1491 1970.85554757994594431
1492 1971.97031280481138664
1493 1973.18266340593867969
1494 1974.34720191012008526
1495 1975.08061030226699356
1496 1977.17394369803987902
1497 1977.27144619974651074
1498 1978.80144816773152963
1499 1980.37177228705133693
1500 1980.91004309102423326
1501 1981.74876889726348374
1502 1982.66327919527651402
1503 1983.92380462226065967
1504 1985.41654017452674022
1505 1986.75710771641519797
1506 1987.87347336072431738
1507 1988.25187680735576602
1508 1989.70200270802161893
1509 1990.47835252642699165
1510 1992.00170639352790272
1511 1992.78498787515757278
1512 1993.57749313825998464
1513 1995.16873961188853775
1514 1996.79617696618820691
1515 1997.39091405961144931
1516 1998.27900692598482242
1517 1999.5457641762675889
1518 2000.43451530243224678
1519 2000.92962068918455514
1520 2002.89640837436174069
1521 2004.13966923327013496
1522 2005.07784812409875913
1523 2005.9009348857857109
1524 2007.1251801703011259
1525 2008.41824033026227168
1526 2009.17663412294958983
1527 2010.15332476755932641
1528 2011.02070507365005757
1529 2012.53893547742174533
1530 2013.87209771399082626
1531 2015.18672860870628291
1532 2016.02963803237539352
1533 2016.80007565584573254
1534 2017.38676725196155801
1535 2019.26460021606409976
1536 2019.88436713975529305
1537 2021.19604276889278802
1538 2022.54561768468826603
1539 2023.57291177710074785
1540 2024.4882621579512503
1541 2025.87890620248156099
1542 2026.73825891215209765
1543 2027.57331705599754241
1544 2028.58245935403995163
1545 2029.38547955096664738
1546 2031.75055069061873696
1547 2032.42078085628643022
1548 2033.01789274566981581
1549 2034.55482878895616509
1550 2035.07744009630407798
1551 2036.52752648337032672
1552 2037.21711109434089156
1553 2038.84173825086775016
1554 2039.44321874010445185
1555 2040.83911967313822389
1556 2042.3445862506042089
1557 2043.21711656332396448
1558 2044.12159329166749543
1559 2045.03732085981482093
1560 2045.80276043156193543
1561 2047.09833634560713227
1562 2048.45409406616111239
1563 2049.84752560571606926
1564 2050.90605538468454838
1565 2051.71838819625631916
1566 2052.40779019240101787
1567 2054.05991689848573426
1568 2055.18026732616666128
1569 2055.57260289904887218
1570 2056.62086668989377929
1571 2058.45065111890613613
1572 2059.44802174377145897
1573 2060.86824720810796838
1574 2061.36705920203188972
1575 2062.57265091997839409
1576 2063.28355949838076315
1577 2064.30486769963414808
1578 2065.83267228191146471
1579 2066.98522937798528735
1580 2068.34563852737009472
1581 2068.66994108281269416
1582 2070.50471759344597516
1583 2071.37708316975859645
1584 2071.9904548147607871
1585 2073.39760371576840663
1586 2074.17106490215248726
1587 2075.02806554483215663
1588 2077.11757013687720702
1589 2078.15548463921428408
1590 2078.93928811487690237
1591 2079.56762846189322736
1592 2080.91034345756128792
1593 2081.79968656357714614
1594 2083.30027685882797571
1595 2083.77999255016739758
1596 2085.38981369228598668
1597 2086.58031853438142152
1598 2087.47334098785801635
1599 2088.71228119873258119
1600 2090.03620675701694157
1601 2090.44755002741586694
1602 2091.22158066113126364
1603 2092.47321811007189174
1604 2094.33591746863195515
1605 2095.13825666029482367
1606 2096.34652997925258853
1607 2097.37160635719289454
1608 2097.95192219988703964
1609 2099.31165126506134746
1610 2100.59374523686124066
1611 2101.13548945910841492
1612 2102.53510021529770096
1613 2103.39045480871403935
1614 2105.37220659179989777
1615 2105.99470433928624168
1616 2107.17236243244334147
1617 2107.61791140751432779
1618 2108.9383848890153356
1619 2109.96314318126758202
1620 2110.82237184813182202
1621 2112.90708752319077771
1622 2113.48396644843080128
1623 2114.39613732588999239
1624 2115.50660279468411445
1625 2116.90005606839472757
1626 2117.72239944136297808
1627 2118.61864621702926271
1628 2119.45642846893927668
1629 2120.69156259184395054
1630 2122.46515117492836242
1631 2123.34404230346249932
1632 2124.3703687375688782
1633 2125.51240002915193922
1634 2125.9587848403733054
1635 2126.97571119255798896
1636 2128.75229055426283665
1637 2129.406080228328443
1638 2130.55510228323591669
1639 2132.08062099294264317
1640 2132.79851646788415464
1641 2134.15493398503792417
1642 2134.95077250431567213
1643 2136.08689752470321371
1644 2136.96747054847187036
1645 2137.50994052591091358
1646 2139.38075998520110758
1647 2140.94936263909704059
1648 2141.71003596038995036
1649 2142.35504319603538527
1650 2143.3744441805378856
1651 2144.89533743136042869
1652 2145.50575373418082404
1653 2146.62589447551151783
1654 2147.78536734563083386
1655 2149.15184938288922189
1656 2149.91063985810211901
1657 2151.77688511646502595
1658 2152.39022659691965511
1659 2153.01196416538652864
1660 2154.26362395232033603
1661 2154.93534584822547312
1662 2156.39472725568168923
1663 2157.85648956535312703
1664 2158.87807229108320449
1665 2159.90228601717049248
1666 2160.85306232818419126
1667 2161.69217218920953165
1668 2163.10712228573238034
1669 2164.04972035635735027
1670 2165.01143717431429578
1671 2165.50394902337574421
1672 2167.69344425474684803
1673 2168.89061585185398238
1674 2169.26382928336495507
1675 2170.78707497301573661
1676 2171.39636192649469163
1677 2172.25096282751632641
1678 2173.52829696931661215
1679 2174.74502080347664553
1680 2176.20411946621563837
1681 2176.93945169897740598
1682 2178.00420915476112439
1683 2179.23218502974718748
1684 2180.49531825927878074
1685 2181.25236701068176836
1686 2181.72578302981956181
1687 2183.33058401727993763
1688 2184.10319076068053492
1689 2185.965528320683109
1690 2187.08569095937252109
1691 2187.79845587782789904
1692 2188.55876320308854323
1693 2189.49707290260539163
1694 2191.09336304574927565
1695 2191.77801740050798869
1696 2192.82677053986120875
1697 2194.23153005044970056
1698 2195.23168768125578497
1699 2196.71597766675854354
1700 2197.25874704020590449
1701 2198.68751268436752233
1702 2199.30296532096958361
1703 2200.35102091326304843
1704 2200.9159530255518245
1705 2203.27745373064601134
1706 2203.90636458377354815
1707 2204.99780175483010795
1708 2205.85576124554392053
1709 2207.17216191495222029
1710 2207.80274133673695473
1711 2209.15374440026325807
1712 2210.20801498925036445
1713 2210.85094109929616674
1714 2212.34356840003640435
1715 2213.70025624843609046
1716 2214.94992563209249577
1717 2215.82056569064555503
1718 2216.29637588764519343
1719 2217.46937511622519343
1720 2218.52100691339529627
1721 2219.79981569836106179
1722 2220.85215884891418261
1723 2222.63660458809746786
1724 2223.05505791881040797
1725 2223.77777250721452998
1726 2225.56464511716942601
1727 2226.33273440557558713
1728 2227.24622937659537653
1729 2227.97057388225630938
1730 2229.12795891012330394
1731 2230.89869085621724863
1732 2231.97715407407331401
1733 2232.92485386896618178
1734 2233.72022225031290619
1735 2234.81493453132690001
1736 2235.54666213560006319
1737 2236.77364384509983578
1738 2238.1547995192976154
1739 2239.16774396023665946
1740 2240.0212094704710964
1741 2241.53618652376640205
1742 2242.62118015937948108
1743 2243.37366841896199854
1744 2244.37070170043033861
1745 2245.56528653127134223
1746 2246.01655817828562697
1747 2247.36443125122939202
1748 2249.55019857353709266
1749 2249.77076655272396128
1750 2251.04664194155316632
1751 2251.84531833869339936
1752 2252.67843267383885658
1753 2254.56224699438955311
1754 2254.7590790013039953
1755 2255.82456557153694124
1756 2257.34638468313280066
1757 2258.50184729114583817
1758 2259.51784205738427398
1759 2260.89025941680026512
1760 2261.66006444948109901
1761 2262.67443064820979954
1762 2262.87830538116111223
1763 2264.67639970577024664
1764 2265.76844611546944779
1765 2267.38450106754403583
1766 2267.87917533716606987
1767 2269.22699826160955066
1768 2269.91910321683834685
1769 2271.32628246806638137
1770 2272.04901570123765846
1771 2273.34753405316447427
1772 2273.95628914594305606
1773 2275.06866477597133351
1774 2277.07931775662352306
1775 2278.01262839330538098
1776 2278.52594215578419175
1777 2279.50730584111949375
1778 2280.87071985258620926
1779 2281.35648361454629359
1780 2282.69037513764789235
1781 2284.05601145935137786
1782 2285.22224236486650388
1783 2286.14981414056405417
1784 2287.04615867101060417
1785 2288.57884944576462637
1786 2289.33628471013415011
1787 2290.24145821085573125
1788 2291.09766361211201193
1789 2291.92890125249055718
1790 2293.89614510608675668
1791 2294.68791841171431144
1792 2296.11509118833034612
1793 2296.99852247251512663
1794 2297.37264757980959395
1795 2298.61236336566020567
1796 2299.96157762008968675
1797 2301.23412579883090296
1798 2301.45484035172846448
1799 2303.29548198257322304
1800 2304.3051386703745336
1801 2305.50835678868196857
1802 2306.51773307000353511
1803 2307.35555337047808313
1804 2308.21028463476467901
1805 2309.37035823952911702
1806 2309.93112238418362292
1807 2312.04799644961074357
1808 2313.19091417074789933
1809 2313.68935996722396041
1810 2314.62118211359416188
1811 2316.04945471998882916
1812 2316.96249450484077251
1813 2317.8515318642770403
1814 2318.82603533643014836
1815 2320.08852320402725765
1816 2320.94953162865960517
1817 2322.81263260669333426
1818 2323.53427424076605971
1819 2324.51245523225838895
1820 2325.55709649176545392
1821 2325.90301592751310775
1822 2327.37685581969956106
1823 2328.63487510116860927
1824 2329.70572340644955569
1825 2331.01311028957289303
1826 2331.94270780640276783
1827 2332.98776543277501768
1828 2333.72086337378228275
1829 2335.53171257445095636
1830 2335.86715380564978136
1831 2336.62103678623872134
1832 2337.76173015882069686
1833 2339.6156838959826202
1834 2340.82672670664448142
1835 2341.32459618621548666
1836 2342.65404165846926381
1837 2343.25915895500886015
1838 2344.31121623615175782
1839 2345.57048363447381665
1840 2346.46411952978781111
1841 2347.93425464172367441
1842 2348.84342363345568012
1843 2349.73005425783787671
1844 2351.45504692785123185
1845 2352.19570150253646459
1846 2352.75087007545459099
1847 2353.9121358523530593
1848 2354.95108123500818408
1849 2355.81081397829061536
1850 2357.60831592024748579
1851 2358.904705198415579
1852 2359.43485907643986684
1853 2360.31428508952633865
1854 2361.34254164193263156
1855 2362.71831792292138103
1856 2363.49561765411863387
1857 2364.75117608911701011
1858 2365.19151506413191656
1859 2367.24921984295946848
1860 2367.95770182315585911
1861 2369.22057776739903203
1862 2370.09339028423216939
1863 2371.10074792972167349
1864 2371.93813779461010815
1865 2372.44034726005584374
1866 2374.44423071781665029
1867 2375.5439670373722489
1868 2376.35546351556018975
1869 2377.75540791401279902
1870 2378.21296167966215732
1871 2379.72650294996582224
1872 2380.54565721873625931
1873 2381.50012371043752973
1874 2382.53083056636640218
1875 2383.35601391598086947
1876 2384.96507164118246973
1877 2386.43093710950389029
1878 2387.29908412233651476
1879 2387.81356855607803729
1880 2388.74820763549317642
1881 2389.955988113666157
1882 2391.26054987240339948
1883 2391.75498233662277278
1884 2393.63059329169985533
1885 2394.48536785604649402
1886 2395.27016999464709217
1887 2396.60387876261607158
1888 2397.7916437617737635
1889 2398.55831138253267116
1890 2399.43383290578527012
1891 2400.15235652213145719
1892 2401.48299837577178065
1893 2403.41879844534520389
1894 2403.97531514896750749
1895 2404.92159348976999757
1896 2406.25398871828948526
1897 2406.73285118210950844
1898 2407.71591042226990728
1899 2409.44150235241954035
1900 2409.88160268287958825
1901 2411.12619338077742137
1902 2412.22293583728404167
1903 2413.97612319498340861
1904 2414.37987980127049587
1905 2415.57689346599410581
1906 2416.5340546277039393
1907 2417.27808742177219311
1908 2418.22944326735738746
1909 2419.50791716307124546
1910 2421.14294399332817889
1911 2422.15208492510950878
1912 2422.99623012348690786
1913 2423.50414688871613941
1914 2425.12476021255672448
1915 2426.19343754166830047
1916 2426.90706429375364513
1917 2427.64089694859298226
1918 2429.18559599025692249
1919 2430.26581263594440307
1920 2431.61113509625393038
1921 2432.72756929925475663
1922 2433.70589680470380893
1923 2433.91687323768418302
1924 2435.3488943646945597
1925 2436.1916003750910364
1926 2437.79407610782604984
1927 2438.6717907940441802
1928 2439.92712721867227606
1929 2440.82616029063525475
1930 2441.92983654999840953
1931 2443.03356005818513233
1932 2443.77543639619972933
1933 2445.15438101522041942
1934 2445.74495210115490037
1935 2446.39852330611024761
1936 2448.98831228603510536
1937 2449.23103200929253339
1938 2450.5036505801081191
1939 2451.18170831008444922
1940 2452.28336574121389063
1941 2453.25748581208404487
1942 2454.30056184178992349
1943 2455.48228838352592395
1944 2456.51455184128855333
1945 2457.90799909021854468
1946 2458.54679983712801341
1947 2460.0135794655061915
1948 2461.20229537450620005
1949 2461.7316286480413927
1950 2462.46429491385376363
1951 2463.56966729501634784
1952 2464.92781636122340856
1953 2466.18309701319272341
1954 2467.6408607837790247
1955 2468.18681630111524324
1956 2469.33626389249748923
1957 2469.78148503152402431
1958 2471.53929774199671695
1959 2472.33641758948227107
1960 2473.10712473464504219
1961 2474.23784973439367951
1962 2475.53935386100276677
1963 2477.02175509610459416
1964 2478.01485402480940524
1965 2478.39759758312502044
1966 2479.97735198087075412
1967 2480.43360698509207293
1968 2481.3567672803589446
1969 2482.68341151871599923
1970 2484.50323827474464337
1971 2485.08759053741986651
1972 2485.78562071239275224
1973 2487.33383644272602207
1974 2488.11383175419305438
1975 2489.26115745163711674
1976 2490.05109051574678981
1977 2491.10551642182070482
1978 2491.90747393429284264
1979 2493.48929544912321723
1980 2494.86617782825522097
1981 2495.84684041950164276
1982 2496.48533670282326825
1983 2497.64846524660193455
1984 2497.9699739667522624
1985 2499.86204282125506569
1986 2500.56438641231744934
1987 2501.57774467243353946
1988 2503.18522721208680164
1989 2504.00893365858364118
1990 2504.77215251121202793
1991 2506.30535193730769566
1992 2507.15188564767558917
1993 2507.87103957974336197
1994 2508.76604610382662241
1995 2509.65299744137942169
1996 2511.66018978718668366
1997 2512.53822098520254481
1998 2513.57951702146485459
1999 2514.25985905977367791
2000 2515.28648292471288004
2001 2516.57104914288748599
2002 2517.14693188041535686
2003 2518.552852040690821
2004 2519.63425264027189333
2005 2520.40232351803616397
2006 2521.88517564615100536
2007 2523.26348015587214614
2008 2523.96705581919052948
2009 2524.64204579569452148
2010 2525.68799332480068326
2011 2526.86881005859299824
2012 2527.41879116062895256
2013 2529.37804346327511962
2014 2530.27367227426841128
2015 2531.54396122006483741
2016 2531.96938408156196855
2017 2533.06731709904744393
2018 2534.40861409839420258
2019 2535.50588607396603207
2020 2536.0918849208389808
2021 2536.86748522256125444
2022 2538.5598269362611534
2023 2539.99840711859116647
2024 2540.5316619367422286
2025 2541.99872915367103954
2026 2542.68765051486886708
2027 2543.34395508860665013
2028 2544.29095365661560611
2029 2545.87801773033315966
2030 2546.76114128335877356
2031 2548.18161539410855746
2032 2548.89598757504656701
2033 2549.99648449152252039
2034 2551.4111419928850379
2035 2551.88044595959906088
2036 2553.27567799552469264
2037 2553.72306920120918025
2038 2555.05087529135924917
2039 2555.83235074730340308
2040 2558.00910594287178916
2041 2558.75221136847136734
2042 2559.23429659733397247
2043 2560.26328951438872062
2044 2561.40563574757331548
2045 2562.42611333814323205
2046 2563.50171890399298872
2047 2564.3321078543334904
2048 2565.9752704782838442
2049 2566.55755789708502249
2050 2567.95859972532882941
2051 2569.04309017335277994
2052 2569.94811159690457986
2053 2570.95852566191922186
2054 2571.5407741477687175
2055 2572.36820818620741378
2056 2574.20716395002286041
2057 2575.40451199690362255
2058 2576.14101118402615451
2059 2577.51983553260234469
2060 2578.07012992500555505
2061 2578.97129833589594247
2062 2580.34611156520070659
2063 2581.39814058189270663
2064 2582.13873393130188998
2065 2583.0032945350998382
2066 2584.7584024416785416
2067 2585.77273940401149926
2068 2586.92517895718222799
2069 2587.591000924191165
2070 2588.36821042388044943
2071 2589.57926455443400686
2072 2590.37169292595152237
2073 2591.5493784479847915
2074 2593.27587680660442538
2075 2594.02361833468668257
2076 2594.90501155247990145
2077 2595.68753013885960393
2078 2597.54614148845956493
2079 2597.9793534184231159
2080 2598.59876831963346598
2081 2600.12135506188193109
2082 2600.64195231921997888
2083 2602.4123005580551301
2084 2603.62878111845325298
2085 2604.57356482371866418
2086 2605.36807591555923135
2087 2606.24366454751894138
2088 2607.00363911423900967
2089 2608.36489964903551277
2090 2609.55208674067738506
2091 2610.44452093891551602
2092 2611.54367038142293958
2093 2612.95680703669404438
2094 2613.73192943830503282
2095 2614.73713616540084081
2096 2615.84770726824951418
2097 2616.90211824395379734
2098 2617.33504693490111427
2099 2618.29291547802228594
2100 2620.27939369442461879
2101 2621.42905521322924086
2102 2622.04869679842135477
2103 2622.99450797630203127
2104 2624.05060385455943109
2105 2624.90950177716963951
2106 2626.46050222994433988
2107 2626.71047139580639895
2108 2628.09802652387119126
2109 2629.60413951084858779
2110 2629.99480076421998482
2111 2632.04311663711272895
2112 2632.44365894914535492
2113 2633.67639993978112779
2114 2633.96654343412126289
2115 2635.21733161717985272
2116 2636.4325859950818617
2117 2637.51068335846260542
2118 2639.06257304538955892
2119 2640.05424588402725759
2120 2640.46294282895132347
2121 2641.8017447841085488
2122 2642.75575906304389744
2123 2643.9709009583452262
2124 2644.88786714349158186
2125 2645.39556727857292923
2126 2646.68994017272431947
2127 2648.57742928376388487
2128 2649.32565355179877212
2129 2650.05854445838232611
2130 2651.2273313321213262
2131 2652.16077524153995605
2132 2652.77064282695968859
2133 2653.89706974564043827
2134 2655.61577232596184138
2135 2656.23899849801725646
2136 2657.53776075830055423
2137 2658.34155762975696753
2138 2659.65831602085961659
2139 2660.61024580295311457
2140 2661.58257375821388069
2141 2662.18357343562761549
2142 2663.39394562233962764
2143 2664.23548908324405939
2144 2666.03010147945396865
2145 2666.98284907054623593
2146 2668.29185903720891013
2147 2668.66365140129281854
2148 2669.25374488818001451
2149 2670.99899858216521229
2150 2671.91838266891096657
2151 2672.60377958814669207
2152 2673.87461871110465578
2153 2675.27175912963652575
2154 2676.0664902301004496
2155 2677.24619389319950758
2156 2678.53815652163172866
2157 2679.02528159628447337
2158 2680.03902154823846099
2159 2680.84311713292361572
2160 2681.84105145608271919
2161 2683.8822755514699002
2162 2684.52915690449764941
2163 2685.37711342663224407
2164 2686.49616015116044675
2165 2687.48993980802663267
2166 2688.38508159555410126
2167 2689.42327598113812772
2168 2690.63318685602527461
2169 2691.31838283999711377
2170 2692.36871895850991419
2171 2694.10282061344196838
2172 2695.20895796897127854
2173 2695.75004924010483088
2174 2696.69537258161146223
2175 2697.85755821675930473
2176 2698.2909613213957825
2177 2699.94202750008635885
2178 2700.73120701107033251
2179 2702.43354484773733272
2180 2703.14365751118894844
2181 2703.98171424477244891
2182 2704.95573755133425864
2183 2706.52824732675666913
2184 2707.09076464638887997
2185 2708.11706922927296849
2186 2708.47652496068329798
2187 2710.36835982360616729
2188 2711.45822786411499784
2189 2712.78668733475639528
2190 2713.52528930334790731
2191 2714.36790668851861885
2192 2715.3398716314090581
2193 2716.025049049534498
2194 2717.66577487105264055
2195 2718.30865247435248304
2196 2719.77099897812988201
2197 2720.49347490015277374
2198 2721.79877561664799158
2199 2723.08608274447584349
2200 2723.76892884982269437
2201 2724.52392443706970343
2202 2725.88298920348200082
2203 2726.47970103396323079
2204 2727.2744594319015578
2205 2729.39504166859491212
2206 2730.49289180717218273
2207 2730.79770208018674657
2208 2732.0040499135952468
2209 2732.83012355748210462
2210 2734.20078296782242763
2211 2734.93885608420880132
2212 2736.00047910703989757
2213 2736.92204844000058582
2214 2738.26644416376503229
2215 2739.51354729620154895
2216 2740.31110942123138142
2217 2741.87885242055772286
2218 2742.25410787824802469
2219 2742.99306815992739025
2220 2743.9534698100878245
2221 2745.32183189819290395
2222 2746.71479895239840687
2223 2747.51409799818411774
2224 2748.91619106643643581
2225 2749.64364978865323629
2226 2750.31408341035982454
2227 2751.8236714585273821
2228 2752.71550249388326104
2229 2753.48779641739615079
2230 2754.45866308271839808
2231 2755.41687619148596686
2232 2757.30186821430079189
2233 2758.27810332833900225
2234 2758.85867096868500436
2235 2759.89861391965838916
2236 2760.65715154011170615
2237 2762.0828801425753
2238 2762.44458046769446315
2239 2764.04184625208908305
2240 2765.40769114648292577
2241 2766.15703558991906198
2242 2766.88726974736800712
2243 2768.66452388813910809
2244 2769.14469879609999023
2245 2770.27909364334319213
2246 2771.0173921426847732
2247 2771.89629366172772109
2248 2773.0297134242948446
2249 2774.67001073183263133
2250 2775.72570734241032791
2251 2776.61916030792635619
2252 2777.51212520257613458
2253 2778.28969529977277565
2254 2779.12753913405076866
2255 2780.7711183790715386
2256 2781.65607022757144078
2257 2781.98923965464790396
2258 2783.94366528685911092
2259 2784.70528387612184016
2260 2786.04333573862275772
2261 2786.70256635136877399
2262 2787.93202125852377484
2263 2788.79627801451107434
2264 2789.19756112105091256
2265 2790.49308079103522604
2266 2792.11337855702284223
2267 2793.30146924087172434
2268 2794.2380933352754677
2269 2794.65382466532819842
2270 2796.0347616036578052
2271 2797.17453935189775942
2272 2797.97290122962842146
2273 2798.79814017704547721
2274 2800.06744481840149278
2275 2800.93760311623493101
2276 2802.22480153633166301
2277 2803.86495513834450691
2278 2804.41893567625115221
2279 2805.20530036306444717
2280 2806.00273241664088884
2281 2807.13231837118938028
2282 2808.15350119799763361
2283 2809.29165224519283747
2284 2810.72463408251846409
2285 2811.46099222605280972
2286 2812.86199758802214861
2287 2813.20148802830093598
2288 2814.65675798059516477
2289 2815.83865399274766745
2290 2816.33795481532515673
2291 2817.45890731741932617
2292 2817.94946216096694722
2293 2820.48884202191658497
2294 2820.66084105378115996
2295 2821.89193007487097127
2296 2822.92302621702321486
2297 2823.86699205660798397
2298 2824.28188412203962795
2299 2825.872656689750758
2300 2826.71217037492274603
2301 2828.02997394625099507
2302 2828.85152659052258799
2303 2830.08754529001612222
2304 2831.1284254371872585
2305 2832.41655085794384075
2306 2833.13803585167090621
2307 2833.65871723330817824
2308 2834.98024846251404713
2309 2835.77584774453060476
2310 2837.01447208129312275
2311 2838.81288152927165103
2312 2839.48575339501263147
2313 2840.28575491069153281
2314 2840.92067297310397613
2315 2842.33264108110070138
2316 2843.46983788456475098
2317 2844.19898696326122714
2318 2845.02543361048015564
2319 2846.39077621272689
2320 2847.53593552973075197
2321 2848.77030855540735421
2322 2849.79708664720965171
2323 2850.47188819743534703
2324 2851.67893803625434909
2325 2852.30372656836976893
2326 2852.92621476469486925
2327 2854.83239423193131623
2328 2855.85372119290011136
2329 2856.8161335439133212
2330 2857.73613980782205677
2331 2858.85786035625147837
2332 2859.83874895418436158
2333 2860.57743649761226594
2334 2862.12020823439640538
2335 2862.50696627776267932
2336 2863.36358955219115397
2337 2864.91142675885144561
2338 2866.49320975592975347
2339 2867.14935609408786822
2340 2868.22416366309043852
2341 2868.65762919421836443
2342 2869.84345657486365317
2343 2870.9095063753809207
2344 2872.0235111135481923
2345 2872.85855518343819686
2346 2874.56915407284586469
2347 2875.28211916636655773
2348 2875.88991434038643573
2349 2877.54664915379620629
2350 2878.52700262417992669
2351 2879.11990754697892211
2352 2879.86897393690733903
2353 2880.97899473838600689
2354 2882.15364639063691079
2355 2884.01365755283976667
2356 2884.3467577901429434
2357 2885.77305540272213033
2358 2886.30887463977257986
2359 2887.2248855070607852
2360 2888.39438245617213148
2361 2889.40416804757801727
2362 2890.64262636155329555
2363 2891.28007821545510649
2364 2892.46262401663924809
2365 2894.17444873682122326
2366 2894.7465503562250122
2367 2895.64110386197137741
2368 2896.82540516824754736
2369 2897.42830056696972746
2370 2898.54135317990794209
2371 2899.1777798365483611
2372 2901.2638503619971785
2373 2902.0651024812501278
2374 2902.8557855285082642
2375 2903.95787904303701859
2376 2904.59819602198772412
2377 2906.17641759662853929
2378 2906.92333934298519448
2379 2907.60573691121083213
2380 2908.65804551974278067
2381 2910.02823343504637967
2382 2911.14290366458001567
2383 2912.34590472605591647
2384 2913.52278586668608403
2385 2914.04461107210273965
2386 2914.80270222386360972
2387 2915.68597532745517769
2388 2917.27417344148755535
2389 2917.98241670191252016
2390 2919.32177232652727813
2391 2920.61555599214132527
2392 2921.08319893725982858
2393 2922.39608455739507744
2394 2923.39093235737660624
2395 2924.33343499395265405
2396 2925.26150911931331255
2397 2926.29543622622575912
2398 2926.62401468646589699
2399 2928.76107384699826147
2400 2930.00436637197919759
2401 2930.71116869738957151
2402 2931.06910110981473209
2403 2932.806414415832769
2404 2933.17485716200829008
2405 2934.29071783578784593
2406 2935.55246370574799133
2407 2936.55037484860182024
2408 2937.70895898156823787
2409 2938.58122035057845515
2410 2939.84752916259399124
2411 2941.26160153468711737
2412 2941.42521775634224703
2413 2942.72488586514748869
2414 2943.35368496017837549
2415 2944.32164879448343334
2416 2945.94449928588702599
2417 2946.92239489618835075
2418 2948.3742618646905375
2419 2948.86757720939488674
2420 2949.79014302578590907
2421 2950.52110835241838506
2422 2952.28382963894754568
2423 2952.82717658351190103
2424 2953.58903099375880812
2425 2954.71127529093356273
2426 2956.25873042415712
2427 2957.2362592468425622
2428 2958.29077625419700272
2429 2959.22101423468715187
2430 2960.0336178120083743
2431 2960.81483926622022873
2432 2961.82597057534859147
2433 2962.81963633528142382
2434 2964.63392149480856276
2435 2965.39834158429091685
2436 2966.0652697456481014
2437 2967.27019042649619841
2438 2968.40534899540754471
2439 2969.40113665569880967
2440 2970.04993011091363365
2441 2971.12223812493448775
2442 2972.30888410906875475
2443 2972.81168639135769249
2444 2975.01802041278089612
2445 2975.61995716615344029
2446 2976.52623213709425254
2447 2977.55357491347025256
2448 2977.98197851260020276
2449 2979.31904221201144901
2450 2980.48738100655936231
2451 2981.34394748181029163
2452 2982.52371989592463806
2453 2983.82533326651940416
2454 2984.63917780444656897
2455 2985.54766623542107215
2456 2986.80539338329783485
2457 2987.85615150243213745
2458 2988.63469966693880834
2459 2988.85504636744520254
2460 2990.42327057369860241
2461 2992.16366867506322018
2462 2992.86886637830101383
2463 2993.97435309284801038
2464 2994.86550704675394824
2465 2995.54026691550195427
2466 2996.7365060162217636
2467 2997.64720311444279478
2468 2998.95930109802893173
2469 2999.49449299459458297
2470 3001.02333116287956909
2471 3001.70733245602101818
2472 3003.47704285271059485
2473 3004.29097591731057802
2474 3004.66230840824914309
2475 3005.77292928450801064
2476 3006.99073836463340184
2477 3007.46869921647085056
2478 3008.88212087239304216
2479 3010.51496212924427744
2480 3011.3443801805122309
2481 3012.07469478586682396
2482 3012.78845054867834534
2483 3014.45908220668191619
2484 3014.91166650272930519
2485 3016.34839416997796187
2486 3016.700060812629197
2487 3017.78344019159306882
2488 3019.46177578036595008
2489 3020.48763389693909524
2490 3021.42040069251129296
2491 3022.44748379312591248
2492 3023.33850906794091082
2493 3023.93099607390226623
2494 3024.79396387121776071
2495 3026.51082690784543407
2496 3027.29952280734147223
2497 3028.40152252863068209
2498 3029.49938836968124065
2499 3030.59452965098207044
2500 3031.28921746806128492
2501 3032.75602936022450294
2502 3033.21812397295362152
2503 3034.36090719232689352
2504 3035.07410394753797581
2505 3036.13311323820802332
2506 3037.98038359046851574
2507 3039.03365104421019954
2508 3039.52160157157210409
2509 3040.50042756465989617
2510 3041.25680354950007824
2511 3042.65304985413171795
2512 3043.67054162177020121
2513 3044.0551279819143962
2514 3046.05003022487610819
2515 3046.45450421928844038
2516 3047.70881764088986878
2517 3048.92263249040491187
2518 3050.01967675721217015
2519 3050.80123331572091369
2520 3051.34238334148050039
2521 3052.47684852426122736
2522 3053.34826593695212318
2523 3054.98652086653658789
2524 3056.24292330973060116
2525 3056.76513811296500059
2526 3058.01370300970179415
2527 3058.90149469316431177
2528 3059.43786175811278604
2529 3061.06270011759075605
2530 3061.83758444526760955
2531 3062.72687316464014967
2532 3063.43508648501864903
2533 3065.28655558529720555
2534 3066.32025040409628759
2535 3067.07132024117611665
2536 3068.01350134179533531
2537 3068.98426618552620089
2538 3069.78290477976748533
2539 3070.54262154980818544
2540 3072.00099337791567592
2541 3073.18523777994294867
2542 3074.52349428521026811
2543 3075.03387287741070684
2544 3075.83347924246405491
2545 3077.42747330681231421
2546 3078.28622691796925901
2547 3078.89737914713500823
2548 3079.87139464281372163
2549 3080.8563823419725475
2550 3082.16316375907170594
2551 3083.36135799043167395
2552 3084.83845150429331559
2553 3085.3772689936342131
2554 3085.96552225931062168
2555 3087.01881535864535617
2556 3088.08343704203937779
2557 3089.2223089445178063
2558 3090.28219490293482837
2559 3091.15446969849338481
2560 3092.6876670400269271
2561 3093.18544571752394754
2562 3094.83306843011632516
2563 3095.13203123945381441
2564 3096.51548551293643329
2565 3097.34260653099147639
2566 3098.03835497296463417
2567 3098.75808984881322628
2568 3101.0793730865792662
2569 3101.65737079014479656
2570 3102.43608912271819254
2571 3103.58991605958848401
2572 3104.36254634163384103
2573 3105.39140236985770278
2574 3106.3963526460554756
2575 3107.4842558570232512
2576 3108.3035962662063306
2577 3109.53309979035677203
2578 3110.55720038032568021
2579 3111.92072771409028312
2580 3112.8407378593731529
2581 3113.75521366948673933
2582 3114.47341620357196233
2583 3115.00267241354494261
2584 3116.72045081590151787
2585 3117.26972338689950721
2586 3118.95501366612433457
2587 3119.95755660433874414
2588 3120.98621497567748758
2589 3121.337219762925804
2590 3122.61012887534761926
2591 3124.15022516432987172
2592 3124.52592264576860426
2593 3125.37444147211021466
2594 3126.45011643482005725
2595 3127.6930123734428876
2596 3129.46861260974806415
2597 3129.79620550542079243
2598 3130.87766372977382828
2599 3131.86109021630175506
2600 3132.69833136623752956
2601 3133.39888382298054909
2602 3134.63544590125767955
2603 3136.01556075204168211
2604 3137.1751726669313962
2605 3137.61349521202296049
2606 3139.04950849846551719
2607 3140.13849414105253664
2608 3141.00117482824038225
2609 3141.74803254288387941
2610 3142.97945672803872234
2611 3143.5674991835782497
2612 3144.49048814551305069
2613 3146.28352837594445215
2614 3147.34460662553037257
2615 3148.37904187046819351
2616 3148.86122878380652654
2617 3149.77173869899067443
2618 3150.82465272236349983
2619 3152.15105946573663603
2620 3152.9945599956435812
2621 3153.59697652953406896
2622 3155.31210821766994497
2623 3156.30035794957097209
2624 3156.90576145444654638
2625 3158.57828770793607991
2626 3159.26520465991124466
2627 3159.80409757908697671
2628 3161.061912577755098
2629 3161.40243520789209435
2630 3163.31195955782716106
2631 3164.35053132092959484
2632 3165.54059789382948315
2633 3166.13958671359915818
2634 3167.12109475728126011
2635 3168.19751571389522108
2636 3169.17976460785654647
2637 3170.01413156562625355
2638 3171.34395806906204281
2639 3171.83777434606780522
2640 3173.01163391727839709
2641 3174.81538597638620997
2642 3175.52872274369532434
2643 3176.48034351646256448
2644 3176.91563600921293554
2645 3178.37170500500081434
2646 3178.90259553604651015
2647 3180.01121337289385188
2648 3181.32850171320625083
2649 3182.83944692027125289
2650 3183.20567334592689821
2651 3184.45149996033232315
2652 3185.21434458011147105
2653 3186.54586942953719138
2654 3187.64616270837238564
2655 3188.0554823294459558
2656 3188.8774607149556296
2657 3190.16866196215291363
2658 3191.70625636277449992
2659 3192.68179161788682666
2660 3193.55720847245468407
2661 3194.78670737855812238
2662 3195.32669992921030504
2663 3195.79389563389309462
2664 3197.54716565659402925
2665 3198.43012576781778974
2666 3199.24897711424640105
2667 3200.66327023074559228
2668 3201.42486636119731255
2669 3202.77828650073584754
2670 3203.63089115262521361
2671 3204.5574101878422677
2672 3205.49758056334225188
2673 3206.22889330382996201
2674 3207.27006235743056103
2675 3208.0861338919182222
2676 3210.35242053976672708
2677 3210.67038829920181909
2678 3211.61883252293495656
2679 3212.31922734293159979
2680 3213.60649879817223373
2681 3214.66756248809430924
2682 3215.32529890373537124
2683 3216.49152469237090247
2684 3217.43080477829028217
2685 3218.65998374402590019
2686 3219.63917130558530504
2687 3221.19834168296959515
2688 3221.6094763010974094
2689 3222.81384082290244819
2690 3223.3725663752555211
2691 3224.21370651963882046
2692 3225.3667159649338189
2693 3227.04410237451535444
2694 3227.52514951549506118
2695 3229.01631162995350973
2696 3229.98106696049938888
2697 3230.33663673216946122
2698 3231.74134791825623397
2699 3232.73871312480837813
2700 3233.91336060303417573
2701 3234.30659124491992481
2702 3235.15461718236647581
2703 3237.08757953170859193
2704 3237.9982363267125892
2705 3239.09043456268981245
2706 3239.76731407523959802
2707 3240.6057472779568622
2708 3241.5953129380385566
2709 3242.5683075823653592
2710 3243.5016527112798872
2711 3244.88415709113458012
2712 3246.04015781623979772
2713 3246.84167616195952569
2714 3247.57050353383646058
2715 3249.30808574743481459
2716 3249.90644631844441597
2717 3250.61332426740503519
2718 3251.51063774401758297
2719 3252.72399090727068716
2720 3253.36901724410825799
2721 3255.14207659254840788
2722 3256.346612817957654
2723 3256.94194320473703913
2724 3257.83134001282533798
2725 3258.7067142754550534
2726 3259.53973068603965925
2727 3261.19212442050422072
2728 3261.53531260218341769
2729 3262.71896869452827068
2730 3263.78494048912647248
2731 3265.1987716006506219
2732 3266.1537864199357954
2733 3266.80395447964729758
2734 3268.18851785556712384
2735 3268.90940858871679515
2736 3269.51678536024809921
2737 3270.31080345782713057
2738 3272.01939761078109489
2739 3273.36303296527015822
2740 3274.05995301172481814
2741 3274.86356763797257213
2742 3276.12415498492209063
2743 3276.69455468121540136
2744 3278.0594782890382704
2745 3278.98619373202386591
2746 3279.48950963963496661
2747 3280.97641871372135535
2748 3281.70669082062175887
2749 3283.23912430011445089
2750 3284.49986313243858493
2751 3285.20282875169116149
2752 3285.68225971046089411
2753 3286.71854034229464416
2754 3287.77309199266659798
2755 3288.93697284532715959
2756 3289.72430653617616908
2757 3291.38572592843372291
2758 3292.2226420492850099
2759 3292.85671609755463497
2760 3293.97586924558513609
2761 3295.26666323272732763
2762 3296.0217547646720603
2763 3296.87314216269547349
2764 3297.8368423105992824
2765 3298.35787862156344129
2766 3300.450576192250525
2767 3301.41377630436783389
2768 3302.01709766560449051
2769 3303.31726184169726272
2770 3303.81371920575985214
2771 3305.07617724083433171
2772 3305.47208869853018021
2773 3307.22171160247642592
2774 3308.04540222331898275
2775 3308.83287751296919841
2776 3310.23570677384296852
2777 3311.15530611827288501
2778 3312.34945945051031912
2779 3313.19987667272544514
2780 3313.84266227315715
2781 3315.01501382797991005
2782 3315.6197425409245286
2783 3316.75245341771602559
2784 3318.38747017017047868
2785 3319.412648993159294
2786 3320.47669968204944724
2787 3320.88794146120167213
2788 3321.66357269861021102
2789 3323.49092317979171948
2790 3323.8751249140862644
2791 3324.92568414598269533
2792 3325.69162703838170913
2793 3327.33844175147217675
2794 3327.9882692081701753
2795 3329.46558394840962563
2796 3330.29040036013021984
2797 3331.29940416148837042
2798 3331.892288243776279
2799 3332.70089857600111856
2800 3333.7813829613715093
2801 3335.04599642447584302
2802 3336.57596842925521696
2803 3337.04421189670120587
2804 3338.15040735632476741
2805 3339.25667369461733051
2806 3340.11715269745898908
2807 3340.97226363784741133
2808 3342.2115548592569173
2809 3343.05172227833912769
2810 3343.604908509592828
2811 3344.85225586819344456
2812 3346.84843081656210135
2813 3347.39783099095509752
2814 3347.9360016107550133
2815 3349.30102792684596452
2816 3349.8562521147650604
2817 3350.80370402456812883
2818 3352.15380409660570635
2819 3352.84536454263927465
2820 3354.27823128038973273
2821 3355.48368030599216616
2822 3355.88057818332201509
2823 3357.19815411833633741
2824 3358.40269962342051339
2825 3359.35928306723663138
2826 3359.85240438129330052
2827 3360.58415329831746011
2828 3361.88758862112104841
2829 3363.23387834885093583
2830 3364.35576355386237029
2831 3365.60095746856153941
2832 3366.12088381075305148
2833 3367.05554253961859438
2834 3367.76944386821910399
2835 3369.18372855480512724
2836 3370.0616517465352459
2837 3370.9975361427182999
2838 3371.92244560054028932
2839 3373.1601409252257698
2840 3374.42747199004650117
2841 3375.37995575630903573
2842 3376.29838604419557579
2843 3376.82097084844259466
2844 3378.25895696264505204
2845 3378.78060849486904703
2846 3379.46019266808618202
2847 3381.63464744709837395
2848 3382.29671492160204337
2849 3383.34848957583464535
2850 3383.87121241510149318
2851 3385.17731082791080771
2852 3386.16629575041958367
2853 3387.14956445934642983
2854 3387.80877778540458328
2855 3389.0918801565991373
2856 3389.64887904087965896
2857 3391.48123373188424522
2858 3392.14757263077422193
2859 3393.65178589313435047
2860 3394.13766635139364783
2861 3394.99110631070916573
2862 3395.6148509384008987
2863 3396.89006631100758669
2864 3398.27167718919906387
2865 3398.84119721990591007
2866 3400.32247654855403291
2867 3401.38745069716230648
2868 3402.00044141493920472
2869 3403.00886482018444293
2870 3404.36276157286917934
2871 3405.13291869512090324
2872 3405.80994280482224095
2873 3406.67948281195938038
2874 3407.72831428952208875
2875 3409.57873685247068108
2876 3410.4245652119062916
2877 3411.22363349727759898
2878 3411.85583027597653083
2879 3413.21903600534683702
2880 3413.71081947665016512
2881 3415.00641529780467398
2882 3415.80662357288953567
2883 3417.20172552757203889
2884 3418.19484270885356007
2885 3418.74424667515032704
2886 3420.54058298732735258
2887 3421.30753731823531243
2888 3421.88242040767048197
2889 3423.12859419232829396
2890 3423.61139467127364294
2891 3424.72898986338413598
2892 3425.83091773593943832
2893 3427.43181100569978399
2894 3428.34501464875545733
2895 3429.077161459129134
2896 3430.15880952932582552
2897 3430.61161868017359007
2898 3432.0263665318686865
2899 3433.3063311603061658
2900 3433.76971016367901976
2901 3434.43293018126905551
2902 3436.1836075697092369
2903 3437.21916160690550238
2904 3438.21261615432499394
2905 3439.112430154170637
2906 3440.22929958855714138
2907 3440.84402577054390346
2908 3441.46797767007132884
2909 3442.68339244543920052
2910 3444.03657070173766263
2911 3445.27743246872925225
2912 3446.01538615829797248
2913 3447.15892542062327497
2914 3447.70051760500556645
2915 3449.4970027154661515
2916 3449.68500106448041011
2917 3450.7234875925251158
2918 3451.9406694275325426
2919 3452.56981677166542461
2920 3453.67789391842344033
2921 3455.48879943478830726
2922 3456.25861455928942605
2923 3457.18417289458478254
2924 3457.5735988578401522
2925 3458.66541062478436926
2926 3460.04606401894950023
2927 3460.4842304690534567
2928 3461.91597119849383908
2929 3462.89673240183635048
2930 3464.08383216031446692
2931 3464.9776952524270104
2932 3465.82715572712731098
2933 3467.20440398626350059
2934 3467.90947107821676554
2935 3468.77555136681287043
2936 3469.55191313263330416
2937 3470.21410896144858466
2938 3472.24901822131601377
2939 3473.1687633951355902
2940 3473.81488202001905807
2941 3475.21910673275056737
2942 3475.71779281943085562
2943 3476.51993177080745976
2944 3477.70019028467246225
2945 3479.04983017921413945
2946 3479.46596531269837293
2947 3480.68291595061151229
2948 3481.77639669432181709
2949 3483.05785680138332483
2950 3484.15938804623392329
2951 3484.88458535289187569
2952 3485.69149772821384661
2953 3486.53433966945737609
2954 3487.53947784276621177
2955 3488.4557766222541301
2956 3489.66512331627346985
2957 3491.55056136823594977
2958 3491.8110999653354543
2959 3492.41443558041825457
2960 3493.72061308272298363
2961 3494.81640848153723213
2962 3495.98893196758238707
2963 3496.35036136376864678
2964 3497.37296054228037583
2965 3498.57613653901389306
2966 3499.68655382112943166
2967 3501.14591959046220662
2968 3501.89709523289116449
2969 3502.77586794857288073
2970 3503.63621579151093261
2971 3504.58892777494122632
2972 3504.99262719504995482
2973 3506.86077898700288381
2974 3507.54527379733229311
2975 3508.77250086695805495
2976 3509.63640803827235633
2977 3510.84508364457112564
2978 3511.73109111282651868
2979 3512.47358684289323045
2980 3513.87757387379672616
2981 3514.36675224394051215
2982 3515.41680884964111585
2983 3515.90181449889501802
2984 3518.02644523940023402
2985 3518.86840920855602712
2986 3519.87018674023006482
2987 3520.49166596554582587
2988 3521.36504090268259888
2989 3522.38221289384158986
2990 3523.63583572350837572
2991 3524.21522073758110459
2992 3525.38656663703672393
2993 3526.6702567113272348
2994 3527.61520705099935438
2995 3528.3518245828067786
2996 3529.95574434595077118
2997 3530.83504679771181544
2998 3531.2010239635260988
2999 3532.03850884749919852
3000 3533.3282433958199397
3001 3534.06258828016997261
3002 3535.77257694341658844
3003 3536.6332507055053072
3004 3537.70801305617821158
3005 3538.50056890735295873
3006 3539.0899365265979974
3007 3540.45675880715444748
3008 3541.3575223753706747
3009 3542.34088391758668113
3010 3543.32230653533640673
3011 3543.81679628690850306
3012 3545.69921217131565205
3013 3546.8641345952604895
3014 3547.31478139648583678
3015 3548.35125296357754593
3016 3549.45835677635744381
3017 3550.06505922551970483
3018 3550.8532983720294984
3019 3552.08020975038106902
3020 3553.84068059702097098
3021 3554.16503478948706163
3022 3555.53414507189748809
3023 3556.06523453561186686
3024 3557.42710235292070768
3025 3558.34934503840635863
3026 3559.26566469989215872
3027 3560.01924882355804571
3028 3560.7761833343521871
3029 3562.16243508282754279
3030 3563.21512148567615102
3031 3564.76077071400735384
3032 3565.39642288699981136
3033 3566.2849107762633747
3034 3566.91668389545783528
3035 3567.73325174906952347
3036 3569.34313208643228235
3037 3570.0086713649500812
3038 3570.82291655461517091
3039 3572.51396562794147449
3040 3573.07980430126941546
3041 3574.10001630894295843
3042 3575.49315574745330368
3043 3575.9553796437943487
3044 3577.20528398563208569
3045 3577.98118411055227814
3046 3578.41038261892941899
3047 3579.75010261459774164
3048 3581.58533824179959075
3049 3582.39491661982927467
3050 3582.92304218550771493
3051 3583.94557477491628012
3052 3585.20627871288117929
3053 3585.68444866156881493
3054 3586.8407450060958978
3055 3587.96881366796544076
3056 3588.85944452046221331
3057 3589.74500654504581919
3058 3590.98347129305693351
3059 3592.4058890800096092
3060 3593.0285588397859691
3061 3594.2272747854906959
3062 3594.46927269810470152
3063 3595.77906375388261093
3064 3596.42177254006540296
3065 3597.8026412945751218
3066 3598.94856020619367006
3067 3600.16632379678234938
3068 3601.10401368544701593
3069 3601.79128275196163164
3070 3602.41889426268835156
3071 3604.24805363348602166
3072 3604.75498401781333522
3073 3605.4944749717948322
3074 3606.35931762409988749
3075 3607.57480964537446117
3076 3609.28333303427327973
3077 3609.70026616891767708
3078 3611.10163155156491751
3079 3611.91099467675687164
3080 3612.32419268733962263
3081 3613.54902124104044688
3082 3614.32781464218629907
3083 3615.60626812463356838
3084 3616.84068913350410424
3085 3617.80284239704090747
3086 3618.45255851597006181
3087 3619.8857235070110648
3088 3620.70557044987744324
3089 3621.88613236614413626
3090 3622.17927450221761045
3091 3623.55846847303969603
3092 3624.43750355684080625
3093 3624.88172659774155559
3094 3627.06031551906666885
3095 3627.9491147907354453
3096 3628.61037505613594481
3097 3629.40721761150716784
3098 3630.36342504544031738
3099 3631.30868428878177873
3100 3632.47817833601375011
3101 3633.44015777544883362
3102 3634.05619309300497411
3103 3635.67363342794844765
3104 3636.43963835704525117
3105 3637.54065771794929292
3106 3638.55370767943056717
3107 3639.67980651776715783
3108 3640.3629764942696738
3109 3641.01053814634940755
3110 3641.70712324117442962
3111 3643.47957364818092472
3112 3644.4033583417806875
3113 3645.63211664350636866
3114 3646.45089436983169478
3115 3647.28426168040381319
3116 3648.15845468551884993
3117 3649.16616413152784083
3118 3650.30204357115949545
3119 3651.25310616341681911
3120 3651.78352337476597207
3121 3653.08832619638933826
3122 3654.21143750270430511
3123 3655.90572644146327915
3124 3656.33452976623987543
3125 3656.89282963330581263
3126 3658.12937219382113381
3127 3658.92168955101420297
3128 3659.90750074756718228
3129 3660.73566581495718784
3130 3662.36894929740995212
3131 3663.44828885497673238
3132 3664.00200710459123174
3133 3664.87813772947186791
3134 3666.23702597296573304
3135 3667.30733923303419693
3136 3667.73563894552265538
3137 3669.03019115744176707
3138 3669.42374630895371457
3139 3670.73199726917752379
3140 3672.34935129487632743
3141 3673.15917614411869016
3142 3674.08760895614379027
3143 3675.26261012965598798
3144 3675.66248424562967992
3145 3676.36893813725365968
3146 3677.89329566279479281
3147 3678.84778305696455683
3148 3679.81831164950808121
3149 3680.58398390841498185
3150 3682.41873143566730588
3151 3682.57173054906809926
3152 3683.97102420351037187
3153 3684.8598930882682201
3154 3685.97444214242715592
3155 3686.27133718093538228
3156 3687.53841375976554429
3157 3688.17702797199611845
3158 3690.18425811103065567
3159 3691.03916225297491722
3160 3691.75693972143131826
3161 3692.64765392734599683
3162 3693.37098473503868132
3163 3694.7911267178945729
3164 3695.67279013318058551
3165 3696.12198263358912783
3166 3697.58596364499189074
3167 3698.54736276651428397
3168 3699.43029263064995528
3169 3700.83831675963035672
3170 3702.05075698791450001
3171 3702.46015593321289829
3172 3703.34747607560368034
3173 3704.20989438299944738
3174 3705.12922818790233117
3175 3706.29472135596265697
3176 3707.57905536143902267
3177 3708.6584528687820832
3178 3709.5822717233533148
3179 3710.37149177677335895
3180 3711.40481817641652961
3181 3712.17013946661263764
3182 3713.58358105086882472
3183 3714.42467683981599505
3184 3714.7393335897966153
3185 3715.84645903494850998
3186 3717.75109591705086735
3187 3718.49835547448697702
3188 3719.48349539930802778
3189 3720.18204893269629274
3190 3721.29604000033828802
3191 3722.05883676819594144
3192 3722.62732055253858603
3193 3724.38812750114213683
3194 3724.88231999030137704
3195 3726.51771826491925302
3196 3727.10529597332767311
3197 3727.93846595554036075
3198 3729.47279170195107478
3199 3730.18732067635429657
3200 3731.07515924837269802
3201 3731.65293730264275038
3202 3732.84747561341183253
3203 3733.67169680712566332
3204 3735.00764463701256908
3205 3736.46285561698413974
3206 3737.42670278495026524
3207 3737.84777933192876559
3208 3738.58805546769401204
3209 3739.83169066013060237
3210 3740.87515368716395331
3211 3741.92507934868011689
3212 3742.48501354684530141
3213 3743.85961621162952946
3214 3744.84667196505390968
3215 3746.13597251280258681
3216 3746.84095310311386838
3217 3747.99712704457835148
3218 3748.75286072295676774
3219 3749.67270791101850218
3220 3750.30315843120540886
3221 3751.16464451035787219
3222 3753.18644912988810842
3223 3753.94698906638606183
3224 3754.50732188297473465
3225 3755.92281884241285631
3226 3756.52497271201712469
3227 3757.48143984981020603
3228 3758.69642629632994951
3229 3759.35921667557811069
3230 3760.58272913261657752
3231 3761.08533495176283397
3232 3762.47507909633936
3233 3763.99984269767754761
3234 3764.64428016998528347
3235 3765.74602606409628793
3236 3766.45596753182066766
3237 3766.87242148427780798
3238 3768.33864015595443418
3239 3769.29339431300644893
3240 3770.105497899101135
3241 3771.72899276172137879
3242 3772.51233121743989035
3243 3773.46732774098855812
3244 3773.94158030498497316
3245 3775.75271184011542701
3246 3776.25880734224433168
3247 3777.14324433365594472
3248 3777.83337060211582314
3249 3778.83937378525859301
3250 3780.22648645064575902
3251 3781.66864612316083527
3252 3782.39057566185160915
3253 3783.12664946372034625
3254 3784.26555034522967122
3255 3784.86510509982461941
3256 3785.79101860092551661
3257 3786.93569790605917942
3258 3788.26366487025194837
3259 3788.80005033193949349
3260 3790.04177667257351736
3261 3791.02091440468875891
3262 3792.56024767158854984
3263 3792.87247950193954638
3264 3793.79099027648550925
3265 3795.02165341645841922
3266 3795.80858814787363987
3267 3796.13917793329505444
3268 3797.85405584294375401
3269 3799.29849707731189932
3270 3800.13242640340650134
3271 3800.87763557888002771
3272 3801.59061717565192217
3273 3802.64023973252101267
3274 3803.82920046571455023
3275 3804.79084039365391142
3276 3805.43464675481784296
3277 3806.29789675533174648
3278 3808.09304989633144833
3279 3808.45950783656114505
3280 3809.87424831290620141
3281 3811.18471233439669595
3282 3811.42822176478109004
3283 3812.54475439898600093
3284 3812.97830890178556638
3285 3814.3270174617773102
3286 3815.53181985807098822
3287 3816.60259812782244336
3288 3817.76870791430830528
3289 3818.50553396558573179
3290 3819.41449854784718791
3291 3820.43831336925376087
3292 3821.43805966677281929
3293 3822.37191338555181413
3294 3823.14811040756106557
3295 3824.41855312450802453
3296 3824.54103715935061655
3297 3826.94762723776254377
3298 3827.57633568566882184
3299 3828.3395205196409363
3300 3829.14481048688879698
3301 3830.16182392304135583
3302 3831.03467911984784996
3303 3831.9324871295548144
3304 3832.94154884946867773
3305 3834.35309456119343803
3306 3835.22039872404001839
3307 3836.02288198118640311
3308 3837.2388472241513155
3309 3838.08405866746007464
3310 3839.4262684660378121
3311 3839.97400276630918884
3312 3840.50467874819522973
3313 3841.68234481218541799
3314 3842.6785326364324375
3315 3844.40355321303484771
3316 3844.89701096416820191
3317 3846.4874754760575483
3318 3846.74730118265895803
3319 3847.68174967089674693
3320 3848.41530100586261221
3321 3850.17020181483004563
3322 3850.60392043837945957
3323 3851.41010246056881991
3324 3852.70310247524864912
3325 3853.86029384563810675
3326 3854.90258633299180071
3327 3855.95525447382876643
3328 3856.70386739588545986
3329 3857.61058301492108155
3330 3858.44858623599210436
3331 3859.28573817700622072
3332 3860.09300850517269032
3333 3861.85271932540900576
3334 3862.9837836669569987
3335 3863.65828601918199477
3336 3864.15019099682298994
3337 3865.5650772054117269
3338 3866.8224041132865648
3339 3866.97232812499731824
3340 3868.41285907388103196
3341 3869.14466692101152622
3342 3870.11403453945782978
3343 3871.29175018943961913
3344 3872.66654657279440238
3345 3873.81020838067339637
3346 3874.22961484376068219
3347 3875.10519758466599706
3348 3876.17374068980673679
3349 3876.65796493779297793
3350 3878.2561749410546934
3351 3879.11033870999458831
3352 3880.08221359744173948
3353 3881.5403505113977965
3354 3882.11684525977948715
3355 3882.89999255047025575
3356 3884.20979920798874403
3357 3885.10996308611235529
3358 3886.22520976624563838
3359 3886.4512897905003952
3360 3887.35201376003682596
3361 3889.15534634449609443
3362 3890.3091819690271122
3363 3891.08688300240864586
3364 3891.92993698599049086
3365 3893.00113107696706957
3366 3893.40706208333409665
3367 3894.7837302889170973
3368 3895.56793127391507423
3369 3896.64263227513428482
3370 3897.87075029109300329
3371 3898.65196179455533618
3372 3899.62374345561473994
3373 3901.00776461042202617
3374 3902.07742704225869897
3375 3902.41116051088935497
3376 3903.35154307314575734
3377 3904.37919130412093717
3378 3905.34485166620359674
3379 3906.1193191118838941
3380 3908.18816543819362606
3381 3908.60636266606993189
3382 3909.46584740412502902
3383 3910.63271685653970475
3384 3910.91143823615837912
3385 3912.64294859851234896
3386 3913.25913786176098757
3387 3914.21992326921895427
3388 3914.94900124490641045
3389 3916.17653855995134039
3390 3917.65816595360836662
3391 3918.44305298765014567
3392 3919.22274096069251866
3393 3920.5404310954505874
3394 3921.15257024005183561
3395 3921.65256034828866644
3396 3922.66520322420265617
3397 3924.19331052535761891
3398 3925.24711925729302539
3399 3926.17608358357532669
3400 3927.0805173700931743
3401 3928.14221829529446721
3402 3928.88655920682035615
3403 3930.09928128035743613
3404 3930.8910863822848102
3405 3931.74521736056494943
3406 3932.62456808701904232
3407 3933.51688184203785228
3408 3934.93834780859944702
3409 3936.44328611962616113
3410 3936.97423431365502443
3411 3937.90538085355740136
3412 3938.21461653686463249
3413 3939.77518681187546747
3414 3940.43463759668894859
3415 3941.63002964800072013
3416 3942.35272218777819104
3417 3944.03036280692911648
3418 3944.65091565239571395
3419 3945.33306366888709437
3420 3946.87898357057029879
3421 3947.70386407457861183
3422 3948.43419220048754659
3423 3949.31370582214964607
3424 3950.13237551108520932
3425 3950.85946643966303749
3426 3952.94287015691717517
3427 3953.35652659126483106
3428 3954.77862116459699667
3429 3955.17654637273266158
3430 3956.42021719161413562
3431 3957.01990177654263987
3432 3957.95471794709225355
3433 3959.47075550552951674
3434 3960.07102875697726603
3435 3960.77053461447935971
3436 3962.16846192668797161
3437 3963.47034886125627515
3438 3964.31264952320825681
3439 3965.13270709891233339
3440 3966.13871499304440393
3441 3966.75389410640417141
3442 3967.81876142117071309
3443 3968.48465360789603325
3444 3969.91460021966054007
3445 3971.31807021221639938
3446 3972.11576026456026204
3447 3973.01068150358587737
3448 3973.45701478382432192
3449 3974.89341336828316005
3450 3976.06618319567382617
3451 3976.73141890119237399
3452 3977.11390869497160007
3453 3978.68611997925659488
3454 3979.4973411762782551
3455 3980.84409978223625054
3456 3982.04850208684577533
3457 3982.76406811653715166
3458 3983.74979536912290231
3459 3984.22743518115685158
3460 3985.09872524239949899
3461 3986.51617903818040727
3462 3987.23070915477545903
3463 3988.71944926467564971
3464 3989.3521758089555172
3465 3990.48140960734607367
3466 3991.5708909851755105
3467 3992.33110509982246181
3468 3993.29316373176716216
3469 3994.39587399845226471
3470 3995.16845972306738772
3471 3995.79781341311116586
3472 3996.68904023302803163
3473 3998.80929229970673201
3474 3999.51924828530314218
3475 4000.01728517877081753
3476 4001.14425863462743851
3477 4002.1123494277143439
3478 4002.69571941477356229
3479 4004.02245139468244651
3480 4004.80673102867447586
3481 4005.8767374373390641
3482 4006.9319208177235606
3483 4008.14203089138443916
3484 4008.68959625247620708
3485 4010.36101902380956045
3486 4010.983311280304648
3487 4011.66388154178693004
3488 4012.56891600089239248
3489 4013.23368880546668102
3490 4014.65729481827742041
3491 4015.65765105164092134
3492 4016.9689380100168098
3493 4018.02926845857559773
3494 4018.77695160002006744
3495 4019.10606504081216791
3496 4020.57077310366363936
3497 4021.62801421737450231
3498 4022.3801064376045881
3499 4023.42850497420528028
3500 4023.90515140008716764
3501 4025.58319902672542413
3502 4026.60275910159939368
3503 4027.86629757192441522
3504 4028.24717291972747977
3505 4029.1955570805403152
3506 4030.38328019906182027
3507 4030.9161077860281357
3508 4031.65431171594481868
3509 4033.37447687737696325
3510 4034.52082016219074
3511 4035.10559902992082811
3512 4036.07938960186297761
3513 4037.12601457102600998
3514 4038.29069885927912848
3515 4038.94831043430332526
3516 4039.85781922225609501
3517 4040.94056322179622539
3518 4041.46467764477437459
3519 4042.70248039631525022
3520 4044.32228700343457073
3521 4045.05514738729092454
3522 4046.21478482912403116
3523 4046.73821081731432522
3524 4047.46804432597691623
3525 4048.38070982756317742
3526 4049.97370468657634263
3527 4050.43139062420435776
3528 4051.38437955123379966
3529 4052.99762598150626034
3530 4053.56627207793428324
3531 4054.69071287025434405
3532 4055.47785250335704034
3533 4056.99636190322440256
3534 4057.42890423352456729
3535 4057.9934935391755528
3536 4059.08542828818309525
3537 4060.04899600678281056
3538 4061.74393304963533811
3539 4062.85028869290051743
3540 4063.15772545543265157
3541 4064.3583801963901349
3542 4065.17847519289932186
3543 4066.10959265051931334
3544 4067.07410686881256403
3545 4068.08322382602438336
3546 4068.96929762607560736
3547 4070.28191256977793983
3548 4070.60367764960769778
3549 4072.70512870619310898
3550 4073.12645017239200941
3551 4074.08768113303370961
3552 4074.81706451066576536
3553 4075.74134667009051496
3554 4076.7197818637920539
3555 4077.41334548452761314
3556 4078.92277136021175504
3557 4080.1083044812015671
3558 4081.06608342094575624
3559 4081.69856843179795108
3560 4082.58834814111957917
3561 4083.63004286007103415
3562 4084.94288320291230797
3563 4085.5153705858256261
3564 4086.37922107461225078
3565 4086.96747897527594935
3566 4088.78188148315805473
3567 4089.7302856376565348
3568 4090.59126591027896524
3569 4091.91084615921919373
3570 4092.29720646462493065
3571 4093.24836222912443053
3572 4093.90591194528912572
3573 4095.13793075125350417
3574 4096.51084729656040774
3575 4097.06368446035329896
3576 4098.4751864481557248
3577 4099.24484529362699248
3578 4100.10753413051964458
3579 4101.57844792156012119
3580 4102.03736253512558076
3581 4102.82594182578147726
3582 4104.14133120219216683
3583 4104.61309857982891556
3584 4105.51285256922495893
3585 4107.32721935588222546
3586 4108.62423343027830558
3587 4108.85244316077249484
3588 4109.7109312857961262
3589 4110.63431988672114169
3590 4111.85984544507771753
3591 4112.6672060187223753
3592 4113.48598922703660104
3593 4114.68756783715896455
3594 4115.61577379847710316
3595 4116.81398089125740012
3596 4117.60071073979716146
3597 4118.97435266945824131
3598 4119.59633288364964545
3599 4120.63421058436899429
3600 4121.34865680278807465
3601 4121.79465878504165755
3602 4123.24008666954431294
3603 4124.64882938019727377
3604 4125.59212845260510429
3605 4126.37806388052902169
3606 4127.59337080839708311
3607 4128.29816669967846667
3608 4128.77767520257593114
3609 4130.46676378025975269
3610 4131.13697989932196992
3611 4131.92800243278445959
3612 4132.72445130737654496
3613 4134.05064882826937585
3614 4135.44176002132896484
3615 4136.39668887340951975
3616 4136.97485348348213096
3617 4137.96294137964307921
3618 4138.83833955550239183
3619 4139.46409915523830814
3620 4140.89283011563274134
3621 4141.37377532012817218
3622 4143.34706250045113365
3623 4143.89762485607148171
3624 4144.60329879839041494
3625 4145.56479256800900943
3626 4147.07192227952515161
3627 4147.59506954750504921
3628 4148.6525207788084419
3629 4149.06945105076313335
3630 4150.44509795248515182
3631 4151.14685150949820532
3632 4152.76872526564334425
3633 4153.83914674505212753
3634 4154.63089900597898795
3635 4155.33478726163233514
3636 4156.29630496283757262
3637 4156.913907991741329
3638 4158.12933441381124205
3639 4159.48046169897982926
3640 4159.92166584075938919
3641 4161.09628118212480324
3642 4162.37791459337724062
3643 4163.27885305082916515
3644 4164.13535144063147203
3645 4165.13916295559575641
3646 4166.07842806239882953
3647 4166.98417340835686662
3648 4167.50987534577286835
3649 4168.30345362553348702
3650 4170.4828061105640123
3651 4170.87511438164787788
3652 4172.13075805154653244
3653 4172.87696685170388399
3654 4173.41686402280452126
3655 4174.87318187460724553
3656 4175.51205225220784057
3657 4176.64307192019762626
3658 4177.32218862403980296
3659 4178.53030418317552279
3660 4179.57469943018685707
3661 4180.50318176520308358
3662 4181.92249318446429724
3663 4182.85079287909991326
3664 4183.37750437178190555
3665 4183.84634445931915362
3666 4185.31272767529283829
3667 4185.95793668737697908
3668 4187.20071884623424524
3669 4188.41997724015683398
3670 4189.61527979339505843
3671 4190.23326929090871387
3672 4190.98591222567167101
3673 4192.10971234571251723
3674 4193.17585116578509897
3675 4194.09224588213188927
3676 4194.89901388826094143
3677 4195.54135165514376655
3678 4196.60454835580479518
3679 4198.42598911247924903
3680 4199.33519263116430486
3681 4199.63300282963642189
3682 4200.99746346657570657
3683 4201.82700223668412701
3684 4202.41669874601443096
3685 4203.28081366013926937
3686 4204.73601107334132248
3687 4205.62736526738581339
3688 4206.87019188825731064
3689 4207.35454210438776067
3690 4208.73478209832723102
3691 4209.64290275941255368
3692 4210.54979319404295299
3693 4211.52798070003912815
3694 4212.17022812972135267
3695 4212.96729323346915766
3696 4214.11768658357798081
3697 4215.17929328183077386
3698 4216.83213576385023067
3699 4217.49552425177111998
3700 4218.23078862687556345
3701 4219.08641035628966796
3702 4219.67206153121957037
3703 4221.3067397104834334
3704 4222.1266714410450289
3705 4222.50724370513799646
3706 4223.9011799922204502
3707 4225.28236584636295164
3708 4225.72230733287021776
3709 4227.21063050178631484
3710 4227.98470507213628042
3711 4228.98083410691010653
3712 4229.53341149762916371
3713 4230.65784797515536501
3714 4231.00807975450310128
3715 4232.66032737878244951
3716 4234.13726075095480201
3717 4234.67218648542820951
3718 4235.50281478464953056
3719 4236.70877808133355309
3720 4237.34310508859870087
3721 4238.58156242921952408
3722 4239.08335509135214943
3723 4240.60922327621987391
3724 4241.10402429007978647
3725 4241.7837530832547863
3726 4243.57365249401962586
3727 4244.57582263299671844
3728 4245.6210599955467438
3729 4246.0109615018983009
3730 4247.05066636949443273
3731 4247.88286362012097275
3732 4248.79822992072609773
3733 4249.84236055078418511
3734 4251.0245719169358947
3735 4252.06377037669282347
3736 4253.45215704309497471
3737 4253.64194349541519799
3738 4254.60674124474083091
3739 4256.25397791507811694
3740 4256.90391637989130385
3741 4257.39842607086037355
3742 4258.41230949892380553
3743 4259.21997150395914924
3744 4260.82878040002857753
3745 4261.80131615390530415
3746 4262.83491775881813127
3747 4263.85107009016165316
3748 4264.32648409747278081
3749 4265.19775353023385489
3750 4266.1755262978287786
3751 4267.37501811587499531
3752 4268.22303206395813563
3753 4269.31196338319825632
3754 4270.22894585223726811
3755 4271.2193577240184743
3756 4272.62654668278855186
3757 4273.26607037579157528
3758 4274.00619848526749904
3759 4275.10673263389962808
3760 4275.8636480704100393
3761 4276.73317634038549809
3762 4277.42004295942943361
3763 4279.54886718812426807
3764 4280.1616255246782374
3765 4280.97378769278718473
3766 4281.58715976113000683
3767 4282.94347913862831771
3768 4283.49372863265231198
3769 4284.84496540147074919
3770 4285.62905364821492386
3771 4286.15810728690770368
3772 4287.68051817943838268
3773 4288.50476627443249211
3774 4289.81214576064553007
3775 4290.68382635764249028
3776 4291.67491939378588623
3777 4292.72644497523137654
3778 4292.81726339051413759
3779 4293.81381495974738563
3780 4295.34821144838197655
3781 4296.24768755378220331
3782 4297.26966849269921299
3783 4298.66317908963591585
3784 4299.0549472829095733
3785 4300.089148378121239
3786 4301.01205060930153627
3787 4302.14519488238366653
3788 4303.18338417873734969
3789 4303.53463690358518028
3790 4304.61752800102521288
3791 4305.61382371204814578
3792 4307.44907759905589691
3793 4307.99899175430645022
3794 4309.1729649768415083
3795 4309.35861506969570346
3796 4310.63217609721870179
3797 4311.66200724392219715
3798 4312.22643012379073703
3799 4313.4013702585289854
3800 4314.79928316025533621
3801 4315.57374180521098508
3802 4316.46465630692366927
3803 4317.35619074026270066
3804 4318.86754285421318413
3805 4319.40682839203580187
3806 4320.16224360236229936
3807 4321.07489162743210061
3808 4322.07616519002161727
3809 4322.66456648627458762
3810 4324.54674800815074577
3811 4325.29308572801814089
3812 4326.35011858358482839
3813 4327.39469070375896978
3814 4327.70036255946128073
3815 4328.61576905441353215
3816 4330.02783591525437062
3817 4330.89006579173207975
3818 4331.85191562210629633
3819 4332.30390228671946175
3820 4334.02058108366257585
3821 4335.0631473708845273
3822 4335.60666716530504952
3823 4337.13366260566910683
3824 4337.45184298088365853
3825 4338.7191221625736005
3826 4339.02706150697888193
3827 4340.08783254090123424
3828 4341.41305096238379688
3829 4342.90161817499764443
3830 4343.5632012070744856
3831 4344.33464149114047489
3832 4345.24965715456503723
3833 4346.24289621036364737
3834 4347.6280300722896408
3835 4347.78873532177872011
3836 4348.97543085198228259
3837 4350.01392210554557169
3838 4350.8713843550955507
3839 4351.95251663284479969
3840 4353.70018973244653195
3841 4354.22075762500738286
3842 4354.72459659027092234
3843 4355.89311078224781693
3844 4356.48276640833840341
3845 4357.58759169304228169
3846 4358.75564313242028691
3847 4359.50018559781664677
3848 4361.19107681752224929
3849 4361.4867345026757191
3850 4362.76158318576439827
3851 4363.52558131888212284
3852 4364.5469088460366853
3853 4365.6719970085564089
3854 4366.52730754268696973
3855 4367.00051184906928566
3856 4367.71104842953431284
3857 4369.53796492733717646
3858 4370.73462750990566162
3859 4371.36263302201482165
3860 4372.22790650743243854
3861 4373.43317829092176691
3862 4373.86380441141844267
3863 4374.69509616070223721
3864 4376.08322391122539097
3865 4376.98295329675994031
3866 4377.76846336228468383
3867 4379.10331587545753943
3868 4379.75986452933248428
3869 4381.09102830986457228
3870 4382.12594949867658929
3871 4382.87574852326396901
3872 4383.4664273182973074
3873 4384.41960113908131707
3874 4385.57988632890391049
3875 4386.08367870749444569
3876 4387.75626002584135466
3877 4389.0294783915093396
3878 4389.71963086888790831
3879 4390.35110827522710408
3880 4391.02121306696005901
3881 4392.57433767483888664
3882 4393.35866255260614363
3883 4394.02851112682555284
3884 4395.06089384416313524
3885 4395.95109793061623448
3886 4397.2232226873173573
3887 4398.45171963306975266
3888 4399.17746730412348044
3889 4400.27018003916039861
3890 4401.17547154763258262
3891 4401.53357408014202123
3892 4402.80823451690625516
3893 4403.23956992418855917
3894 4405.21860463998769237
3895 4405.83230399391580394
3896 4406.70687641648876346
3897 4407.97318093961900928
3898 4408.62370786340423726
3899 4409.66609713411042605
3900 4410.49114198220528586
3901 4411.71520153078193013
3902 4412.2372474907132382
3903 4413.21656116538074711
3904 4413.93404451248483956
3905 4415.85096182654995055
3906 4416.59399902948133122
3907 4417.5801169756851043
3908 4418.2415564728377494
3909 4418.97152479085810001
3910 4419.92245757336370211
3911 4421.14121799664373833
3912 4421.90470120775741564
3913 4422.79074962097698784
3914 4424.33966655415685875
3915 4425.24490957464161032
3916 4425.49564873229799153
3917 4427.16472065621213824
3918 4428.07317584268566494
3919 4428.88180243163794305
3920 4429.48800956699848587
3921 4430.24744879543933792
3922 4431.42434048308805736
3923 4432.57562745458516545
3924 4434.02925319587507619
3925 4434.77910483607068868
3926 4435.5290832925767438
3927 4436.42373798362333137
3928 4437.39417367760604465
3929 4437.97686962850669784
3930 4439.55756071441483233
3931 4440.10758550901094607
3932 4441.06499626498878348
3933 4441.98494857835778628
3934 4443.36594187108381476
3935 4444.56442411031340908
3936 4445.23833854059388008
3937 4445.77275824895102143
3938 4447.26309601679314724
3939 4447.73296246168312722
3940 4448.30190106832450977
3941 4449.63526812436761807
3942 4451.09812080030918089
3943 4452.18808370513297161
3944 4452.6807020660416944
3945 4453.73455127111563905
3946 4454.46290544024953381
3947 4455.76265797255483853
3948 4456.70325019351350729
3949 4457.24582633994297354
3950 4458.18874933066911349
3951 4459.17127901614060721
3952 4460.5485292875358263
3953 4461.40414047853719349
3954 4462.73462219491568792
3955 4463.64764806720690119
3956 4464.03852325699012928
3957 4464.8127161276266011
3958 4465.80599756922265144
3959 4467.22853288300155475
3960 4467.73981701527573023
3961 4469.17066273741031748
3962 4469.97803283173394679
3963 4471.36175725228780537
3964 4471.55019559035203353
3965 4472.95927201518227497
3966 4474.18627757740644036
3967 4474.31709177897777174
3968 4475.80111093175964026
3969 4476.24651915750619853
3970 4477.01585706333225787
3971 4479.26942327633416234
3972 4479.73066477209281952
3973 4480.53362973923556181
3974 4481.41004022113804778
3975 4482.36688568895829564
3976 4483.23827746688432744
3977 4484.1236233693489915
3978 4485.05222610362440876
3979 4486.32721916294134418
3980 4487.0841914278114481
3981 4488.07066724901517584
3982 4489.24089554754107852
3983 4490.29550699485445567
3984 4491.21848125242299079
3985 4492.00827787896925304
3986 4492.63803466921267694
3987 4493.53363473520837196
3988 4494.49375590156835704
3989 4495.81001802989735133
3990 4496.89345176726507273
3991 4498.10711204646623797
3992 4498.7783940724728574
3993 4499.58522310745814504
3994 4500.16460239606965326
3995 4501.62718664398457488
3996 4502.67385555359422184
3997 4503.32985434571833264
3998 4503.71555568181067894
3999 4505.45886709307267444
4000 4506.31149672882497243
4001 4507.74518288321758571
4002 4508.21143690268319148
4003 4509.37144464812377183
4004 4509.94366893714279663
4005 4511.04001402851982695
4006 4511.4627185969448253
4007 4512.80999110719933329
4008 4514.07713958954161648
4009 4515.19130676458930338
4010 4516.08984521353894962
4011 4516.36567104082902414
4012 4518.27538922243238886
4013 4518.58467921541852258
4014 4519.57480002045911784
4015 4520.53855500872693168
4016 4521.4754851532726917
4017 4522.14407772826147839
4018 4523.23746437872520062
4019 4524.97339716075577324
4020 4525.79088229690026787
4021 4526.34858635878775187
4022 4527.35363312401842992
4023 4527.94389354478558811
4024 4529.06923459200749826
4025 4530.02523317441132353
4026 4531.31896833788659672
4027 4531.64357598718131054
4028 4533.29797647144172662
4029 4534.13559824432134319
4030 4534.93555600470228423
4031 4535.90756251672937651
4032 4537.25256854748558742
4033 4537.80609834388232994
4034 4538.50893508810817677
4035 4539.18886292370584981
4036 4540.34772662345418813
4037 4542.12966625097863507
4038 4542.62048609800761237
4039 4543.74692227379099918
4040 4544.72027132087511038
4041 4545.26334363648515445
4042 4546.14120742127197985
4043 4547.59341536872011418
4044 4547.93863600636325302
4045 4549.28107182812781109
4046 4550.06868887931421034
4047 4550.97969358529596261
4048 4552.32192616097028952
4049 4553.53685028087925897
4050 4554.19795105096959871
4051 4554.95939148687616067
4052 4555.59547359920315895
4053 4556.89131053648450377
4054 4557.53397407057799853
4055 4558.39662382829044156
4056 4560.21594109767128196
4057 4560.99983350623156652
4058 4561.62934660156966973
4059 4562.59681708926770995
4060 4563.41604626760442646
4061 4564.8159558446721776
4062 4565.41695827224886414
4063 4566.25332608194652836
4064 4567.12145099062419485
4065 4567.94168647849741988
4066 4569.61577029518756296
4067 4570.43332917489888034
4068 4571.45789878556082846
4069 4572.24986041858706039
4070 4573.24617318739333375
4071 4573.92413051197493976
4072 4574.29762138438867928
4073 4576.18995439183543558
4074 4576.79391779995807154
4075 4577.85911142986477548
4076 4578.92702583207177106
4077 4579.95691785399865368
4078 4580.71708450558565095
4079 4581.89418721345139506
4080 4582.5682490861548882
4081 4583.67368792099387067
4082 4584.38076849922668684
4083 4584.97725816543207735
4084 4586.20776260534060877
4085 4587.67487707650827642
4086 4588.97791422021689329
4087 4589.64344948950952583
4088 4589.74881153398407311
4089 4591.20414651309704472
4090 4592.04930908790791223
4091 4593.15979157276126628
4092 4593.83689198613064638
4093 4594.78719056032522336
4094 4596.26366440122235207
4095 4596.82990845907135562
4096 4597.82081234232988769
4097 4599.37367243986623111
4098 4599.90757943768990047
4099 4600.63005411346324933
4100 4601.60296181719521077
4101 4602.25612351384042503
4102 4603.20969054508849441
4103 4604.64168140131843457
4104 4605.8834516952210012
4105 4606.46247240240822529
4106 4607.75303258703746825
4107 4608.21638094420391057
4108 4609.22416077705983647
4109 4610.08423164592748992
4110 4611.48467445768012868
4111 4612.02859745863801718
4112 4612.78885401354049986
4113 4613.68430764133213575
4114 4615.53661609118192031
4115 4616.22230066164790267
4116 4616.95858278083396203
4117 4618.10767891014729519
4118 4618.76717061881831445
4119 4619.46559389685668225
4120 4620.54436561292241119
4121 4621.34827921869686414
4122 4622.81932312131313316
4123 4623.80561194419638881
4124 4624.7262787550938532
4125 4625.40926250168600517
4126 4626.34298570383336379
4127 4627.79022982310801539
4128 4628.46344340188938242
4129 4628.97423475726318903
4130 4629.88878293931447398
4131 4631.22640698897094689
4132 4631.76240104394918697
4133 4633.56443899218070263
4134 4634.30710541877199691
4135 4635.35716088701011929
4136 4636.02834396068384135
4137 4636.39228074745298937
4138 4637.7920719800719698
4139 4638.7481537478969125
4140 4639.71538082298512503
4141 4640.56173973095877281
4142 4641.75827238006869538
4143 4642.68575817665256569
4144 4643.75173586357258653
4145 4644.75310552721135389
4146 4645.36298735240496048
4147 4646.73948607407427811
4148 4647.11726373246369032
4149 4648.1126081747974959
4150 4648.56488681658181113
4151 4650.61433032830469332
4152 4651.66412114586351717
4153 4652.0883991288927221
4154 4653.11915605523147466
4155 4654.06894959962289297
4156 4654.9473239579171463
4157 4655.72156089644040212
4158 4656.92241857323622993
4159 4657.82089019484507138
4160 4658.39494995777520167
4161 4659.91868761041253355
4162 4660.56396393425322668
4163 4662.0800046032301965
4164 4662.94589091943468199
4165 4663.50502559354335001
4166 4664.32289724628766309
4167 4665.14137595313364015
4168 4666.09079875281243079
4169 4667.42442826802250518
4170 4668.05517775204500569
4171 4669.82951352214951935
4172 4670.35063174601670579
4173 4671.03210649872375628
4174 4671.87784796457556837
4175 4673.28269052128886377
4176 4674.12671604852015579
4177 4674.74163986347233803
4178 4675.72756668642479543
4179 4676.33409581612600188
4180 4677.93021914713976003
4181 4679.08749104108172227
4182 4680.08846885947668278
4183 4680.60639711123904643
4184 4681.60489074666213723
4185 4682.64866242513006899
4186 4683.0212910666004257
4187 4684.18691478959392604
4188 4685.4077896422266984
4189 4686.7081551457312822
4190 4687.0721779752563716
4191 4688.25260300642815632
4192 4689.50506243730594708
4193 4690.17884000710115627
4194 4691.2967687887129987
4195 4691.86210009080436418
4196 4692.86643286200541749
4197 4693.93941729333618887
4198 4694.17394279332487912
4199 4696.0958498728107854
4200 4697.35414747154243757
4201 4697.77440376115430302
4202 4698.92450420917243261
4203 4699.497252230962506
4204 4700.15860328091010711
4205 4701.84258703535022995
4206 4702.43764569600111508
4207 4703.01517384053988417
4208 4704.3381184074287422
4209 4705.48213878204321279
4210 4706.4685709032508736
4211 4707.18717195214014554
4212 4708.59542745216951853
4213 4709.33267815747753092
4214 4709.94494034628521846
4215 4710.55224200502728989
4216 4711.6919801848332445
4217 4712.77779747703691882
4218 4714.24772310713732085
4219 4714.99796282489163334
4220 4715.95262172710720464
4221 4716.66023921909165815
4222 4717.73340108152553959
4223 4718.52989476679340687
4224 4719.595704166862952
4225 4720.38669437355036282
4226 4721.53754093996093521
4227 4721.95456181957641235
4228 4723.23493493914644707
4229 4724.99642187765109585
4230 4725.48719657465009078
4231 4726.27114385275738769
4232 4726.94929582461008295
4233 4728.21160435293992334
4234 4728.75050723011951096
4235 4729.66150154835726404
4236 4730.96271432350368103
4237 4732.02190704492488425
4238 4733.19376494008824386
4239 4733.84409869953637498
4240 4734.52781783289085148
4241 4736.04492393617817303
4242 4736.59684006447801517
4243 4737.78403554789576777
4244 4738.4325825168297728
4245 4738.79373331730979108
4246 4740.33256597135120497
4247 4741.72188580441492581
4248 4742.41403731037269195
4249 4743.71792062916977802
4250 4744.42181148369611984
4251 4744.9968532698586676
4252 4745.84241903044360641
4253 4746.83959374293768238
4254 4748.33580668963429279
4255 4748.70088112917287537
4256 4749.72810021833696614
4257 4751.21594905936705736
4258 4751.68273257911066137
4259 4753.08402610148458617
4260 4753.91883584018171573
4261 4754.58956497589535234
4262 4755.58894885922143165
4263 4756.35614048957621914
4264 4757.2226716328981854
4265 4757.97066957323421156
4266 4760.15859020930252165
4267 4760.44104805861356681
4268 4761.51643076349939654
4269 4761.98399380813450653
4270 4763.15818850621345489
4271 4764.2754244073064839
4272 4764.99847680359394918
4273 4765.80325538490462151
4274 4766.8848180581158017
4275 4767.86885883106151028
4276 4768.72647092857100176
4277 4770.25649715769231921
4278 4770.89128403930862423
4279 4772.05749482920342045
4280 4772.64493893611802345
4281 4773.43979777291197177
4282 4774.05661972554337306
4283 4775.39571124946367044
4284 4776.42920125436904193
4285 4777.63567698327071104
4286 4778.37412469647110417
4287 4779.59615137834683268
4288 4780.47912308900679446
4289 4780.70858750244303516
4290 4782.35687443161348415
4291 4783.34322412513587526
4292 4783.7145167953855167
4293 4784.64096767860563104
4294 4785.52541533809257637
4295 4787.25267534616201326
4296 4788.15257012425507639
4297 4788.99901574048434741
4298 4789.69834793376188923
4299 4790.73381586886053144
4300 4791.29117082101305287
4301 4792.40882401861767779
4302 4793.34731965219851678
4303 4794.28676471521168001
4304 4795.78011783153750901
4305 4796.3529034318308017
4306 4797.09793359794581884
4307 4798.42084186259813558
4308 4799.67321140429351021
4309 4800.09776761522869669
4310 4800.67100218603659946
4311 4802.18836950850432658
4312 4802.37785086975757107
4313 4803.70459267675720294
4314 4805.07221648005143718
4315 4806.37197358108813966
4316 4806.92127059443588664
4317 4807.54101203367323874
4318 4808.60449916922332893
4319 4809.34688031983490756
4320 4810.53188134333515922
4321 4811.63228884452274914
4322 4812.16077220360665808
4323 4813.04555212435805162
4324 4814.68155981752362722
4325 4815.32427654957491583
4326 4816.45175825697559792
4327 4817.23287540754855445
4328 4818.24013348446747453
4329 4819.02842619616515342
4330 4819.75462816856633826
4331 4820.21003001720311786
4332 4822.22116487270359167
4333 4822.90572696931273212
4334 4824.13753747978985875
4335 4824.67839775542580524
4336 4825.73629550236244436
4337 4826.49434121486111759
4338 4827.76732126336222193
4339 4828.33794662089011313
4340 4829.38630991893385665
4341 4830.13682355916698702
4342 4831.18569320881918286
4343 4832.22486673087378022
4344 4833.6632639593653561
4345 4834.66534118993611917
4346 4835.14402660966187804
4347 4835.95196677630174456
4348 4836.6089653789764929
4349 4838.02670990739951052
4350 4838.66048373296770455
4351 4839.64715811244401256
4352 4841.06472364530914801
4353 4842.04350468777237935
4354 4842.58541240011590052
4355 4843.62133600079244163
4356 4844.69961296935878374
4357 4845.69673441916714959
4358 4846.65776014351831343
4359 4846.91604933481434384
4360 4848.10740539116807167
4361 4848.8850419041709681
4362 4850.87151879220241143
4363 4851.46872299843176534
4364 4852.00106508339463381
4365 4853.42581543197422956
4366 4854.02700670602159925
4367 4854.57429610276076461
4368 4855.71846236385004737
4369 4856.92183008150500268
4370 4857.81538026017059084
4371 4858.60417221836761971
4372 4859.680531624429214
4373 4860.80933072551510773
4374 4862.07665438772451846
4375 4862.35934964575022096
4376 4863.76015391976093258
4377 4864.19194866756119116
4378 4865.05535127265128279
4379 4866.0715782711920356
4380 4866.95402126890562634
4381 4868.5883270387129394
4382 4869.46663628599600358
4383 4870.51725383191986304
4384 4870.69656472335927688
4385 4871.70553953000627127
4386 4873.19318137594668488
4387 4873.8184462274674787
4388 4874.78999678310919446
4389 4875.23766083714528236
4390 4876.74314232745201274
4391 4877.72529956770184637
4392 4878.6290055831545216
4393 4880.05812735888429752
4394 4880.60966100162955542
4395 4881.31101233988010085
4396 4882.30446223510317203
4397 4882.8907859359616747
4398 4883.92741423429099455
4399 4885.36207472399006121
4400 4886.27047887999581296
4401 4887.19848064669972813
4402 4888.17561083521817797
4403 4888.90807934600993134
4404 4890.21445131618389623
4405 4890.62775688826525145
4406 4891.78305607475602984
4407 4892.93497904248662369
4408 4893.38833763576362577
4409 4893.96316952956690728
4410 4895.96373954598589638
4411 4896.95774669096367463
4412 4897.65078129757731062
4413 4898.45729176648354655
4414 4899.16120068889683205
4415 4900.42956337925762968
4416 4900.74288174649461959
4417 4902.30720990289736383
4418 4902.82163206854898303
4419 4904.22863293744743241
4420 4905.1424890806732563
4421 4906.09823814234599354
4422 4906.69954197365949324
4423 4908.33008935121260107
4424 4908.91352144429598365
4425 4909.62411171498389497
4426 4910.24508166745874815
4427 4911.29191010213793532
4428 4912.45130893610539013
4429 4913.66063761806629938
4430 4914.79264583157387007
4431 4915.700240689561519
4432 4916.3321644775588143
4433 4917.2307805042444709
4434 4917.80753504285011086
4435 4919.48703633709830336
4436 4919.88932505207911212
4437 4920.84043054364046743
4438 4921.97059062764293238
4439 4922.71899137375667279
4440 4924.31709824998904953
4441 4925.0776066893287536
4442 4925.79502668142530562
4443 4926.72764220965099525
4444 4927.5979512906353755
4445 4928.52606480315837611
4446 4928.95713624570819233
4447 4930.24031844293001821
4448 4932.03681277413772534
4449 4932.60067052704071859
4450 4933.06812584381133493
4451 4934.35228912201212657
4452 4935.20099424978798734
4453 4936.13394952350574077
4454 4937.20716298599366563
4455 4937.77036570021814278
4456 4938.75381552629291997
4457 4939.64172478470680175
4458 4940.8522948626524416
4459 4942.13552857819240026
4460 4942.97689646218956226
4461 4943.97786673188665761
4462 4944.64160302004977327
4463 4945.1868985179281718
4464 4946.1192534786435179
4465 4947.50049032184755351
4466 4948.38980879744180519
4467 4949.08591538510258487
4468 4950.61581259125880304
4469 4951.50238492928617379
4470 4951.87879791817058558
4471 4953.20055566867474323
4472 4954.25506767966477688
4473 4954.97657637940329575
4474 4955.82225981611680572
4475 4956.4660552788556594
4476 4957.3318896302910602
4477 4959.02898932063179712
4478 4960.16392840769328093
4479 4960.75809026461947608
4480 4961.68846294318669576
4481 4962.26195244816261744
4482 4963.52611861748707596
4483 4964.30703140516922907
4484 4964.92523508960773632
4485 4966.63321626986461171
4486 4966.86864558716326119
4487 4968.39464092722577298
4488 4968.83609465510331513
4489 4970.47998267944777278
4490 4971.3392455562101174
4491 4971.82499614939639921
4492 4972.71349161735275641
4493 4973.71157803245852937
4494 4974.43047814727094911
4495 4975.31099714241322659
4496 4976.96403407754915281
4497 4977.75515408670772418
4498 4978.84785575317637695
4499 4979.58089232663799008
4500 4980.11876252911904113
4501 4981.19270374771083264
4502 4982.51236152623862725
4503 4983.22502731461966533
4504 4983.97997582991158795
4505 4984.5685435745191938
4506 4986.25256683580526893
4507 4987.18790098275509901
4508 4988.19159730757435224
4509 4988.90516659214715555
4510 4990.34548028635610295
4511 4990.44970181901688667
4512 4991.21477440858708274
4513 4992.37946234142150939
4514 4993.49574898381460633
4515 4994.63274217226762821
4516 4995.8792477046580857
4517 4996.22082087686422107
4518 4997.39615070709983439
4519 4998.37003019567172456
4520 4999.32968137297309029
4521 5000.23431693132781585
4522 5000.83438143241261433
4523 5001.88977362719210274
4524 5002.85400289185825648
4525 5003.48494437831205602
4526 5005.49590748770825126
4527 5006.20838110621130589
4528 5006.78855880610099705
4529 5007.48598291985129814
4530 5008.62619965630191537
4531 5009.22904411722212763
4532 5010.81117254472876174
4533 5010.93319810603991609
4534 5012.39683373967723408
4535 5013.53360587314840916
4536 5014.23844205619771977
4537 5015.35792793793905549
4538 5016.19254691432813586
4539 5017.34775656816835243
4540 5018.08491354767018809
4541 5018.93983185046556924
4542 5019.39583147335761965
4543 5020.35275939548380081
4544 5022.20302298377987405
4545 5022.83452601918762203
4546 5023.90488914123234492
4547 5024.72575259486762577
4548 5025.73099359362787874
4549 5026.18547688235238919
4550 5027.22156371104432403
4551 5028.53788682089808627
4552 5029.21695693905449984
4553 5030.02693693853628543
4554 5030.96785818676895841
4555 5032.39906354091559754
4556 5033.16656608019975231
4557 5034.55036116301487664
4558 5035.01341640885163311
4559 5035.52305843743079214
4560 5036.84166710700845393
4561 5037.50069275688732813
4562 5038.32431963672280221
4563 5039.62188745284904508
4564 5041.0413989938111925
4565 5041.79803452245741167
4566 5042.49214971643238249
4567 5043.01544539396678487
4568 5044.65679109131507869
4569 5045.46713048016640285
4570 5045.9416755020131325
4571 5046.9976174300097225
4572 5047.86308618418477915
4573 5048.79022881972789417
4574 5050.30845969916566882
4575 5051.10669953368581349
4576 5052.27931047294510331
4577 5052.77215528967245226
4578 5053.71236531999451991
4579 5054.43454734336921892
4580 5055.19267247344323622
4581 5056.60581307988010772
4582 5057.58999623589470449
4583 5058.34540941707825642
4584 5059.43990581889851835
4585 5060.55908091501984726
4586 5061.32624932902833117
4587 5062.16847272669055112
4588 5063.18271593744219254
4589 5064.33381361917216838
4590 5064.62897296849920519
4591 5065.48012496054373639
4592 5066.5765391847788618
4593 5068.38481523883657026
4594 5069.09593594400752177
4595 5069.67554413852499828
4596 5070.86855126587538799
4597 5071.24979727713787896
4598 5072.41037266058529198
4599 5073.48225617699365312
4600 5074.35606204153351611
4601 5074.91147024294629683
4602 5076.59863794778064683
4603 5077.15298953073756126
4604 5078.00110918325843853
4605 5079.61272616714065095
4606 5080.12362214401380641
4607 5081.13009777061983052
4608 5081.69434442982310832
4609 5082.31778151168549155
4610 5083.76984891895980658
4611 5084.38743934074440128
4612 5085.94423078649655911
4613 5086.99976157807561058
4614 5087.5326689377592401
4615 5088.59890132201195368
4616 5089.17809391329806997
4617 5090.34587681155812048
4618 5091.26295788361796925
4619 5092.40194191138829299
4620 5092.83776045218225183
4621 5093.66888011062570074
4622 5095.08691306157727362
4623 5096.63793318621011585
4624 5096.95942385632894213
4625 5097.8144297589056621
4626 5098.95678900618616276
4627 5099.61074303799441797
4628 5100.49146241619986889
4629 5101.0340630485010801
4630 5102.64594861517203008
4631 5103.72834125302524921
4632 5104.41809304675945229
4633 5105.63863552642902586
4634 5106.05222594979768869
4635 5107.38574012391064636
4636 5108.44777014933052355
4637 5108.95909669843306809
4638 5109.83898209097729099
4639 5110.80604167226714506
4640 5111.50312465446206303
4641 5113.01015722172519923
4642 5113.94604288045438468
4643 5115.37284295298960953
4644 5115.72676209779561618
4645 5116.56055746371486707
4646 5117.02599341347769346
4647 5118.53383876862742499
4648 5119.36566916157129468
4649 5120.24002346648985809
4650 5121.08349015563851733
4651 5122.45478140974893234
4652 5123.302893477929983
4653 5124.06178498807275705
4654 5125.25368675676829133
4655 5126.27911801517137121
4656 5126.72999329178376463
4657 5127.74171695909550653
4658 5128.68162497438748693
4659 5128.96448385867342625
4660 5131.04389897358979638
4661 5132.00716783776866005
4662 5132.68313705400193814
4663 5133.30657598965982448
4664 5134.66304387882215624
4665 5135.17196407365600392
4666 5136.12993608209509504
4667 5137.20629139849465931
4668 5138.04295795729481423
4669 5139.12153096212012792
4670 5139.67912564969298179
4671 5141.09662393563795225
4672 5142.44790786487120458
4673 5142.90203222271967959
4674 5143.93370053392209677
4675 5144.58775260152789041
4676 5145.48044917414074648
4677 5146.14964591957047501
4678 5147.56279184000966502
4679 5148.25352735728533592
4680 5149.76826028078707131
4681 5150.70961496230625427
4682 5151.14184958653794472
4683 5152.18621462306431069
4684 5152.95312729470274757
4685 5154.65684543916719414
4686 5154.89914379759381757
4687 5155.4933625825333313
4688 5156.50944732825162634
4689 5157.8190655557455917
4690 5158.95482400082701315
4691 5160.0577362516250528
4692 5160.85277992791494071
4693 5161.60539292214871568
4694 5162.58718668520654731
4695 5163.06016446837309831
4696 5164.10231202203283992
4697 5165.30677150540777662
4698 5166.19197290849319408
4699 5167.48359440216978773
4700 5167.99082805726312171
4701 5169.07019456403190018
4702 5170.29151608727292659
4703 5171.23592750147358593
4704 5171.58548117124223296
4705 5172.80168887679155819
4706 5173.67502455631532105
4707 5174.35990113717841432
4708 5175.09312277701063859
4709 5177.2371322493811544
4710 5177.60963002253078233
4711 5178.75219462045008327
4712 5179.20260639148861507
4713 5180.10662620265364777
4714 5181.18979240852029062
4715 5182.13091401658582912
4716 5182.99882632917920913
4717 5183.95030701323823534
4718 5184.68579503238903266
4719 5186.35574681016878494
4720 5186.70947260094558877
4721 5187.8878477674730786
4722 5189.07671961356714893
4723 5189.85958866165787741
4724 5190.35529112835982138
4725 5191.12680159802986198
4726 5192.04648695598015035
4727 5193.40441534372823754
4728 5194.70748890157448903
4729 5195.1591638537359839
4730 5196.70732419799359179
4731 5197.1174983316777974
4732 5197.71832417615235011
4733 5199.22385819908914581
4734 5199.77632922993436269
4735 5200.96131121304144936
4736 5201.55584387424873192
4737 5202.45798972217433848
4738 5203.52121694964694392
4739 5205.09960699496229114
4740 5205.900595704827941
4741 5206.63316167867917845
4742 5207.2150666822239302
4743 5208.28852293990766434
4744 5209.13823930166559828
4745 5210.01091104856690738
4746 5210.80821869983970113
4747 5212.41940446954187465
4748 5213.31667424210303918
4749 5213.89694319200838423
4750 5214.77525255932523055
4751 5216.05449135225474181
4752 5216.93200934121654741
4753 5217.65079532035448469
4754 5218.69141300838523435
4755 5219.05787722009920433
4756 5220.220855174182012
4757 5221.42295132305939456
4758 5222.85878767309224908
4759 5223.43442893776441651
4760 5224.45746349568448878
4761 5225.25606509658514713
4762 5226.14842410546528351
4763 5226.35154038244658833
4764 5228.18309867205661781
4765 5229.19855719922035076
4766 5229.24181125899904809
4767 5230.89720970942375864
4768 5231.8150835883429789
4769 5232.8846201924179212
4770 5233.65811509541919015
4771 5234.6402898887186836
4772 5235.57473516603345251
4773 5236.30046122910202042
4774 5236.95743936485929985
4775 5237.801695401995093
4776 5239.19278920816085822
4777 5240.60763604108559814
4778 5241.502825459770521
4779 5241.82272041635195847
4780 5242.79298538868830866
4781 5243.88254886862391435
4782 5244.84545100142787634
4783 5245.75573251757768858
4784 5246.27925085691445585
4785 5247.6103203919331505
4786 5248.44153901607535534
4787 5249.36633613165980868
4788 5250.67523810424872753
4789 5251.79855862651227874
4790 5252.52203786670619053
4791 5252.8905751484496762
4792 5253.9440704917267128
4793 5254.91263087091301988
4794 5255.61316430376163646
4795 5257.08118006453581484
4796 5257.92494100752362348
4797 5259.10832096042569873
4798 5259.77190452184315442
4799 5260.95919024601019654
4800 5261.18047604718321831
4801 5262.8488356863317146
4802 5263.39696510167781375
4803 5264.41137801764957712
4804 5265.08837453505777913
4805 5265.60593632746994998
4806 5267.88536415147245425
4807 5268.19827077797071037
4808 5269.20139302108883264
4809 5270.25945450489314345
4810 5270.88622752598025945
4811 5271.69696911517924394
4812 5272.51796036003330647
4813 5273.57873796843697499
4814 5274.69150901537324271
4815 5275.64387887795556525
4816 5276.68350302536940214
4817 5277.4757595026424382
4818 5278.37939038247742382
4819 5279.77566771784223145
4820 5280.31544598120170676
4821 5281.23995068632665441
4822 5281.63338006580325597
4823 5283.16386855992222248
4824 5283.47871918603501084
4825 5284.92692662915306067
4826 5286.43716155758182125
4827 5287.13748220534080128
4828 5287.71138022610461952
4829 5288.51554959778683023
4830 5289.35324522151054206
4831 5290.67497434799451635
4832 5291.39959050931929317
4833 5292.27501639107782555
4834 5293.02435551483924271
4835 5294.46476071400673721
4836 5295.12635547519873856
4837 5296.58105671918143821
4838 5297.12539491959507253
4839 5297.98118343935091604
4840 5299.27467923792975835
4841 5299.6273003199329805
4842 5300.14473687113832325
4843 5301.4581318092127048
4844 5302.98145422032949273
4845 5303.88525554587851948
4846 5304.50845785494030032
4847 5305.52633301208641583
4848 5306.49876976744189096
4849 5307.30038863624197236
4850 5308.07279049998174655
4851 5309.36175348189164325
4852 5310.03276472699836202
4853 5310.60680111202783781
4854 5311.85904989171809298
4855 5312.98020915852301186
4856 5314.43942679183459728
4857 5314.95479404951150295
4858 5315.72629685932516677
4859 5316.63925390621735667
4860 5317.13973490588356771
4861 5318.44524095923063129
4862 5319.36473429788786043
4863 5320.10975301028394956
4864 5321.53669499769472244
4865 5322.63328058493864493
4866 5323.13723111214049396
4867 5323.79632787568875779
4868 5325.46641114299995806
4869 5326.03851279213309205
4870 5326.86776378980158459
4871 5327.48022228303637105
4872 5328.46384466527048682
4873 5329.37715859333000713
4874 5331.0150518483831001
4875 5331.85503378266697177
4876 5332.58244933887189225
4877 5333.7463494526695442
4878 5334.06121795737156486
4879 5335.19538835151631734
4880 5335.9479262272361767
4881 5337.05967276057885758
4882 5338.21427477173400703
4883 5338.93312546485825553
4884 5339.67456498685584523
4885 5341.26495785860863937
4886 5341.90771455688209523
4887 5342.98668983352269407
4888 5343.62335943301928054
4889 5344.50753261243904341
4890 5345.52829734169539041
4891 5346.06996561535660402
4892 5346.89093742184278775
4893 5348.76966928172555294
4894 5349.4890578401439217
4895 5350.39590477244263903
4896 5351.22541992584671317
4897 5351.7716373834983548
4898 5352.90017820706968719
4899 5354.1852028293110652
4900 5354.77347971404948616
4901 5355.34706367562320618
4902 5356.53886582870499116
4903 5357.7116198923247238
4904 5358.66910644179082532
4905 5359.63391792737547173
4906 5360.87712653129412732
4907 5361.63099729211967502
4908 5361.91663701682846006
4909 5362.99040532663159764
4910 5363.71728047700477822
4911 5365.29626741923372888
4912 5365.74225768061841798
4913 5367.38012385219165758
4914 5367.90554311468126612
4915 5368.81364160114009212
4916 5369.80759645258569521
4917 5370.71353981371738618
4918 5371.53832975050997908
4919 5372.68086725824972382
4920 5373.21997294719173079
4921 5374.11483521255571776
4922 5374.86973824503644977
4923 5376.72266365861711039
4924 5377.71973086892277886
4925 5378.20703813004627004
4926 5378.76871372004869817
4927 5380.10373188279623551
4928 5380.87705651077913883
4929 5381.34815069704646326
4930 5382.80999337051447728
4931 5383.52860098836902442
4932 5384.81976452364593291
4933 5385.68978113358273491
4934 5386.31104924822099644
4935 5387.70553412889538182
4936 5388.44913749474256637
4937 5389.60814649381912737
4938 5389.90951356141877136
4939 5390.99226008300120596
4940 5391.50596562709809025
4941 5392.98195968303819857
4942 5394.08371725251568325
4943 5395.1166634275870225
4944 5396.11585947174949764
4945 5397.00342972680210653
4946 5397.2619601578601564
4947 5398.27762199520837781
4948 5399.71250464047059097
4949 5400.4188878682903021
4950 5401.19449618536436629
4951 5401.94714307456483503
4952 5403.38959011523765156
4953 5404.28768773661827103
4954 5405.35445332276911269
4955 5406.18413274406512959
4956 5407.07553799671108874
4957 5407.735014383861153
4958 5408.58871576754295296
4959 5409.57773947596161177
4960 5410.1018720172449262
4961 5412.11966073880672487
4962 5412.75693186164576487
4963 5413.44894233843456411
4964 5414.39188465514572199
4965 5415.22506296372357346
4966 5416.51181430912968852
4967 5417.19077729303861277
4968 5417.73077596648454186
4969 5419.14576936558778037
4970 5419.6479140172586121
4971 5420.59511861817432239
4972 5422.10720154439465147
4973 5423.36428503006845751
4974 5423.58283999725283786
4975 5424.9901375015927268
4976 5425.20557933165694319
4977 5426.07747362145730659
4978 5427.32778726721262794
4979 5428.20079350751720982
4980 5429.30706947764846264
4981 5430.09323239462997991
4982 5431.51855046193583489
4983 5432.0813005636909185
4984 5432.86706187367365487
4985 5433.93931465802281157
4986 5435.22451066942808137
4987 5435.61421416109506651
4988 5436.65840067212509527
4989 5436.82064493008793675
4990 5438.48607790240875492
4991 5439.87494738183332875
4992 5440.64516013201493788
4993 5441.56505036055665207
4994 5442.19719654077142317
4995 5443.28353971241986862
4996 5443.79513732065638797
4997 5444.96695956991928141
4998 5445.92502709968990558
4999 5446.76524787276632286
5000 5447.86199830129985641
5001 5448.90841328642824189
5002 5449.42763016759129583
5003 5451.30940766043212598
5004 5451.66677561269195723
5005 5452.33095020206611016
5006 5453.27642589714594199
5007 5454.23276609101570028
5008 5454.94855551058488962
5009 5455.86796398294448009
5010 5457.25433583156865279
5011 5458.71564508683044946
5012 5459.06218261065924045
5013 5459.71451394335242928
5014 5460.81554416475540252
5015 5461.68296883086899744
5016 5462.74500054954052495
5017 5463.76455454369686178
5018 5464.24387522683874616
5019 5465.08324150982538149
5020 5466.4183062458390494
5021 5467.79044499202235594
5022 5468.24453555376081796
5023 5469.48088838757260116
5024 5470.22006867241649429
5025 5471.08287314151253151
5026 5471.76086691968778111
5027 5472.26403769318866334
5028 5473.92520418839455779
5029 5474.87145290157820476
5030 5475.74943682413519874
5031 5476.74889380135888441
5032 5477.67194061874316071
5033 5478.46343645782008588
5034 5479.39681475979301705
5035 5480.6548058014021979
5036 5480.95673320219220504
5037 5481.99373407774372399
5038 5483.06685168978106149
5039 5483.47314896838999988
5040 5485.37953033492522757
5041 5486.25095807856407001
5042 5487.15864232572014922
5043 5487.81444820313140107
5044 5488.23946978652449397
5045 5489.5398863100441471
5046 5490.60647720243189512
5047 5491.19848846175206806
5048 5492.13705060137372739
5049 5493.79246912676600457
5050 5494.03848058309744516
5051 5495.28087546248379092
5052 5496.08972727541383902
5053 5497.37349039621855238
5054 5498.17412394510111065
5055 5498.63356530522543598
5056 5499.61279750867884174
5057 5500.35398364593202603
5058 5501.33122422335439832
5059 5503.21169447884615276
5060 5503.52253623929881865
5061 5504.57949104050679913
5062 5505.57193582868611934
5063 5506.33001148551884114
5064 5506.90817989822720976
5065 5508.01700950110257327
5066 5509.29123067658130141
5067 5509.94593030234555884
5068 5510.54426481334954767
5069 5511.7577738751908083
5070 5513.10995805623856557
5071 5514.00184870436628386
5072 5514.84446209807617441
5073 5515.50148295542939754
5074 5516.62965666606669587
5075 5517.16163341080562839
5076 5517.94829955642816645
5077 5519.09583760703051402
5078 5520.21539793882521982
5079 5521.61420475315025378
5080 5522.24963099414462075
5081 5522.97004646570631596
5082 5523.601350977461962
5083 5525.23978235029661097
5084 5525.71712232911707703
5085 5526.66276522368738013
5086 5527.35533246871642803
5087 5528.16641250178096048
5088 5529.66093402035672416
5089 5530.20315924918113305
5090 5531.92961260277758994
5091 5532.46111736464288146
5092 5533.27582527734279194
5093 5533.95335847620439638
5094 5534.81078900736328693
5095 5535.65686832453749475
5096 5536.8995250561391204
5097 5537.79090836900048377
5098 5538.74072731824015904
5099 5539.81458507901423081
5100 5540.69458314328703361
5101 5541.57635154393916233
5102 5542.76464605670939912
5103 5543.11325667281710259
5104 5544.51520860856396457
5105 5545.19299916319227682
5106 5545.66789522200855012
5107 5546.53530457845434357
5108 5548.5239196611233264
5109 5549.35883981448436455
5110 5549.83482314245060636
5111 5550.80789977898255461
5112 5551.92991174965837098
5113 5552.20794711675728682
5114 5553.65978978594926758
5115 5554.23859994379534861
5116 5555.40243079544766828
5117 5556.19924574383332695
5118 5557.36392245623595235
5119 5558.20200449668758569
5120 5559.24817860272621413
5121 5560.36721177696927917
5122 5561.31013521379716442
5123 5561.79154879803232601
5124 5562.26188444633697535
5125 5563.63787090083893869
5126 5564.43016255076475588
5127 5565.5662173269740685
5128 5566.91217725710172656
5129 5567.64431865224376445
5130 5568.79858012203786684
5131 5568.91293377041905819
5132 5570.00635617331998096
5133 5571.43786777698101409
5134 5572.17558120844487387
5135 5572.58602422567817045
5136 5573.89952940504266553
5137 5574.4412838834000299
5138 5576.06476243288862429
5139 5577.18367928128272289
5140 5577.67227682844452087
5141 5578.64464437374565415
5142 5579.4959164928325593
5143 5580.33327037642769203
5144 5581.02557378357473799
5145 5581.82227719378299276
5146 5583.38919141845247505
5147 5584.3237408908186794
5148 5585.24457095599329859
5149 5585.70871700819922966
5150 5587.16008127463904172
5151 5587.88652528124067433
5152 5588.75106118549847427
5153 5589.69172717109069251
5154 5590.38517313888627522
5155 5591.40096362390563443
5156 5591.92524079258981465
5157 5593.55561702921475127
5158 5594.57459428258698741
5159 5595.71137471191189229
5160 5596.22773668209749044
5161 5596.85661682959834863
5162 5597.84176895521861128
5163 5598.60600681281079857
5164 5600.16215030978695102
5165 5600.54974704759045522
5166 5601.30075096657968303
5167 5603.08136265179467564
5168 5603.56484005067741238
5169 5604.34725434950440618
5170 5605.64465418744733785
5171 5606.54257954589878394
5172 5607.27317871941343405
5173 5608.00540350310964564
5174 5608.69558216380705265
5175 5609.56389592498194735
5176 5611.14674375371264826
5177 5612.15711464356210365
5178 5613.12140028154365293
5179 5613.72789699674625976
5180 5614.49228791693374996
5181 5615.74102643799292161
5182 5616.25452479616483555
5183 5617.3202714375518939
5184 5618.28908957410252042
5185 5619.26808201728830136
5186 5619.90239451933481988
5187 5621.02339166096344241
5188 5622.48860414226709303
5189 5623.41362584314574318
5190 5623.77712010669386079
5191 5624.75557913530636011
5192 5625.59218474338531797
5193 5626.50224271186495241
5194 5627.21318720819346852
5195 5628.34846244415872333
5196 5629.89064879794839079
5197 5630.38050222984303113
5198 5631.52028803964412225
5199 5632.19746515543890617
5200 5632.84710000556717778
5201 5634.37001621193875601
5202 5635.01625080758405329
5203 5635.92947027448680669
5204 5636.23669448152715658
5205 5637.49023706251819559
5206 5638.78871445792316704
5207 5640.13425259161646602
5208 5640.38571096642189439
5209 5641.87225076849685968
5210 5642.46339909784227343
5211 5643.09331944058216451
5212 5643.66312748779155415
5213 5645.32811741493782905
5214 5645.76901609528087313
5215 5647.16157657346779994
5216 5647.85720697679551398
5217 5648.97446299307065654
5218 5649.80075692536134063
5219 5650.83907523286496533
5220 5651.8834184628450973
5221 5652.34547957918737021
5222 5653.40735620533951117
5223 5654.19215137350891309
5224 5655.00037276249333932
5225 5655.81925262368426707
5226 5657.86673871588368899
5227 5658.41124745989484551
5228 5658.92121588858387887
5229 5659.89441287265896153
5230 5660.63042280274439299
5231 5661.92969676116533527
5232 5662.45745114803328262
5233 5663.55724824899733868
5234 5664.33670825630043707
5235 5665.46045980187587441
5236 5666.47261577843150482
5237 5667.31617046271900636
5238 5668.52531560932049159
5239 5669.4727679002754898
5240 5669.97856381366036763
5241 5671.1496590682221411
5242 5671.4799591543049414
5243 5672.29095489088822969
5244 5673.93715839705119242
5245 5674.81499512554463752
5246 5675.70752874034545771
5247 5676.97253652275957178
5248 5677.38502608253997572
5249 5678.34790888179564536
5250 5679.11390398479181985
5251 5680.33904505308379883
5252 5681.24156513718709142
5253 5682.09916992470756724
5254 5682.28815014684666782
5255 5683.97050904329565661
5256 5685.12379348479152288
5257 5686.0935412255421554
5258 5687.02451973112485467
5259 5687.48185654801074834
5260 5688.36384447002680158
5261 5689.50863178729722663
5262 5689.95269506155268461
5263 5691.14094577072416163
5264 5692.20521795883732682
5265 5693.58960869724863263
5266 5694.31196652828006098
5267 5694.60921746829710681
5268 5696.03191737201264539
5269 5697.17204966828515652
5270 5697.90207962501869225
5271 5698.37474782799662139
5272 5699.37299319698924797
5273 5700.4810143481158711
5274 5700.98387239557574479
5275 5702.73281144534882768
5276 5703.61622781155833303
5277 5704.50584061041598463
5278 5705.17792710799648091
5279 5706.07741432669022827
5280 5706.59607574801235831
5281 5707.76865225134363887
5282 5709.03942444366617286
5283 5709.52036913219674868
5284 5710.60174093477090094
5285 5711.55922496929348204
5286 5712.81587122832883395
5287 5713.79384410106111497
5288 5714.09975469589140787
5289 5715.63364435869309127
5290 5716.33356048588352338
5291 5716.75027915226125032
5292 5717.77149660287577014
5293 5718.47233958172118216
5294 5720.3633899992279519
5295 5721.05053473196575081
5296 5721.96432348625164202
5297 5722.59135794780258725
5298 5723.77904599377615434
5299 5724.16335793543410793
5300 5725.67114091532103673
5301 5726.2333868789472838
5302 5726.98874353599404246
5303 5728.12070025425698234
5304 5729.15237685310999294
5305 5729.88319318722489152
5306 5731.34786211528419018
5307 5732.34118914718544975
5308 5732.88209317983695286
5309 5733.59996791007669418
5310 5734.28909268658550334
5311 5735.44899242015607171
5312 5736.32541694750827825
5313 5737.25526108091940468
5314 5738.60981984182376301
5315 5739.56963443231971654
5316 5740.31189479923197734
5317 5740.86537218146090967
5318 5742.14669851328806783
5319 5743.00606292209294573
5320 5743.89199355573729649
5321 5744.85753042718723995
5322 5745.31639504286077379
5323 5746.10503729398301201
5324 5747.94435126719117039
5325 5748.73762132878080429
5326 5749.84004559837690435
5327 5750.07241894111382984
5328 5751.51067865752359044
5329 5752.02258045423466017
5330 5752.7253534145987316
5331 5753.68843823230905173
5332 5755.2670014954032227
5333 5755.66676850442113271
5334 5756.76476847189880785
5335 5757.94200797797063366
5336 5758.47534072691799567
5337 5759.89668346530930362
5338 5760.64610794837168057
5339 5761.13164505440801573
5340 5762.45190674117929355
5341 5762.73390745510363072
5342 5763.83228094639439897
5343 5764.963556715087978
5344 5766.30538909020065954
5345 5767.3829189226877726
5346 5767.98509580608153048
5347 5768.70811130726891907
5348 5769.21737948994303158
5349 5770.68188699237290229
5350 5771.71774297269557573
5351 5772.11031091359072955
5352 5773.08598622319935422
5353 5774.26914373622066154
5354 5775.40490166643381828
5355 5776.05250987095789969
5356 5777.40007638515051555
5357 5778.09112175638353591
5358 5779.00520110071335387
5359 5779.66155549087289739
5360 5780.37859720356620127
5361 5781.25392195108590814
5362 5782.40046679472855508
5363 5784.04843251807901347
5364 5784.46846731567479663
5365 5785.21289453442949523
5366 5786.49357540143161824
5367 5787.13487880005665674
5368 5787.96944094472351719
5369 5788.98579982503477968
5370 5789.95435132114377381
5371 5790.69226703069014575
5372 5791.54697621749347203
5373 5792.28959363521060306
5374 5794.30190778813900674
5375 5794.66878159615198999
5376 5795.56393973783212144
5377 5796.41904066917473746
5378 5797.21783923613615801
5379 5797.88428219343183057
5380 5798.93966425474410547
5381 5800.04103027436518398
5382 5800.71927732053811324
5383 5802.371718407209981
5384 5802.78113607459994042
5385 5803.87120625807569527
5386 5804.40940903170579563
5387 5805.82018875375305699
5388 5806.79866100881102587
5389 5807.37394961964827641
5390 5807.78638338840162185
5391 5808.95004954697389498
5392 5810.03320319133504355
5393 5811.35682117859581219
5394 5812.20478829097682829
5395 5813.34505156653139287
5396 5813.9464149290167045
5397 5814.4993273153798781
5398 5815.62471424982586074
5399 5816.29567020282267773
5400 5817.68714195580428519
5401 5818.29215875706527972
5402 5819.26387366071976258
5403 5820.32307248364642719
5404 5821.19958031766538171
5405 5822.55493236192865671
5406 5823.16012059007173507
5407 5824.03444619602988446
5408 5824.64407075025468938
5409 5826.02241768547687332
5410 5826.43716647317103977
5411 5826.89431362318237675
5412 5828.89032295699334501
5413 5829.88439734204815584
5414 5830.59103434644347902
5415 5831.34861982855817038
5416 5832.01043799512538227
5417 5833.32074898773053477
5418 5834.00077132614077491
5419 5834.93524201862124428
5420 5835.95259752772467424
5421 5836.40977579347002438
5422 5837.69481693744039911
5423 5838.88781177063855418
5424 5839.65714888960489426
5425 5840.87074578008228641
5426 5841.77324469656785076
5427 5842.25734726106241682
5428 5843.00401616360113136
5429 5843.74550405707449611
5430 5845.04354077885096941
5431 5846.12234647574079469
5432 5846.85896715362042288
5433 5848.1829874153760761
5434 5848.99695834332839955
5435 5849.66151737555267767
5436 5850.48926813852999509
5437 5851.71105975989536336
5438 5852.6681455884596822
5439 5853.09555459494091172
5440 5854.19153997203929184
5441 5854.71549177293933421
5442 5856.09422889392465741
5443 5857.84380934143885555
5444 5858.08335830946399475
5445 5858.83395306009133991
5446 5859.86139725198208019
5447 5860.64938299976398629
5448 5861.43486898591713923
5449 5862.55742829767193027
5450 5863.09403851330020364
5451 5864.65676360640008444
5452 5865.52279251062634311
5453 5866.04023532460614506
5454 5867.2015469813779198
5455 5868.54366097469438684
5456 5868.98691703496645888
5457 5870.00899185574083258
5458 5870.71888464786467214
5459 5871.41972449756317392
5460 5872.40279485628976087
5461 5873.38759370641478285
5462 5874.88158820832343176
5463 5875.79835815429125504
5464 5876.37496362147243623
5465 5877.60974860666830385
5466 5877.93329391948930497
5467 5878.67621447865466834
5468 5880.46328472676401602
5469 5880.7095609276251619
5470 5881.82502412058147257
5471 5882.27051617243772472
5472 5884.03282624493641844
5473 5884.68425004796671621
5474 5885.74473054039617881
5475 5886.62119116503069923
5476 5887.48630038868037232
5477 5888.38757653415682888
5478 5888.84547052166869817
5479 5889.69829183478996247
5480 5890.84268935755741361
5481 5892.22584829350913315
5482 5893.12109167004842916
5483 5894.08561321984894221
5484 5894.54441086341766298
5485 5895.55713365195927495
5486 5896.81462587413313005
5487 5897.5285083951807533
5488 5898.04561559284613772
5489 5899.33529440318338526
5490 5900.02613076822036644
5491 5900.83288379579077064
5492 5902.16066021425404519
5493 5903.45910433616580797
5494 5904.35922485004273793
5495 5904.78664964902934988
5496 5905.37790429696418301
5497 5906.65429483434670062
5498 5907.30560448136975534
5499 5908.30413037804493644
5500 5909.43231600465336989
5501 5910.29742863924611853
5502 5911.48917657697448649
5503 5912.3324122209237775
5504 5912.93529661250529463
5505 5914.11566654165647207
5506 5915.01957675414438361
5507 5916.08833258069001302
5508 5916.44116912799757959
5509 5917.38089096815520021
5510 5917.97541796073666954
5511 5920.05555086900454537
5512 5920.53847651150106779
5513 5921.43841856295429296
5514 5922.55208008776375375
5515 5923.10648052755174551
5516 5924.02391820591225039
5517 5924.61256799704196454
5518 5925.98265211232412651
5519 5926.86780689763150629
5520 5927.47935643386860379
5521 5928.89916198459349423
5522 5929.34538289749249208
5523 5930.86036289444514731
5524 5931.57013486440530802
5525 5932.73606554743787663
5526 5933.03353655958204729
5527 5933.98789804351844626
5528 5934.82998130731489396
5529 5935.94834732759392396
5530 5936.46514732921385589
5531 5938.28767998819927187
5532 5939.26530326680717116
5533 5939.69583871139546807
5534 5940.37909985313209379
5535 5941.44189480440614052
5536 5942.46773615384557713
5537 5943.5439791745015397
5538 5944.13024662425800977
5539 5944.7254133710578103
5540 5946.14333199071051651
5541 5946.82006265299982905
5542 5948.3016138694400543
5543 5949.14242631263538888
5544 5949.77770635152247526
5545 5950.98908439299279003
5546 5951.43012167438641251
5547 5952.2619025846277304
5548 5952.90261876810936206
5549 5954.46599576065619757
5550 5955.34213847673849857
5551 5956.36591406097852296
5552 5957.02769294934467418
5553 5958.33264010139182551
5554 5958.86645749542500763
5555 5959.87651660498023697
5556 5960.74069307610024689
5557 5961.78866254750149582
5558 5962.57424588566000737
5559 5962.94355951312041737
5560 5964.1465334596198741
5561 5965.73650916763637131
5562 5966.61951514361802143
5563 5967.43313323137315536
5564 5968.17891874309524758
5565 5968.73587878498576716
5566 5969.77968020667010843
5567 5970.84421676673622365
5568 5971.60497154272123015
5569 5972.48536840506076119
5570 5973.62090224829210108
5571 5974.88621117946375714
5572 5975.35616322990847086
5573 5976.14190189253993753
5574 5978.02659041928976878
5575 5978.13930972579006281
5576 5978.8326703527956804
5577 5979.86228857808549653
5578 5980.59261333337971377
5579 5981.50626079934824989
5580 5982.91497676373177778
5581 5984.0126156400109109
5582 5984.79281750680159265
5583 5985.66903466988801963
5584 5986.41914520507628992
5585 5987.05591951770267845
5586 5988.31384146313519018
5587 5988.97394825078274065
5588 5990.29428487358611002
5589 5990.80975514291426225
5590 5991.47298543008549758
5591 5993.08465361464644042
5592 5994.05723317467500672
5593 5995.02453249448120914
5594 5995.40954065114809957
5595 5996.60946553845386666
5596 5997.39250568881581484
5597 5998.05291975265554798
5598 5998.73479494329139509
5599 6000.12102099837439824
5600 6001.49551908992494915
5601 6002.15458963341158147
5602 6002.91483834561866004
5603 6003.87851936519331955
5604 6004.59182072488778312
5605 6005.85578494233406361
5606 6006.67802861496248502
5607 6007.32556590760613367
5608 6007.9782874577881544
5609 6009.20454037958643036
5610 6010.1908204104380612
5611 6011.25302542846974814
5612 6012.65112263533907952
5613 6013.04724564555129628
5614 6014.04237316979676854
5615 6014.66386937940077232
5616 6015.16146730014128842
5617 6016.73680370380270911
5618 6017.53054289912092382
5619 6018.18047452954838079
5620 6019.65028583595224811
5621 6020.48547716546745758
5622 6021.07853368498021273
5623 6022.496991537044644
5624 6022.86608675098491458
5625 6024.23592862151119481
5626 6024.76582215494155447
5627 6025.65298905880426658
5628 6026.32842936819770441
5629 6027.14998935502482953
5630 6029.08387933623901036
5631 6029.8713364906129245
5632 6030.36656554526720618
5633 6031.1905524938124453
5634 6032.27411480658376707
5635 6033.14673133133761121
5636 6033.64497720837344364
5637 6034.94213262986469686
5638 6035.78235760526026814
5639 6036.73510446416822155
5640 6037.62181497068877136
5641 6038.62081901011369617
5642 6039.78018846211108718
5643 6040.74792947434773528
5644 6041.39824099325492386
5645 6042.3976522372351673
5646 6042.66864406446300981
5647 6043.99501026897958333
5648 6044.55257212393644763
5649 6046.18152195420514333
5650 6046.79693239624727902
5651 6048.26360736139785175
5652 6048.9526458644815546
5653 6049.24114299161768134
5654 6050.24612812227504705
5655 6051.6269710339052955
5656 6052.43973929370899499
5657 6053.0674139243234849
5658 6053.77884603645776625
5659 6054.80416455804531129
5660 6056.26088623217970672
5661 6057.07284211619397915
5662 6058.00087627065018033
5663 6059.13449378575858246
5664 6059.46682872835224736
5665 6060.34162759301038468
5666 6061.49361982228442829
5667 6061.79391174766737503
5668 6063.25368720772985749
5669 6064.59339993261051465
5670 6065.10444659421309588
5671 6066.14257393262341107
5672 6066.82993437890997773
5673 6068.16535278717842408
5674 6068.88437784792584994
5675 6069.56970988149990897
5676 6070.45673094858647397
5677 6071.60712437968705386
5678 6071.9870317371280935
5679 6072.98693028158509231
5680 6074.83575188102221183
5681 6075.45620988047180589
5682 6076.31958041092764838
5683 6076.8965954287565279
5684 6077.92352559785378361
5685 6078.4642570003587845
5686 6079.72537251482437977
5687 6080.81759463993486819
5688 6081.17717065293389296
5689 6082.50108370697757357
5690 6083.64401675793269466
5691 6084.38300736566092037
5692 6085.23090516235611588
5693 6086.32555691257851678
5694 6087.27839236437264526
5695 6088.14476807150719416
5696 6088.53754140467828631
5697 6089.12861601971722069
5698 6090.71715310707747946
5699 6091.68988176849491235
5700 6093.1923353255675178
5701 6093.28342681767773313
5702 6094.55026132997804158
5703 6095.33119337999696508
5704 6095.91172831806547667
5705 6097.09672848939006445
5706 6098.07149801046145162
5707 6098.78688808089929582
5708 6099.6670652470166747
5709 6100.71393963476328192
5710 6101.5426360107315272
5711 6103.11106205634282335
5712 6103.89083600771337161
5713 6104.36998654602612217
5714 6105.08011231856831766
5715 6106.42793794807778547
5716 6106.69887078732014835
5717 6107.8883982795423956
5718 6108.68378071691088333
5719 6110.5310114759819026
5720 6110.83099615477342929
5721 6111.84453284750767329
5722 6112.46443538483301886
5723 6113.55261747398823081
5724 6114.76189175326990223
5725 6115.27479154381219378
5726 6116.16749593062941591
5727 6117.09075329109707978
5728 6117.55235942771671098
5729 6119.21599784241162592
5730 6120.28153469736068303
5731 6120.93330168641097602
5732 6122.0943987585035533
5733 6122.85742491964967786
5734 6123.35660797282752606
5735 6124.13888322078107383
5736 6125.17261988017612829
5737 6126.56858651930737649
5738 6127.13022139403224361
5739 6128.04686312975669476
5740 6129.26875154801351087
5741 6130.29160646461125527
5742 6130.6867686492612891
5743 6132.12168739709847347
5744 6132.76235348679118596
5745 6133.48989270420255201
5746 6134.45505166796509368
5747 6135.14307492204881088
5748 6135.89261320064842674
5749 6137.78138932012908223
5750 6138.4456013902543192
5751 6139.58934695878166051
5752 6139.81323983382586076
5753 6140.67586338283377571
5754 6141.87235875623145453
5755 6142.91145164028474806
5756 6143.35666610317283736
5757 6144.40586720782149455
5758 6145.5053640438902614
5759 6146.60432960466255974
5760 6147.07002344759901142
5761 6148.59311394561102454
5762 6149.39892523007550159
5763 6150.27537410434017387
5764 6150.87988787059466418
5765 6151.57250208130224928
5766 6152.58559902722755212
5767 6153.32636565324377667
5768 6154.80563842351412647
5769 6155.70480990157757614
5770 6156.73746449458981226
5771 6157.38112864989563785
5772 6158.39768617314267613
5773 6159.09694719014722101
5774 6159.82946899575132419
5775 6161.42936894559825325
5776 6161.82725369684516593
5777 6162.41556241244046214
5778 6163.37847744426290741
5779 6164.77322051761087728
5780 6166.20051343459717235
5781 6166.4830489940307811
5782 6167.4645313593937053
5783 6168.37980968024698889
5784 6169.39473646765074089
5785 6169.53815264844895181
5786 6170.82000810907555645
5787 6171.92047477153795084
5788 6172.83993045811875667
5789 6174.23506996236121203
5790 6174.74754241326648737
5791 6175.30901370546620253
5792 6176.74416220278607561
5793 6177.63040444960768719
5794 6178.41028563212458366
5795 6179.09448691762806586
5796 6179.76468161409567095
5797 6181.01282575528716189
5798 6181.67842074665156313
5799 6183.06248033470397867
5800 6184.33631658248773167
5801 6185.0799748641956341
5802 6185.46010370048407105
5803 6186.45728396807846938
5804 6187.126750723331392
5805 6188.45868336036481983
5806 6189.11802968164570375
5807 6190.16979588731040769
5808 6190.9266659715116272
5809 6192.09728602882321896
5810 6193.13343114442952926
5811 6193.90282419294934316
5812 6194.9652740924885169
5813 6195.67207899047212867
5814 6196.66475212584057004
5815 6197.38706325713076318
5816 6198.06538956070200105
5817 6198.65221656133164463
5818 6200.67403446422928303
5819 6201.59308850877588327
5820 6201.83256963944929618
5821 6203.19091073726166091
5822 6203.86787624197504867
5823 6204.58565618687019312
5824 6205.73134233121510594
5825 6206.51302568540831513
5826 6207.35367736698029676
5827 6208.56208612736778708
5828 6208.81397241079579605
5829 6210.47003016298567191
5830 6211.20781654721815414
5831 6212.54968605797382349
5832 6213.18797690049624303
5833 6213.79999995736691472
5834 6214.50130472958162059
5835 6215.40095701678024321
5836 6216.66829216244982401
5837 6217.18885890882319103
5838 6218.51711986355286922
5839 6219.84422020332398411
5840 6220.27686616835996085
5841 6221.35012756268715724
5842 6221.64130096096046355
5843 6223.44770892740344585
5844 6223.85478695972442005
5845 6224.73244731254360695
5846 6225.47067808144173686
5847 6226.232883566194537
5848 6227.4500453272692228
5849 6228.83284092751828224
5850 6229.76158441835412912
5851 6230.32374979614848681
5852 6231.18698421413116945
5853 6232.23423696440952442
5854 6232.81149070078566648
5855 6233.43615063521062827
5856 6234.90535602790765948
5857 6235.69181152884452833
5858 6236.87179721375070645
5859 6237.40118805151758685
5860 6238.50779015008246501
5861 6239.72029874917883436
5862 6240.51843248821175298
5863 6240.98747833760499588
5864 6242.26374264833298962
5865 6242.91612811037844345
5866 6243.53657120604871019
5867 6244.46750100712869423
5868 6245.84635379280050181
5869 6247.22080389496888735
5870 6247.76590041263983793
5871 6248.61759005663385702
5872 6249.22356720248598393
5873 6250.12599803266539359
5874 6251.16083003850871503
5875 6252.33772168116111774
5876 6252.96064162391112326
5877 6253.37269943302151952
5878 6255.21238259308724165
5879 6255.70999571493251522
5880 6256.7379881035866673
5881 6257.82191376786379169
5882 6258.86314220186606381
5883 6259.51113050341909193
5884 6259.96913448043475124
5885 6260.94186560198348729
5886 6261.77684642237356886
5887 6263.06590493171850288
5888 6264.19927745135107637
5889 6265.06089827704283485
5890 6265.97212530605974162
5891 6266.64573592249452938
5892 6267.56048657616331205
5893 6268.62526675462398147
5894 6269.26735556647597596
5895 6270.34914887455612477
5896 6271.14877175729780529
5897 6271.96436339598088427
5898 6272.58618298071554756
5899 6274.61933405812403315
5900 6275.13398198445941151
5901 6275.84669388832696154
5902 6276.9161647081308617
5903 6277.22919488268901995
5904 6278.60759570888419347
5905 6279.12246209604072094
5906 6279.99314866539315105
5907 6281.40604796653985464
5908 6282.27581290998058204
5909 6283.22040790168343314
5910 6284.05428027802793461
5911 6284.78841111904123733
5912 6285.89907066298860854
5913 6287.17374302435078326
5914 6287.42595294081539862
5915 6288.21124540933005261
5916 6289.11483189308001651
5917 6290.03700659912978357
5918 6291.54965202456008897
5919 6292.32991486859780932
5920 6293.2973357198673826
5921 6294.34932965398461347
5922 6295.0061813059762144
5923 6295.22156885719585742
5924 6296.54659192777395886
5925 6297.77125586457313087
5926 6298.45869016045338073
5927 6299.17274557449979035
5928 6300.37488738082256192
5929 6301.38322087771010779
5930 6302.23025973977973249
5931 6303.49077161342840525
5932 6303.94917938861732866
5933 6304.9003918517086836
5934 6305.74785838610996655
5935 6306.55729134639169974
5936 6307.14472087552299545
5937 6308.25382451585769369
5938 6309.93981002512797459
5939 6310.83775604510196368
5940 6311.20106575028375308
5941 6311.8793971954019417
5942 6313.32102146682531388
5943 6313.82591194627071565
5944 6315.03100872321233051
5945 6315.48397985627507635
5946 6316.76960086633817125
5947 6317.25576009861584645
5948 6318.60314312699576639
5949 6319.38247861186108573
5950 6320.91888033780521781
5951 6321.41549980214712602
5952 6322.11818669431052663
5953 6323.18259444486789357
5954 6323.68906122393647014
5955 6324.34850349378079499
5956 6325.99115733188664864
5957 6326.55069860597594535
5958 6327.7093295960575453
5959 6328.76897150192393317
5960 6329.66509549850768384
5961 6330.24040635549564194
5962 6331.10842475526953436
5963 6332.34615110867692041
5964 6333.1963461473332664
5965 6333.91605092750132965
5966 6334.41068488173339237
5967 6335.35689977155091868
5968 6337.04424881011940983
5969 6337.82203819845064764
5970 6339.04195746834752884
5971 6339.24880894911471556
5972 6340.44143965544036863
5973 6341.02923909586605876
5974 6341.95415916984929725
5975 6343.02591890533525395
5976 6343.63957767662273205
5977 6345.12457235492861614
5978 6345.81278159579447913
5979 6346.70858829248320679
5980 6347.51277483941705841
5981 6348.86477497565875502
5982 6349.69465032467086134
5983 6350.34936601813202359
5984 6350.79790404310005005
5985 6352.12409564680843409
5986 6352.8240419164510042
5987 6353.48723619120502693
5988 6355.4081078788890672
5989 6355.93013090040442327
5990 6356.98410693288438986
5991 6357.60685765845249758
5992 6358.315701847617436
5993 6359.16962381026123225
5994 6360.50344852076663697
5995 6361.10811437122212103
5996 6362.0824990571260843
5997 6362.68536183065418159
5998 6363.90083954802947164
5999 6365.28358374435919104
6000 6365.85232102101638182
