1 14.13472514173469379045725198356247027078425711569924317568556746014996342980925676494901039317156101277920297154879743676614269146988225458250536323944713778041338123720597054962
2 21.02203963877155499262847959389690277733434052490278175462952040358759858606889079971365851418015141953372547364247589138386506860373132126211882162437574166925654471184407119403
3 25.01085758014568876321379099256282181865954967255799667249654200674509209844164427784023822455806244075047104614905577837829985152273080118813393358267168958722516981043873551293
4 30.42487612585951321031189753058409132018156002371544018096214603699332938933327792029058429390208911063099171152739549911763322667118631939180722595671424334115590685468136558072
5 32.93506158773918969066236896407490348881271560351703900928000344078481560863055100593884849613534872454960252528059758151357923778285775450603765301147268210982527271365947816608
6 37.58617815882567125721776348070533282140559735083079321833300111362214908961853726473032910494582380347457774774619223537994096502226393628562482204748368808900366789035453755378
7 40.91871901214749518739812691463325439572616596277727953616130366725328052872007128299600371988954687550366551967694546794491713649489859917565343675331050480915216875448752277922
8 43.32707328091499951949612216540680578264566837183687144687889368552108832230505362645634937106319093355486760849262680244716701232585475212353466306785286334617458228386331819781
9 48.00515088116715972794247274942751604168684400114442511777531251981409021641630828133033537230540099771550297770260202162652166270813597293166638787584836041574951454259439317191
10 49.77383247767230218191678467856372405772317829967666210078195575043351161151573927873270750740093133007078162802156113122435799916411635531407545149058991598474641116416378253783
11 52.97032147771446064414729660888099006382501788882122477990074814031756495030418805413758782709439929880363884477535502028030524214252675971885242672950180289906415888440438135739
12 56.44624769706339480436775947670612755278226447171663184545096984395847528027450566690301131427485238747897187883368245827953385241544049414267733153585138991230314395097767479642
13 59.34704400260235307965364867499221903109877280646666969812245175474680015269962981183810248707463354843852195854743924354323091833233556941840730056212173898990762113221776823974
14 60.83177852460980984425990182452400380291009045121917825710134882480849366729492053843084167039434335656986447033588689745030747948638775715123698967776718139290397255489366396361
15 65.11254404808160666087505425318370502934814929516672240596650108667534323266868538441677478443865947142589692775166203672779221257976040652671034171283933565046639547411379240774
16 67.07981052949417371447882889652221677010714495174555887419666955169490121895619698353029397508583303430555470100513485963102915189604317181586735402319454836737904008670291478098
17 69.54640171117397925292685752655473844301247420960251015732453999966338767227491041953334493317834035635374806158478678916625612286840533522701517643218746616386794929305333020564
18 72.06715767448190758252210796982616839048090662145669708668330615148840737239960834836352533041217453298915736658311883083642393932396480882455848888390855996676745888302674866719
19 75.70469069908393316832691676203034592281190353069740030164777530157419702770632360838403702183465279804994402368757100494129937745793692324032491908337608653429942953940301154343
20 77.14484006887480537268266485630463701579603244923446104176523145315113916425371508940828869469973775975905687441268986273940101504344871479131868506720926250969244950056959854288
21 79.33737502024936792276359287711622819061324674312003087843872049710154193267709097467745199461212410901477102377975038492265220686128115682860498920619970997077772934924119311600
22 82.91038085408603018316483749477060949750888059378214914657130628323592908635661907551256319233489681875525448176186010046123385280735957470697143349786288091554540920982990274465
23 84.73549298051705010573531120682774141710662793424081870273552968904527172893028059879228203063995091247847855407508866198932128137103429528000605451194242397866377681375646658127
24 87.42527461312522940653166785091921325217188640126902818645555793843969104952483075026625748079543951719428881635143748931444210856296139403774103518197921594752814969287055200321
25 88.80911120763446542368234807950937839544489340981867504219987161881401355918219843952079327950393306415339351421792097369882955291279643594743002261656178927062154700521303429661
26 92.49189927055848429625972524181068487872179402773064617509675048918102802605877088933786375766858864028302466101684342742225993601861236433474221777544217899508718306663662111009
27 94.65134404051988696659792581520815393772802701565485201959247427451348210532455844076477401529960108135679396332562551355243103049998834561074966856056282131937940643563947643048
28 95.87063422824530975874102921924678169525646122498799842052928165165110662536081792189542611557235640484807822769610703843682000413239958357246280067384263475326872160336184241418
29 98.83119421819369223332442013862232782065803906342819610281932172756554763976555318751452832328162320978339842338727935208610234600430329548747276997785570523885353739306724608266
30 101.3178510057313912287854479402923089063328663843008947999283187152301430827293123555089049452059718566062795476246883638146279315064950661417608124330919538238884893903926570119
31 103.7255380404783394163984081086952808344811730694957645198851657940365221083016488054381454984920168946008911069966292267911465923065892370422525139321773948328911985490537053203
32 105.4466230523260944936708324141118089972827539285351384805694471141814944475759628397735549319628145154807352235114896851704856822189403372030891033165259692831161764636231865286
33 107.1686111842764075151233519630861912134767078814047652792647104215524038209780971346107740406090410992560827514997939713438701778152968080613888327468576657749691805490622651132
34 111.0295355431696745246564503099443504153459683900730568461907947655055445417598922140188612917718101470890636959711124055186263017162422285794369667480114132581608304840392244635
35 111.8746591769926370856120787167705949603117498733858738166194196196907783644055029676289406063474482902197189645830752878103387871136132024060048465254771012559399867899593069653
36 114.3202209154527127658909372761910798099176577238298922877284310413062875758528432297620494983170899295102053930163875831430559190327746172031920118573306519986690980227785702267
37 116.2266803208575543821608043120647551273298512323832202838626423114747009794756220601760373362439002752346346939568545953556675308413110421078665434785785654920845884767192742508
38 118.7907828659762173229791397026998243473062105928093827841937165141990963221117734995574991159321518262565262930561619948319492548007543877126630974525558890176399900006640687047
39 121.3701250024206459189455329704999227230013106317287423025751326357346320416513922090593938443301427921819656959068107663006772474014390872590380569014839313390260169881367603833
40 122.9468292935525882008174603307700164962143898738635172119500349152885087758826196430553118411074104427581939111632156859565778897389230994052302702137227907399689048601634958462
41 124.2568185543457671847320079661299244415735387746935611403550769139590620972893617800909018225337391326283079985311347809795065281103168509817257826228299509494249345737225448788
42 127.5166838795964951242793237669060762680883098815549824827997793006823961285259883292087836001246237614761913507847554285945298229070896665291987657366020117915808852414546033119
43 129.5787041999560509857680339061799736086409532646594310304708399988608991051165655815149177339265814505601445076090672005422021366737521863211581523788820824039153444763020959241
44 131.0876885309326567235663724615013490592035475029750453831399244077747652456200152815654913414124701865338254060031023614162256677594576597026892294115398777154020626260176398109
45 133.4977372029975864501304920426406076649741749439046750151022588551630136007847426413592879503150895481297399394663499229630258987280811901899722514338227226076475614218642443858
46 134.7565097533738713313260641571697361783960686136471644169760931735484100568317104323688049059260327506778183423946812239662314099830166425997243791095004461156337453316021444637
47 138.1160420545334432001915551902824478598352746241462356853448285686501672304304089171109452721877453593477766742783945729476835764040126234550588196604752367531580032467739078264
48 139.7362089521213889504500465233824608467900525653826030813701354109038680914852719660929036567855964187759954884830303514314282792341215144816239277653651549388867395670023604819
49 141.1237074040211237619403538184753550903006608797476200321046650959660947587181332781493418509380468417893284016362728641590025124213470309294688829063127074751837054273129331316
50 143.1118458076206327394051238689139299662331024303546325485985229572806931441333492275444274025136984049334709590584956275320665775992814592174317975575744221773276041347879387551
51 146.0009824867655185474025075964246824289757412330958036369768849665857609395947676511227401568157792949888233284230094651546657854225315597582293386427969166966972826421511933334
52 147.4227653425596020495211850104315061687727752504768306010104608127381837443263817572205413566801442647685743031473404676303617385320672256619741800037959160137037695860107175273
53 150.0535204207848803514324672369593706230373215595282004484291112750625821484974187121322826054961490868694931023573503532560379926483951855132093984759263023814196378869913171184
54 150.9252576122414667618525246783056276024267704729967177003113549533632320978636148143888735873133913511059412795738550636138166405171202316634321730280793657904414669795493273747
55 153.0246938111988961982565442551854465085904349041455066751997675637946209937814904019547491315369249084337937796469249080398313785684487436064203749572093996628800345228117508832
56 156.1129092942378675697501893101691947465353085009429208038560781583943148503940587608573711981060901459317666388307033845845862625303020278816174437458620464240343450014393956328
57 157.5975918175940598875305031584987657307238995191417335382496176097855594275787827549115875949605244412449299045675370687556959583622594979802346653648316260839319648102748010056
58 158.8499881714204987241749947755402714143350830494269662577241834115455295137088374343994137682318727957944847159379863364986821059709385848039618696324810889140153665530805846933
59 161.1889641375960275194373441293695543649157903274754665791880937941188584210502608448489425194065622315121909222233826863819463927721707280944850786795625927295331416431346536456
60 163.0307096871819872433110390006879948969644614164776831152095916959017954783953403948738398033404312852387852134594020737580618598209087855838225933700407342866758618176613870276
61 165.5370691879004188300389193548747973283672517450686044789531546055804061437575655187609187355632005148281914392811580244990621088178898269495750743283891080945404435513767108795
62 167.1844399781745134409577562462103787364607692426167673611069934354089696331808130435344666621492676624172798236107347296308890291301545645435738656891767061890660345366759407437
63 169.0945154155688214895058711814318347966676485804416250873821491218823344969648553421458502783979980418759946470185008109377240581017387804750643469307430256927882564359466666893
64 169.9119764794116989666998435958217922883944371253413730185414416078008414783727105287862393004576384349685098789661584444864962278523745915209774967763634669159913540076559126952
65 173.4115365195915529598461186493455952541560660634201179336822853915310940953785288490905622922086028157102394262929858954108000339377716860037515248091339559228647462704164951058
66 174.7541915233657258133787624558669179387557176205716634456115474378997152082274380172362815512732137790974238023957820694073110726764329474052187224885999066239721627181438693225
67 176.4414342977104188888926410578609335281184971088097153476126157862568571939135224974077595111096423636637845376440710146835014403835761136742555178023472023692991093776064397731
68 178.3774077760999772858309354141844261831323614612725037014890408037488465646405879270706711681797739528712444838169626872703320399852594449644415917584417650506811383044212370970
69 179.9164840202569961393400366120512374536876075530184065413006706538173907362679159961540697430983964589304158207691464136615364499691116685443161167201921057880318901661240859394
70 182.2070784843664619154070372269877986907974577782399087666300645401878443230873253214591978431177579869442445212572793094117716812516707342679605045467317873668194728086266411362
71 184.8744678483875088009606466172342584133510229119506677731786446807013534369001830048710175105370110215500931158234344168483638139394939943314460917843069390304284246380371608889
72 185.5987836777074714665277042683926466129347176495132830889197962303851271473205542595893940416272721789876910720200058108840933615277892522954576611097971547420095379035913310033
73 187.2289225835018519916415405861312430168107346039903191514642031637338487945451158828134460521386350117276469388897171205283830134166117974294296397517065668935678293074432890698
74 189.4161586560169370848522890998453244913571030231933543554199421771060173597536592213840866762025453844323520008697579704026323727378886356461367894504470328515410625332967078363
75 192.0266563607137865472836314255834301058399202979770969162891234322102116765143730340311592922501128844123295053716681633391141422942653827192897112735776108183584456565546918145
76 193.0797266038457040474022057943760546040206158105488601385043558308844136986896422781161254852639656509612961922777765671092911139813954528144395463050817783619611561475086427033
77 195.2653966795292353214631878148622509269050524522869240601109766321843932245841771526771072128598038410579986450476464885869698671750240211265608719378683746296771204690932160137
78 196.8764818409583169486222639146962077357460286919422154828231731816319713879256598304466574472821788073499981518198583904540679296473622378636701254298109546500945910709594164629
79 198.0153096762519124249199187022088671550626954385709967215348015942392843857362895448224010252075792116926878125624906512213565046685155068154446499697401652624727446994250529683
80 201.2647519437037887330161334275481732224028636391867340806327197995196349024813453603429793875717561378816746316915964606378607079038356383361084725927908656060923219970294983467
81 202.4935945141405342776866606378643158210202448994200539090691542851163297587739188856524203980980614980776484021938881887175626499943347235574123722507872665249050263997143940368
82 204.1896718031045543307164383863136851365345292287419073509596802173991634291740299625920766832685409600215965085442484127611174110158148197500145339000322209226158985182674770487
83 205.3946972021632860252123793906930909237229147720484070021340954171463655615096716162480062093324701494200234667683225531417055714777835855548162270794214184300202500884280118766
84 207.9062588878062098615019679077536442686594037688839998586575275099286752052657677905772103363974774212907637160292021302125318333505049143984544027195254157593105500711648807806
85 209.5765097168562598528356442898867521753907831813261624689774533462047980184677355375482288192028704361014464051992559659663946410651019486988543829249519372872668818965305548227
86 211.6908625953653075639074867307192942533940309829356437362100148207771414677940941375290793094016954175650162539249283514781298225938845430067103885034521497396950762480632961996
87 213.3479193597126661906391220210726088218971832766330690598537045853659588055035505024146970146707115133780495998525577967425269809060810373686978396197325098583836624154406443636
88 214.5470447834914232229442010725906910455998880530830764000816199190406547877892029454802569954433328678237009712946130605990854204063770792377086239664073086246649309688293949196
89 216.1695385082637002658695633544981285754537142741641109763761505659409680710929278043308898120451437841694368547503567031843168866941789415247274853155862025255072286770520169971
90 219.0675963490213789856772565904372412451491829270113513735578749932379095360414994173388147222815814826349721020748162669809506408790698342576726272375191739364695491236037394692
91 220.7149188393140033691155926339063396567611450776619657016119320408256519374736420484491367573968877663060950466925930481105572483986218430296826255500110379634124543044674926881
92 221.4307055546933387320974751192760779502223310773199093794199515137872538433730785706565270083468042605687361775921743421347358280438717859903947689375235141873946919627354943003
93 224.0070002546043352117288755285048953560859899495955297629503606823345435004227816390696559446535285086642274404563048392015997531739243509108409533972854025995662713160920226810
94 224.9833246695822875037825236805286567720900544855874269884777525472056920039154489040581602314838823775407435125421112955443282695155451802737877632593834208238502631315946497650
95 227.4214442796792913104614361606596399639691483219766283648938200823896845716367603448899310687573579278184403531188227329118683228422238721230872615579633287406760004231313202181
96 229.3374133055253481077600833060557400827523413878185175326364924843561772640195747024604114024716122685537932196098485351917177635581239244469169095406890376897681262019940024799
97 231.2501887004991647738061867700103726067084958431233714068060303441400477220052752971077268672912399843145491856119622337381279408153620894368814456065586418251627365438772967141
98 231.9872352531802486037716685391978622054198339945624964847268238968307636748638911487555244303592434702476362601962779885980295556924816186811442966796410907066849365249001069619
99 233.6934041789083006407044947325697881795372277545658363630148087389401547012485473629419972853224698896311022820825229267522447301324494717340819884986676410242516761258606472859
100 236.5242296658162058024755079556629786895294952121891237009189609878191503842923328262614446040651740158273156783713119081258346660265142723427442710559412695531311686041161208386
101 237.7698204809252040032366259263871077941606193521160613068314418805549627246351560304929247505639429650220518321503562472705931035326251563930120710751838690618003784667724548553
102 239.5554775733276287402689320343344924817083183267061622313512084297539423001199026914626574541946743444183615536893159868754334233257732120112482653017502624722608983731697573686
103 241.0491577962165864128379214103356705496456828447220938453198673641284747685280160723861032680039356500705031467804679376698279282985744063237428202437924698105224750060002657369
104 242.8232719342226000168264744588785499539405437676149323831693082575287402605378973831174125968060323784394906722546820344030772195492555809770804573970709960949640835045828119077
105 244.0708984970781582368165279898445013471001907167703274568696407749225624144610441573951381215872438432127875432896169012052758113458476981870431507855751433591598718413245292530
106 247.1369900748974994675509681792081322678646420096271811990154300001361393282040295212922082063437922236383572238393335992554280195652045765339350601040949970677657364005723804485
107 248.1019900601484592567621420846569973558103812584433191621944824111581203800558082266457654881310150410448807217578038596871882070312358624504984751029557392972182728555973022481
108 249.5736896447072091923297941887399703426111306826707392088994942266529141147954932542759772377083372866674692960427289510188615638904216987842665447471651375049148832593602704427
109 251.0149477950160011429541551037080481523267828315366461406531434635548761418374634408287240449331716613135519411665412936360166267178696291308606456159650113599837949113145510944
110 253.0699867479994771945990137856180909300871502496449734979183399875051034059670192459803154796492149995033178376594872313114860788253237198218578931802787711961778453594216426903
111 255.3062564549140227530864917940014231579100328149634187240983440069942717408005549463450441489245365032759932854194299581123520096477045857610838880385749942596252602573574528149
112 256.3807136944344777893583823397295308712166523900327496495530601782274037424435101821233785005622599831216611320591806722473528136085773396741638104826019220259092525317727206797
113 258.6104394915313682089830586447591316321944062849900858933504596262990349824526029906117530342121985720971286797254414039421691670665764013974720689241891200927016008911172276693
114 259.8744069896780003506728446138765926661984814645702182272247269985055273556930948489337503104806908098023575881228113446222751540073620028753104286843999991145993192729768710428
115 260.8050845045968701859312334724645480349389538724254999334599748651406046280301149457525117427132579779907068725559114948761050025244815207183288113310577798386920593691444653530
116 263.5738939048701322330815881310233031703142194369938952839723013987322079839691234018139698089565793019037956605970114277955551820856904802828892339778672567647537617002737459973
117 265.5578518388763202924773089641849146410049861524847538189722214347285786216166623933881774576373451989927190078253141013842701266625534615894471807750005276916607973324343721969
118 266.6149737815010724957201129738679118066359571871701135341288744645978495659619429377524145570137403950148194865923755943225398717108257975756156803463770049934760168026229771356
119 267.9219150828240594403789671721856183742925681432827237930168175823254464777908939825720629458478812351973518235843057092995992725534312132667183599431554193911121120897516870690
120 269.9704490239976025946935053188984796629269052880563081538015745120455534491319020064564212251943831583601569117503747666967387864164033870189518135934565868766777371059272474327
121 271.4940556416449990181794167575228506935435195629904894646334008707556320209834610343061934313449548317205907446780381594495307896880815008899882933460520609733286715152363224768
122 273.4596091884032870457142502988017729228400996770935242890788953884640882249734600376777309167322255063840850804643790935064296294287535039587817541730123175801534370566219602182
123 275.5874926493438412487407026193777848264475285972284313062840970587901889327581116265267498077383330758638229103310907713775988513040636694177326431253764056716809748817489565597
124 276.4520495031329386798873436383992419480799666809988619852073123318804309955454466195950560789243709849726418595563153687728852099919971505693331198237702285202832206423386233150
125 278.2507435298419544927482767113162589261179006558867409519030470703246573509996294038352804450226815371514719289636106196512294573867598608596375475442155348748815448800353695016
126 279.2292509277451892284098804519553592834926374055612935947270093713273192919963050788168225781935792686877678968886405422087795532125499422252139910694876979328440984452828220256
127 282.4651147650520962330272011865010242055068362803458173593362143154106915326843545306335214471982426790636538300501669772230295555026208816529547991679429831904659447484185171159
128 283.2111857332338674204938379433289382984556848789586339452455224472394605337920502663030502133072628290736766394296513986539241916903300052081747373615548816611950267273085997395
129 284.8359639809047241331576339226962164631428279283119180896135431963003431790403721101203970696897930078257804294728649438444521037425995048445662931552097267832674918027956976480
130 286.6674453630028842928476241464149393438682262827778079774807533704180659322927603932366794797983494997461473227527620962112101623917542533983348533599721618113670737233401768455
131 287.9119205014221871552541202718675103854614194405706585451090262352755633078870662810418495771944157410877553370256650487526246774561573337464218882215820306574747347397356523923
132 289.5798549292188341527380235693523438896694983629425506965314403955489375780919248202147679752802748990317279686729996353259660083617288095871673046280688457933945013228189136935
133 291.8462913290673958355130544246385118828206355999821355456918257742958961906622986952757361924962901344428605646814140644839519375256575147600011386145586339842996650458331355354
134 293.5584341393562853567766971060350773437988343564709539283129209985692056448918210776268738059363372198631639376283748114451186269797056508828796343249171747397126479047328995094
135 294.9653696192655421750664486390096713430554458825506162234466499355121136681301986922063391197424212507814112522992901589748399124153504384536806116987939346951202279259331022219
136 295.5732548789582923884608314587786106372851571106302226643887919847629944879763747391377799241960109733640561027777317252584432781949178867407401047457950675924697834987883088458
137 297.9792770619434152099296829576828341810570971897989125018704723879459664466276021899860378225687237729774967542039385615637301021599068391168316461006964203764231127781126151437
138 299.8403260537213129600270525252937692542155700643429835609888756287818390800959759914890303648416501191275764414045865650098896185171063378319059060176878502709163913888389261271
139 301.6493254621941836234701002084179820811056100935232946172922740696807922704232086090422079142338375685892225360376723042272740689188878149928089807525375868937635386475642194258
140 302.6967495896069170517514770953529227629358204116814979441703373179985150468163637422643049492385903514246939842334633727522329616227854440737918558223676059189647500117459381354
141 304.8643713408572977001487499031444995925869458382419460603898577963854765916502167028017666147098980401235327280408344781763586396446996636886887283973898529568716011758778236625
142 305.7289126020368092892228212616609672569631595790823756315636025561067287247296419742064233733456748965662189727236149230047182639151584804310160945662990780192269414400836924925
143 307.2194961281700547894100333999345022674338482784228390897050714445782641218872054089898995108790080549148562256922152718436228014582385149462688478173279833655629482981779819659
144 310.1094631467018988047862197679989458347630131815328864783762523111188816406114285523056919809745778457855422131554797392450468277459220050033176897949554562857869137850812956919
145 311.1651415303560032709426708003548198991888049397038686244659142440834943647873990240803172186839508529138787619084914503617274899580267179631377225174655589098884110720496877445
146 312.4278011806008919804859830928742637628539400931529185079528355169101351902275409161970769985877511264152258726705259835547556026693075541262124309891177158740783876331120923171
147 313.9852857311589229790489657545763285680249815751541660300997804480506011924255638524991569437905445338240349708644605955343593211375797250593170687672827868292543889383940516854
148 315.4756160894757338685960781439537653357746976309896447059755587548757699827154722229612361678286653018176087656801959811453084847377119981463928930263629948391054877925453220574
149 317.7348059423701803956454942049681140152427405851479514484590875742962070061118549239976058287365369381626423351349645095520153210302640255280379398610195613515412619618763405814
150 318.8531042563165979066891845477491822030131024108853847068613780460259672475398213404235009621987895715320432479617044009368730729382849979987752260412247232881017127322432874054
151 321.1601343091135782919214714174306940297526627982922748382011805299331997277757746819447681102097526155752355887708255032865391995350280524661598002033030034195451562092088989217
152 322.1445586724829322988374450059885492603719802086144653948039863104033710775894759630189897983069683770086051671267900625935099204606310334362924737480172399080572774998786244887
153 323.4669695575120505062120304147951633567630871776945615656301938594785783282274278409201688229002268463650698606195381234624150171170916546288374679785395605800592325867623124366
154 324.8628660517396132649800869954004099198045210515331918057819497379802303529394320865505231101722964027485403080583492128777486764528093012374498931671595213540683833241924734137
155 327.4439012619054573434692638163207033566943482557319518745702164355093850032694293549970048204920825290757683476355738588623959551311681900888057089648480707416277715745718478824
156 329.0330716804809340336147275768039462036928256044214365466852316723285540425807418301734803016438031049294449692293141710902823690037170974721118554486507658211476275278424489822
157 329.9532397282338663438921221886314660583239216389489575391317605677111192949212377356820782607459975837350300041033262303328241868617870615737386551155124867247862606511283034989
158 331.4744675826634243756617538663448279232176003135119026934491465091536736403339623963140452307679318565548199067324083491698299105649734032825981033067413602342121155854201779473
159 333.6453785248698505849616830808794253808678264358918016145209524735906902287297993501123738601324008222625820188598885113365118005661246080324313280857713598752775138001176810397
160 334.2113548332443832324034079591924931541872770220014207220864647202036930516630674788642488241364422891934542880992746752461036040774711855164684854936164278823592004093611740612
161 336.8418504283906847946547629194118860072083685606284342220406302057737277225247020792632705309257544188238107579010065376520563258911263450641802433486466117187068016981472425117
162 338.3399928508066118862573260871632033909176435633470984759368202250461277511698095319628728564688263448437064705828032247340298750462303692877216483178270870741305139298234165499
163 339.8582167253635401923265509308739971831970442497694933054267133325402443702779841913344289562103552369012359868429019536295765667146126635378577926631061503553052551021131346136
164 341.0422611110465604825977845985369171873376474707372276085850636924678418553379279545840629081755526609966260662970362216337728748469421438105278374005247211150594893202793410089
165 342.0548775103635854514038250940980567151869306653954857775442116776774081037431039239733990096527012507585022857168049917316671270973385579184347261814604027531915112560505787421
166 344.6617029402523370441811880981991857827152424028149285132872771496674258457996340764585330857482879997909100863720518476251559766378547504478166716026672726025044570696159963659
167 346.3478705660099473959364598161519338981967354434628998677339718656050066135882605508351531266729862488449082122002977584931602605232498921546343360179217067708429821034775139329
168 347.2726775844204844757970948880699796760809284568555738032254756216951080667269638864305987542382220510647357304558920426361958342727469868848533539273645306597387089619149132392
169 349.3162608706961441231555557339937213360889055622388562616945534668550367286498408714275720672033683765058947011193822060072091566278442639940219637715559899325833125832552346135
170 350.4084193491920991876719532344872344696458736643310225421271428964062526490495918146537501873645150178790017147759270094096008920316529899855131140056801828026912414087230274903
171 351.8786490253592804367133930765969327299303196695854376618955973581311215090814501930950378355122771781764401967778539022268333621271996652937947611635525257043250623364997969960
172 353.4889004887188067836037686094353184133432651298926331473783030482664395993802112954070336223903818381773738356523402963312385941903212761678622950727944498602454113276204638998
173 356.0175749772649473179603619607664426757144455471938735394356567382238826656473557716162622399478483446047587466587602168949022199223588143950249076997057762701339863801307343586
174 357.1513022520396248096029282322903566117570811851179459374966363636690029181821178138914309422426417313435798600561395736341329111549403781874457980193382536507117102055389733186
175 357.9526851016322737551289189827774428234663847141383036423990544692008936861360024728528117352461381031661926036126021166532750201565503140752251256438347542586112751801556149317
176 359.7437549531144487992919859769902954053737457612974318680727123072156931626287015134087839120872802229317889835826552505886742592597047964884429549539894799027245239897647932247
177 361.2893616958046503902913112277152281908759416379958331525113126450559972908761458205232400801527498386957565370709661417929735768052879310908545464854601510502751104649958795035
178 363.3313305789738347473344495666147312700352457587547291133896384048670795018633214519263281090495543753852620362982043507200095209617331445495733015274172845078481521240707526705
179 364.7360241140889937162621021269404000172023003056899668333074619683988790873543459289822881014244103286763799565927356381687940169280027272227485808333008893664234288264323331666
180 366.2127102883313168610771451968065741791093753798606134952233588216239946625159125473653022091012940616926479233357022923584545835722750917146504107579975538894024994063571004836
181 367.9935754817403033261832980442078463990248820185165458645024749307036071563237623648324622190853097825431696038805530619679663428400090598705186018353455240928101109026846342696
182 368.9684380957343898915769012998919106381944137807110116946614251804733055665250872451483924260659709388075018350783715615075200443179398506977529041670117616348912430379095174890
183 370.0509192121060003396511630612666114224665939337687329815250049709284599174122605950846492100249119946177439394288098474271149032670257999459130863931580121013645710149034054978
184 373.0619283721128384491193964312853919029417727423128019637113491853331115200997282269133851791511721733386068705924942054302715420030049387128567597944437937881060739119041435794
185 373.8648739109085697447563627336594609496785079222636118213460474809123152100700550474341817868781786498935522644979673513551857167222639667472132730029165898889909530747532976143
186 375.8259127667393341079077141466930257529296666743552032021670294307139081898455608322775617015967378756586058328952779080839489574268800681937629907097461142589472024424497912679
187 376.3240922306680521171908196124275796129620266849760870775656942394187603267012789761528788434804175785896105240023438169372906516788665209444806297676388781042390150594434591849
188 378.4366802499654797240909659132035205563165309387578428883037380299750057348291129072035547625976054860809976809222796937206955728783585598922425136263427256112059163723612320468
189 379.8729753465323466510240596904462715681091569680418565825581226548885506160924931759480266387798615542360378667859559849738419495552891641648025868049039893408804566349296363263
190 381.4844686171865249196625224236573953657991983850425874641695806866520008892189472101881035472499811063952836506414385293542678757805996113607671461490767516389382159120067114483
191 383.4435294495364877043457554807225369041993110565089568216000228430836331945926904672096236852434293159210446662528720075908924846673905400647373270033302145220967680879921551106
192 384.9561168148636871037515842087935133902709291501235425740601032010787742370715239068974196143237796943602594081950588959616102115580154642668441716228412266027984511946041462502
193 385.8613008459742291805619593598032576156118065610182590224335267947891611095470319771165464005477283063048140568610191131621382814663175935027759496261245295459289065899650926536
194 387.2228902223879809759485147381098140909640392967067843622395812052339108681011987010677631247606710224747553264292072421202449358221097912638859251528096228567298511333188908122
195 388.8461283542322546008094203003735580573554058579381614585952827262984621742783971732820784503978687622215243408783552680548762401050393710909059388111322803247624988927171995882
196 391.4560835636380457705782281225541347722258701140723162605379856417222589825785408419759364280277968435269338196117189980325860822744436555563697688219058423380223302866298255189
197 392.2450833395190967490151841709928805623621884451367419110641067520205870412469059379515553397940077227021265051925319141076108229961941586218998012010481012463440720031174008358
198 393.4277438444340259366989529201288699204929289203455465703439353585103243735424721637290985633760167323753453495579324456217233941976404224490177785080021517388480956068788606615
199 395.5828700109937209708777113231416421360702439103567839924117372315221293752397209219035569512914748386145150626318715260372891247784259311968615499728281639081723228889148968087
200 396.3818542225921869319994544917305290637615996881021233435172895814827165919317612512791996657064138863600878500633519095002943767707164191968280088894217028460746567899590019497
201 397.9187362096142433869811797107986838044834012911820622459029271077257668173365893351997724155864253412212528519091821173979591686047428722432242685807646230742258757312582487892
202 399.9851198761948995059172998682896457706389099613931280089378617723041560250043826913942220742009029865726327268076465397195441994007583732808286903870490343148884633105589951360
203 401.8392286005332165399113043782872307264004003932594959901243749095286297838015760259894554689806890935018519532422840989556541582661599587753593289484453983573183320990596360626
204 402.8619177638861141763154430960396346968940414771052450109007428604907068657257398984683729525487390133186606860402172827351920723713055103493178141881603592262254643163469333087
205 404.2364418002080047402277995635276901961405867520480836983086403092271390401311128751557585929355265812463723326852028443600195734653450048345463062237683020776437080779843293314
206 405.1343874599099272574862680254167361627560584770203153390414192187691233552950671016157172052533978616134399346949127763622505411279020863245279055839568863005298903827298231069
207 407.5814603868961820763090011813905376405061449745096807792634629402554467908328652379904615106677577711579177779572568501653075465948245372729307732152804398379600936565557384745
208 408.9472455023511125196340397641579017956228917491911145520298200225440578583160241860244808929975335314279305952743102048525634941780874752984196078987980584614466546398488850562
209 410.5138691933666386467691052848671877896927072982703514640609026560629791916374448730234727068759227545273250006415250265111503950771525196194014304096946763536855631973215027333
210 411.9722678042787506646402985072729174075391250852942828546746487446003758264854816457656374044477662606214430478819368462779355426550066276720010627984586275298617956360748545500
211 413.2627360701850468862570593177290908706485585111708956734732166232033923124434948980012290746765571915527160484911818557114510257924629885862415473161742859054313343144875813707
212 415.0188097551551156463192114628172215098815107035936631185258041486121966780875939570783787592767895616133597884075210220105409304828161874464461434678545822982600041854397495597
213 415.4552149962945988571287824866698249316930172079539580419901748166549015936588477863625753633776217624176691433245532033891791619907604302896730791657339520605451347603254359786
214 418.3877057895347792260457230995547988241724091779246944852076203811655162963348244533511548798658681992176232638402804198322649572211684085562862884090791409893999548628060013547
215 419.8613648181523236878523091383828173933301690160615829575489773787480253574097362983252162145340468070404701431799762975430378997735730933191800383131246310973117514832099088032
216 420.6438276250417862679746529850004807024575190217891369002499813481673313790353548651632651368444031409312545844276780281457332446699380356168117950423356926237542401022111951768
217 422.0767100588267596298406654493813752742459181757779026020026414660064968544877647281464633738063768397445100125252119860424763604825134187983597751184452460922831254712325047612
218 423.7165796274818186105628747317660741892627935203699366424578907754287231252688211518173780698221651615664488779790932805065296836127642739890070987074344418670231812538483752573
219 425.0698824944613476143746926491564313421041573038894290685679046286068049710371441830391374249897475967388730650905936501412133826836611929015053803893639295816208235537348901397
220 427.2088250840745805281429338857115983851914938064005079889123188737184161230166638304166252520742011456831799432374632773568545842757088019843708321105375435591338838993019203335
221 428.1279140766166821103050684863181593092609387757059590911141417877161351280936089627172029952516426296967032827089096215881508351944258050654543388594944957803317708333077159575
222 430.3287454309386366699269815418548626841535052931512869266014146883713207997722571159422630473128338259184500749575759844557888109477721542272764652610733124272034996752226960706
223 431.3013069307035920195051219275556810535188269161207184442166499808890068853586163572659382327449932757773787791277052572349909456656160905755540886139033198069679637148294553737
224 432.1386417345885683062532491089527169051394883350037350604201796762484079036683065723292701385135869951498915695724665358615734162419845566869370189272963136438943502483498536430
225 433.8892184809272253029466110507929024488762246241606722270148339956227259807805626891627136989803191839316785670946509359449163604099649783874583504539000898005130081338207443629
226 436.1610064326469840718015182623780379898712511634091397170183308285806170565393454075360338333942753711144645329988698911539713077129443176435717069276216052175842215373070992670
227 437.5816981676685811540131672333254594987901417883274662553827758519198781848350938655511671154644644967745884232053196846237275988968105941573756482684054890790594657898010759401
228 438.6217386562721962909150101371703956297830981123319542792637832505691845925055923359021225414296004432508833458883931009708570601179933943855891629304261050460765937460754952573
229 439.9184422143706564102217900270240392808328161895293052416939367114282698218457705248353292894569189706664893828357186606340745556420695818762319567824527553998653212686402284192
230 441.6831992011890238742044364991679930714193236470244422851691337819702425392056441849281032418946133216202266758171711833452687015276573092315268411292538231792522956521491672211
231 442.9045463026094494697231024127662020660871362661315095401479585212448958455539066525717119342684279841550392409176902919506427282192064433886612235717895514983688018040551843479
232 444.3193362775591559203057435397906209455873176446522684965700112005372138857122893382985340404164688785410463868426436256143114261006094270197190484488799674815515767528430571944
233 446.8606226964295225288608751807467431376816488206461817808877816060979973401874597164395162536525548553872516944781005244085474699685151510116271446093093348313584881972390223166
234 447.4417041944932900655269253036091597304806963688752113728403905766554621356817096817414659641068682626408771153637245401445883823642853190589542625604668120632542397960590319253
235 449.1485456850233047530235031347046500033357456480592956571627662168784508679336945222589316448527634025945099289719029250040084124896196859656820727674705769889319845641281240449
236 450.1269457803135240300457625287817055143907653968445998801083674786316186898922933407789171005946811916738527715606196720165611603200731224821034922658081420107018489306319201682
237 451.4033084453887954621132246313588112042099737478604558238292515951325032965722840086993737520539353306011465617838643062072055422157747877522821550297018392672312092520475954583
238 453.9867378066779160383668102940048583722412109712298887389848530501892185435490807237650902183941202431564873101701898834325773768163396854677516975027856047123938273585194198842
239 454.9746837686167888753094389512709459269949012972986344576273642805198888660739299298379467562678060947066878326733926114023892790550920540669418790167629128290365018834128589552
240 456.3284266892460512244998300630554834984574853181660132762067270830026985427422523452654843371995716406464956347388061122966870094174576723607091902199309543251084453300733019521
241 457.9038930641029715746993291717876450448952123069538097155787439431030108424782058791029038769262696350624202500566046463350171658300746650744188728790576272732899043409463389686
242 459.5134152811060117540099438020414053836133088527316055836796517363996146990673489760490416214241546530399158020542274317538899908302778358115097639246379331422414670864217031566
243 460.0879444221758412553302554282065462455235537778690136589767851269120041587859186210236834336295973508444307927599122523117285819864711990788665844855519706901957364739104591463
244 462.0653672748825309638309211456184620432278175540016403594801500468518128061913907548979743181638308039095305464691316023644013766879432200340409192174019284111070788713799089583
245 464.0572869105482845762460847836666759158326832884072584984967920487339887911672233736274751388524696677865157953130233788163893722479578296481848852141304211497503283502344897951
246 465.6715392113710945529666457439955288514947620585415724938215547844229366917475366561028654440586216749106436698881171103697299143605426037770067520999793181415061698111359889688
247 466.5702869308262551673921259522644120910202841789388069444195435164039551866555905905131296719630836742791040316463450137241142607079351751351025497265537902270300268350735315409
248 467.4390462102616388566450013844468423201725247116421231575429876371201605083026822905129987241079771503884877978974765351716155665354785743966439169120593996692320393916236256227
249 469.5360045591120321918190688291231656780034355662591509081021799282243879808451864518716059784175725347259602927162228995829130413674914493795304081594287348577614808856426902340
250 470.7736554781016476901188794544363535409288505091005510817557960587886307450745006253843512192021968108819719620849485515144837915431307126245707596517146003711141306316538191235
251 472.7991746619088166582979926817700031969730597548113646047006536982471110261013584684140740195883157445482382821817745730514858147941563357811364872344635288693017590790458053302
252 473.8352323451396870738054680233830436906615988550266960503324072290186726720649677385939822392463022574479574279914645978163825913882416850274421174374071723257836515689411038662
253 475.6003393693757856054288199236799250624055188122579567818527677097612881659981298923158211706360180966641293586530327325539047902832320769341743302523840120624658995472116067867
254 476.7690152374845208528486891954683119208876147843388686352587655114018671297061728518453474291558917585851180998233840183783137213680754431896929012417234536397405598473889448077
255 478.0752637666709691998727274049095143198804288048791501394211137162901534521981810262678017620969407397364720584826249066684859351005264932463560792265518440309097775333743124687
256 478.9421815346348265383171017670384840219042431096018955317442231968000429642609638054766288425840797993488229782651560034044198383658961620094869781852601640941387124164360980988
257 481.8303393762865613666813762850975980902030039193406975121798314665121278077531703565049663885182260827841837851099475957833929584188679376711849507806678348271584118961076670790
258 482.8347827909823973065569966763216464686967441687771079470219724593991819126188980488539584635293983465316125798427216072745240712286286137877837915203245575368550231944320213734
259 483.8514272124825375601882210846681276888895869665367017192141120671148556420311201478583402600599584191462762797488275375142708571797928031596602234769445033706484206701653094781
260 485.5391481293560069300254236580821172608064717497631543609760645865957190160713700027273903122265634867926037907401664848596083652268179579083878507777780586422003264246058058483
261 486.5287182616512443523675262699414994362279235223054021690829000852860947833953596742917111396770849266841806308777633556680722288400046503297743634617749233934458417751810701562
262 488.3805670900174485271114306648119221917671884604174263239785485366196427527719641108028845112072795446780270854805607099141336471774076957264826773759129306632222579984600186658
263 489.6617615779561315127809041749771049741692726839195108843590673638644993408927601377594176093164876591320580082065858367205369907306338830693807203030492893326430813258520353562
264 491.3988215936630065692133310085391280176338475247298966412947917403403043859033393620633683963550669196173051557403604529639598702804471040876051811141843787352329788875993877054
265 493.3144415817853009363606040432270822346867591725733552331941669527624525594863357870413826894622836566083664341539451331622766865314675779638977862947166512147967175907564523142
266 493.9579978053694649095830912868851519854124679883775233799364480181256908797097866463995582590522343672978187491565183649424397384363195078085866785651229768329109920809853001745
267 495.3588288221312774968341327371705982626412473979766525706478447507159123352181927481622924353115175254674617902635600485676130042559600038526065571521002424970814087564815071517
268 496.4296962157591034839189128160730204362200110113463451665029253402449169611369579983980566703345468888372436375598556607248354143740248379740505738106503465716833208044244162532
269 498.5807824296865420166750829124879051615614763330537666566234920510798380016752026725565774991707395497428702966795304889403748750059588760399924833018262947737281013541474623722
270 500.3090849416904955393093907251714464727048703696477708761820178599251394668513819167116502242226573941104965588039492041170956592122355885744335543504709856166222600051373826973
271 501.6044469651454776633325457628511745334193865509914446383032855458846313869349489586560887097992499314436143511405884797513519047433345839317045503722574102005669187440612503206
272 502.2762703271182331753995073338853425486517078388515620789363011197124387256292399690675329639582763379756214076962152219087773484380335177629345187861467520617143096454106413923
273 504.4997733134277371837912622283613891551488170669189554882785519796477954112613907461167428794810483632712032759186143893361772703221360695587789821589822656015271214891734164806
274 505.4152317422444420295521661092828553381144965130467259442211990287922428921180069536415425553131790182494071753699130926942852117861062720471867666531095742909951511576050187167
275 506.4641527095235312215260747806452307392696266923315448289620754840671600724034586447608681947046371256706031820261458324653589517612663880967338305470969867695912872663464893955
276 508.8007003364678208094696725081919993377055879971635072956548655553044003440996238340474629872421592439722658790633100516969929599113312799203723831939053607947258306750950652342
277 510.2642279436728344207795176547349251301712579292975577223957828916651009114726514983698381804387354681702117142223799067454237955168821755838052530113515107638694765018152697414
278 511.5622897003745954604549044865991255703126837090133156438080176514273233133855350269727527139321662903693920692266818206223116159311415885988430301080859078585303704741987225828
279 512.6231445314074186671012549434810340696111316815442286414527822993329206677380709734880921432359734355749060861336396595113865784878916327604958541285006182016102624596839887402
280 513.6689855554736834362441464179261088279518932101240154184767849152402635496720967474409026593011354065778142900046528831343479573781371729484080997069841892283318461122609526634
281 515.4350571672993772496768936729573107081880707594390408670826405395159186322195883195439590246540830857487798267920930136523813605944690202835924860809217519695794172923928361075
282 517.5896685724674253413579652869405488327920580070468410155375235209103529093218506047777685600421124450184340803973976377275258961953089514395085740375021929844456220890758689918
283 518.2342231475501435738582743734798206690624362874126022730811881636556611822172736709037153792001856156833626879937259952358208849951677308428655031334834475463571946136827820193
284 520.1063104117232559031961461342618580756224417242936150757517533529296796243987123690041215152196840293818496778601895530860971922721042299943878967019906419755462458734743411831
285 521.5251934494920409677323981631941412037869991380407444881784835589980351894907504856648553232884986473508555614096349812533034757835981925011883867597552438950218370286554628007
286 522.4566961777302104301444133225125081375879779338787693999967380262604606391414468399731957913130931873716182621953135006638565505546126338347303823902386381920322567442786632075
287 523.9605308920158404870075094809721025339642372281127116263276564128212553134722115013529996170166743051883382962710540653510772282133392611934334676133065382727870848740582474182
288 525.0773856872796221805912176301380448888493474841637838009715515475906685142858019771236968405023589784037289090916654662289038724576270426690002638756124932628736256016504190452
289 527.9036416012723452296172680711541204258584454830887052872969750756843287103148862224907867472410633731074212916366219151967943303325756670807606015909973120625144320223827532765
290 528.4062138522926589416088966473836426626831574106993451944416589751922239624210866963433327607700062468480242773364033247489838921816840097828320785555776797424472594125077725136
291 529.8062263187069007981639833015648293570416892424157507599898188353473169606668359633441126459835836579575790750680419802957031613235957784292027726631936759784406271670226075455
292 530.8669178839610896443874345148560701761107642405437011647056739485746798772457211090389807366287127982426824798953038144723108318093672533139875807595360534107491496897571608355
293 532.6881830282937305051264455691435684763102859886714032540813005162044883075729964538413770590494215145932743535443344549373801412381743452244841542604491527983561492861802083174
294 533.7796307537687325654825460231354727219181193602596665427539454953691819416779450872043755381948184023594309462480084755355234457055505929310139041530270261830326587010303045249
295 535.6643140758732246170461231822747146814444989450627835847086777973310245435517532832006160683774523937764764026870436082664605294312519048485624794681668987201308243376615633415
296 537.0697590831223275883897377535822680387266363867807336949838333094465713894955996155468705783427024430636066957883476176467588194556619843323982882130215842123817342807540416847
297 538.4285261762479628435009552397815667706387013592611445943858470991988716016605417880390925440489552942648730079646011777294956182738462553541060595783988679700736148928546030043
298 540.2131663762281333836456689899633509530240351819000097422677635084963376234530655596776801230040976423193623365020708351312369522641335528001301607570437417444358076906676009086
299 540.6313902472951173601280775991759340270480484546508683420653830601562706553937774409178894822695681620902191998410711926614457386647687472707074874621402257081307984223071754706
300 541.8474371212012815471191135089067366934151217531362918815149610894818333037232386015570384663563223989631338028659080266567387591869120177295636809825279032559439656870244510875
301 544.3238901010052629031213087557608362045030422788811584555272286678609088451684928176165270891393192309864032229381007483972923792477246634076529701172538390016141210119002630011
302 545.6368332489348182548554397944220515668303321352026563753590191593438631771757538797328910488566845842201789385733308503441582651207110957703032272644448351256214218996193817891
303 547.0109120581222924636558817931250716642595039148346574722958399845066478822022686033727945898378610955110560165432210781628976182862241006547393249383534618726464214815768501335
304 547.9316133644893383104511594261455575254387856862583185492927651555718509674788824857917290682335170391781771281011733800865695486556872687994811439252399016643402007123235618390
305 549.4975675626613784599847338797735699636243165581983859719848833775003105088984586577778555190542794773545291269529824280991250445298246485855129405089952604737529876857011600897
306 550.9700100394838890456572340569938864736303083838976872826677725672977795229660318444130162268791332241540437313744604077487290759643870326094991806004122572709406240930754126270
307 552.0495722005648927925767025455695696804273669079461933061000563210198963110179689434361738763468849928311528612438628368638568756930993013066711858398738741146348461901533747110
308 553.7649721191588146171497825920935557112036942525994871810912245024111996589448300122669954143129525955232059101403246304207999814443297383053209043498673147649371367040333008048
309 555.7920205616825084165732214853551893266975692007843190396446368227846400983877116495566079602507702079664982079947351163250429574460923282007339302271197431089949769086149331357
310 556.8994764068553512619642186561463744726163206157198628206778721467289583994072341072308554170675828621475661756158664971974284967764573284949889285551801966767980443266565915776
311 557.5646591720585284085239898743312777888183550324380946664861911446403196652040019739862979450283744974385791686591469598282976553669401634208121302754384027763218592095247582916
312 559.3162370286821637609351422402057889715675462279734989916163384582726309196210811339509460760306707639661982512609663053993078233132929460680809497333207833445523421048874935523
313 560.2408074972956682417932763588605198265861769182696357202339896205841085007799705249134470201323832326098991904615227416420565906657266552688780755901847784165455496731262230209
314 562.5592076160458511081379166953245362396410219587845221278352223152832955738087436849669820051901564191972307760119773913551955948935679469359285260340967145962138615764023491529
315 564.1608791107861178138795335004065286639356707397358788568576456345794305155859158774720502366407796450343362922474788561400934486637599525726406337374892375450023488956058000511
316 564.5060559381498351222459689389768405769101460905025944477899176750426095470630838894762245559271026856286752255234169487752909654864605090186663208651851684968869291657964334302
317 566.6987876828079562415122806672407263184360841829383481062322804756576202074380758933402742943070765879536975919913390743548312529749792285491230586196993972602006256897624321773
318 567.7317579011769374503347304935750646417994098954363666273434588090344383945982347542327726588052570356968329902026686607396032292393889129814616470243033556476180796414627627773
319 568.9239551796293684967534874168661517305692672058451213870454386997105155948216475476415159085560834243814655094714067910775368764446196643465624040006969359675286353951034880198
320 570.0511147824635920385270166013278688405116228028523895817413509173893636929893300496361111987012656420686360785338443456555656997722039208470133516978324588213589193622799544545
321 572.4199841324527640452769271073468621494904472556764949941958314045529521522907687580090646355360164643583759843401120074329515618374106578532283028860214107143569970023392336613
322 573.6146105267581299872460321096433009372268955953460264083800407811682662133274068714789407416709207207709998452902365078860496676333672541416472333451479520343121410462543784106
323 575.0938860144948856074571722821982078525842416128132366540682235192703632113537506911951649380600081309567807838818450335469624126494409456964278677684702115615820657718798374899
324 575.8072471409287807094293328944304438530370211159636572483196716578187452897104881224628396551990467081235473195198805888578688773819194212466325954727014150610341793802168789536
325 577.0390034720982112166370896877391892967593675792452559496388870925782466844264267079982965961822556080806104315068197928679886753904869507734104790302564770302990041753467495728
326 579.0988346720366074312843643289211001480335260569362142472696192535721740237150599252187686160419419212169465133613365558611975879419940166922024827331838924553030105630038432188
327 580.1369593623846286727162763480332000091685124531054084240717998369534033664390988056165627142241504808350447484175554255654662208223350340582127967575777484367803975591364784235
328 581.9465762659016255515061145447239567325105631265863771609095173471021104054176765817595766025935644865720610666517215161077401640915363775528331936487591273600321033090985768081
329 583.2360882191672782619605736494856620973896260695754667066801219852948220644193514705099126904638647019208602303074625552398129408633395211020416239565589656752539740397766667742
330 584.5617059034655283669458933934544668492262988745066830999851484148342844273294173655093394212257197137578371359018462663675237953376358867362645806320237379651239138686634008489
331 585.9845632049883005741872589855889908382940603005188425326814336077303338611091299286713085693864175438478944842085284242115143410506159516430930328217940825317503925613353195617
332 586.7427718912501556447718450873452208747120650651238796521856849512059436921615125778765189075033771125835764628050091087677235786907697196296564764897766255073762209507764513883
333 588.1396632662479564175542352704907852914657791841458356280738897145771909536272364783474308469028913696923223660491370100651859073927681166403299812875508493472180342903326909505
334 590.6603975167652756310320033102742748607780169122220301250303726326157944264726697144876737757066068571948442590238969151324378411129361333422937531450918622182020206230211166733
335 591.7258580650480566492224464727405581310046200372774611441934983248502817951822521974005810591801880374675596228123000403575180586977343431090337072489050099103952954332262612590
336 592.5713583002255698207727161203164743040651228125424481199919285492110963469913902028414406388871175398798609667881438431031616100597435334061763744259007460344722532019399228444
337 593.9747146822310292438051745093816262202033130469287889516332049893823383156301612655225243902125651109857811921676046234060474432575203310195110846683297017150125404170753116667
338 595.7281536973889491770209207328678044226635443999573214545342745564931795830797407278273930862195409116257842523805287124534288593956898137502181148596298538304660534393219025817
339 596.3627683283936840895790970704623562038409026126623159831922672421338173573840155997361067278046000923093349803514685567092482968090457601188145017245307854033895578546651294234
340 598.4930773461647544010635829361100508373840350793091153358930320780217895070720578081225458864986277228502670757520980244398769452130738033169575855507002461972734637867884565143
341 599.5456403643648539975153951444454102922072079692266451941894720356638661897100856862230673016394850270026312706265020927272207872637438001992771600941092104668274532695880196898
342 601.6021367359326360517381075959685084746646526170391179382042508977166997835963896998464511290928768989276589568305317968466867931470846209042522898067330570293082718371289017278
343 602.5791678863873542988227245428378184579544330231905812311569293007258726187830683480021708445095935010209623361563801358036731137691053746270829668734992392563803539865650253710
344 603.6256189035791606722439668574515542055260068273588801388067906387348216575307283411279059425171275591656473899929005457882154267147409916395470742039308858740275855669301449765
345 604.6162184937532329146396027886492375358110927557542460315149181865162402346251683874685550296339154647526912342286753186006201299447532063069298043996660861750048424863127601667
346 606.3834604221090410886743112398837452138691477048368556222286793384786619012246895931966588606125200990843527653860791813483602861662958919276203715916642330995325096919839816230
347 608.4132173111873251751267237571796712431902527279680052448065340578879708048261961256161032416230472386724911800272628408188462910142468862940537276979555338517759933419425732739
348 609.3895751547200805273238795478987678479711335164053877433710221679416409733164196930382122918402585755250296804517598828721391949983203305576776130632796594532067712766423606508
349 610.8391629377394069267025377677788327119041980908962280919078964855170362207496871303437919460268266593742169175594811363201240874698063828177854710610849146404926663163496417194
350 611.7742096208872046351683619726569669044785302977714968593519472634826666824784569012285669721989464769470580705956573052192715975436620773869484511036340809051518986117001018224
351 613.5997786756371194051864561859143033969164209055278595589426189367911002600452559522864194369723809047335355300733405548853832716425795745517829108660381976475111294218925395357
352 614.6462378722326215255530839876192350523025682612368424979747142203936669372194160558177492063909162826023084285810886465915325737428998003959394072389379473726576070303827824983
353 615.5385633694070278534742658956994743899713473545245792876851489671622394519410890928661131143953590044602132278321680189363374944914462264781823776244430872665095519464012513360
354 618.1128313664423733825402270245809263632634162053510905205423226248275615515197410899790648956588977213094312651300578732055987669344204962560900005730734681995723370082431418880
355 619.1844825979536342490281464243118123940438476569260765736285391988775157225459860740877452131139016704578389890321770432677790638204215392902969901292143528941369475236662753236
356 620.2728936722275219190855725947928964013973689586421821595519109524783787309242113264810755426709812281018109094715733727677643400123949029879519425116606399256656083051153523230
357 621.7092945279486229572986330608483718565110277500936218995146928331272982350038643215526286667932040564239230285838349387237497639476203516240234222504570316121377371029363740413
358 622.3750027397790092178815437791235226710345925267442965730261848387456172668296582431060157537561290596273286383269552294991403270019025970284944099130413740103046352477361302413
359 624.2699000181778808347729470387499738705369717175612474019612882429967527751602090949736594958568061400363374382303380360696389008995127230601686662026342100376785014002867408584
360 626.0192834276543821983362174058955599554267547236844184577450672156929948430313231695862762007807380883528723884255220581531241411671681219861484130702220601308625120980046512058
361 627.2683968507830207519976455963832975694997877342629621845830548345642887728745275583023070263997562274642256345653711559244017460501304355234217307846984335693302936765092263051
362 628.3258623594603619359438156651215358396159383165381467230942487763462543719192285479229695624057292131995736959929020060445275541654280570325555390641802535040309778800621597039
363 630.4738874382920458706065867763485498501039882690803294414793115133444978405600060093451175794512255988144453005418806962453605157118340211656675885827935833383522444076313658915
364 630.8057809271975326418717252481468868339872966895142610448413095113430371978569353252263980622246559035748518972331872900606606693691464101620011229729207373121054529897718040640
365 632.2251411671159519521547059296104684572850875387903633020932391734990300739900389563824152793897681781293666740864869768383874128170771039582859683939630092447495864378053532311
366 633.5468582522517774841971334587824592878743176371903772001185441788814907159465647640571150009679217102554774688054770705017908346936571664431648472259725823280834823231622756756
367 635.5238003106054538105255817511178906057917934070971917101159913964159727694320184362071228624155891496265081488323325551152359486964614319553255169559978510199098616864538764505
368 637.3971931598373071737480742879294782583276665776969413704893391718837229280249741914506749209869188736456581705792682919776697523838861197672332560907300341799359529595488004939
369 637.9255139808225810934288397165238950757165376988885958874950274710993212268784140155680264526511426287447155596073066460020683741448652115387131114364956800355686916827533703769
370 638.9279382668567701937726909213718621920993383850806115559504113664264133390457053095412506081951629331240076295301347241488868349307398629009989222809556313514981428037676904924
371 640.6947946688256676231875384986977952089734686153181804901102888576020283879455111327436981436974292027856413171553205823514700680993405761837726620367026658335777800007943721826
372 641.9454996657052945453785385532174111105338042769501681102896990000119016483916850472190544177657428273372694007518722416057604923245573606341261352574168046645734441632597627027
373 643.2788837813978893611433628033571052195160797961008852505802551713826644074567136582368446855113173024333391704595588696964077072767477230241283286075212542762531816799151984912
374 644.9905782297480025124437123246992586259388082118290481611909717812515683647971287424968016073494493602692008938736984820101242706654544950304054906558515044500153835146365732467
375 646.3481915955015920338809416216623765380938628622691263070795977024287756060757071522665820913396064987256266700286235569904132226846244204545836212473397982266802719707172400505
376 647.7617530042888837937668089522488501120481233185342286984802827286106840631794364531976883014402287082905439659672389792550606373537914429997757400861731917974201003755249618393
377 648.7864008887824407710801337694745983596301837538751197210809422270019238758610525924091470332888162613229391400804199905686696645994584768298753211874258851581575925276112050233
378 650.1975193452564590832538975923563235259593667887350082313469169454584695932834932457228288163085874337495300275984335683699912098202766486031626919859814186701700857991204862022
379 650.6686838913959825305606330546754916218259933615201404928267279375187705225607307894880680896608187008526788585742808735460819415350331471040660388410311569712814286716803106696
380 653.6495716053946919020868649594493271571138917368654610072077284908771366227398863693766556342401029394669462351452533508754728717458345678280071393835521816115925136547987133409
381 654.3019205863193422754706163229817421251126323183434448996040250739356523530278306275883782477682417638581850346532381213083203215706104253526148442407372364226697298264433179222
382 655.7094630223556363160267427503958042888772079409505035832876808432580463957401697991938281506718879123613719237303979709074639968887500855852658440002983121627553330165660741430
383 656.9640845994606174228698965857639277925683384798933001373795474196122444911559962151983674049727559441867941293732289681394973612120952619607895736387771054781679164332307014405
384 658.1756144186053997448798079092766458149471303611055684817773396975327748016676056009431174342519447268043829367068658799868717071162172489907012357720036211161151794804267350707
385 659.6638459729641078311651821460236355644041256150454173861141216599480268763418800999369257791128032421496787530492731177631701142657702649060721271330368787622413426745787587869
386 660.7167325952792700521588812518146850471600825277063347343836755724759599908176999349402628376831675242618680559384586744013102600388139351068867958845411591670220621711321883070
387 662.2965864311004106443782663918056390286198083601637407002339028337265220360220748329530079671074643162998581558053966003553064321650596126664685444072647848884214709248263477549
388 664.2446046522730134498902572614377278701879703954689453000428769489773570299912212998585880318588971580579362928257268089944489022061164809817057825204851897282253800892164242293
389 665.3427630955990405427881697925160182302373986082084970290987586569686188917210952144899089954447689733424796818925418798106778676561349602058644419585240354615473020370521148400
390 666.5151477041729605487750958192320428225976913154308152292814668980376344404508528621167669347511894817635811456689957387010515027161234809177717973634628839315010356519212928327
391 667.1484948945554299410692132745327359495003733906044424531602968863302760134964512061909046955861115322455889105532992870458759011045159372386810966944247786156463297840302611587
392 668.9758488202351314061922796622634288949080284765872837469261200953364081128389898206367517156991943484963053152017729484322089329645369746357741746098563857117662298988710578778
393 670.3235852058625840344295533172217584499111449513648677695378687392921570480032647155862931524137822045058980222058987211831562593072684260272250643454630608543717178570493441074
394 672.4581835841697341813650863351780057639051060231949012642177331540097466114768444811488220942652551444838916393031638002233931075681407709849993719494398733915849108168887580414
395 673.0435782861476457701310406513206000102613976045719337117360589637512442133483689121947110537480859075730848561725667200887056966242022378375620991610827338877665267068982082140
396 674.3558978101231678961563201060879009985466540591549265215998267692206372334675780157123959751061553151959657794589613114931776752171309356361072659200810771224940237965484500840
397 676.1396743636267482031781357143434305252539590508112150724667544784011829776787335588251772342958038633138833298198332833900053680377736901382211389399916217107943094937095951055
398 677.2301806687639732478547995696129323010906177581551427223780136911120984037037603944991559737706167092660628428920564395497566100166900248779390204253464224128147006564492850278
399 677.8004447462213349189387573932694714798229476847348163948951323182686120593366141106566890054390842822639235757699683051082592150632289737629991863751272738787043191627530317523
400 679.7421978825282177195259389112699953456135514159006657181556611898657316319754566028915830868163188690337389968963976207842865403541523417983524759624450733717299892265942665216
401 681.8949915331518891094524110813676572785628747535676515014118650284288236649716339150013265428492963754856825931133386245948587776639191433496825835651947666066673874969399557642
402 682.6027350197505454875408366448711890959347581415633118515070929345834425141126254184892879702751486848132005728848249865299863332512310184216131208886649253327820063698823133617
403 684.0135498138695052361941279587945196166636740231345865356057396114124116223017669756918173761194136269016656753940581802710095146273415125449755411757111472940726889412416224568
404 684.9726298620984525457366617383444132491921417468785373636514111252781757696757398978785677034804844282374297415128144743113270043840694945213013345974910353139240243534903740129
405 686.1632235877279496034730067113885153934335592524256274206821900541400908864348929977908099506244319327710081614349856277203419196569675675482432712457720468783961061925707921761
406 687.9615431847036484827963374896850355277617992654951579223298299622437291219876503511555418579295869995511312544074241844890741168163919764206265143225932659748612715930324012048
407 689.3689413622723684232551928251725509009178325292804174275151852530162651797699029078935996821657862767715331984677561275741973932034402454853123399126641276857112780817111015815
408 690.4747350323503976939430894539029717296733470969352167288479866508064549430275058491617133634401588832228101133015000937922571766392717245558102666951540845513387567738380761976
409 692.4516844155208488498466523650592814302625701053740028804438732742323349888378852907727508566621994388477979628675691720764941532208301665776793452291391918776226353652747196806
410 693.1769700606018248456230975080931819507129861193397669132041461155901719621296211482586806049995724592691339496890514595619344586933383857555885617658955258972690137128758553379
411 694.5339086998731400156307045419322244287006641721657633886653013561569974096825655099905211160357985714843301390361732292545207122697092481280192172508774209171722401609174173709
412 695.7263359209267301678014282277293398930253552703567738349057705102538712570091978803087145178011130381727462924053419210966930056950164784422586998161081397106208475304600167944
413 696.6260699003456149709028185195611050569366108662284525967447574487043339811416976019042729733723188262599173374315924640364450321892627501930581055269326591613056383966122698139
414 699.1320954760135067108161695879511643127669861970225474974561598251227631611572079052578054265039931668577769465535297068153644467990365582950192776605046114760029232537048477201
415 700.2967391321434945680121498441102318192168349885565234309052484167292082933644848215961609006453002106878517179896684010408974790262841802366662065631952256617991979195675600942
416 701.3017429546461556851739140394757438996196373505236195095637401725377133119504647470777950618808852093937236888684434532521076315324706311967487246718652088615991568155599514602
417 702.2273431457605001194353198103374079756447995208795031682084148652554555137021401246451493131908556246154124491603044377758550906188172447778981281098424956891972123995245364664
418 704.0338392955253093226530722958260039567271041044114046046564262688378006124980528519344551761773005551644220747334829965560985590169845229509442481654300074450708876734814996798
419 705.1258139546192276668674794394391429219986615548362239135108604115815226682046708874296766952407664068458196652726607999596709278638457660278728354835980537023963697747924813197
420 706.1846547995179190258109850160010872721132171933049982045659824178467264035473948883545020112724381515337648641803020040252989823601295867174267367881272112598086384267099699237
421 708.2690708851098999952690286396296491089709362699466840246940632216740654170387286216811912429267013998282299931524809358557392405446789450677330363877590147488771718718274165217
422 709.2295885702843007090346933035619523511751686726000586229444022320286847169676917551055941757162556425150033613173888258281480885545856544978437107061988412012259597965708865751
423 711.1302741796854315654748563903775977821925981610435919376862407791823399384341818467284169125057232484189218191822916791251656600400181987074996783983345458477190789888692489661
424 711.9002899143753120389150790532116044380003781649476080940711142182981327309960848931362321087700589337864670878913012601630330047333341586061685558679088233268954175790101902953
425 712.7493834701012902546105743672214999289924623663907807512855049481797765208982847757369141107731962456697722974975171457143092242673136354431130670543366241546263712248156299768
426 714.0827718206693930769245271659682672645407211597256949163344135009241972687581890467093190941606042121708403997037533750555711828516294807369892616339291681662876500818268773215
427 716.1123964540521101481820264759308803733066291079199117391001160261794553336845135172000189323830769893650260293146074015729317773612677224614621490870430473523795128960616233897
428 717.4825697031001907144418975793226977666341639703240626412528355507360401667554005475310611280308258419379172305822382502872200488506645991351696456047321389165139596878778647222
429 718.7427865454858939884491826849093718650484968044905903690149636240622770954239866817123018609222323475806862513519560739293584581101893495307944506957617328388607123327104595371
430 719.6971009883656651326909608975887306013403354144388503906252741885360295180630945073921506104421658957305226882111626659182616653177553659301957428464525048329855906636248559305
431 721.3511622185364171283861586963583429951943719888733027207307587065224549905417250366719870641205595806752841764733305274548898495989689991472939758143552934586957423881836151809
432 722.2775049756742373403761436601858125358697720616377397750388542571586660430188489445489412807687723734140860046591199358243742744329402874919318758731051211263138599645274915178
433 723.8458210451284155116719224036801895288105671661968526615836682778965308148560750959273364777425185382722935420194134191399038963164081495565936407689669883374250273658332205439
434 724.5626138903790795922462167714048513283601101229965159314970616525786506678977983000062564817867070490198908513570502514325969161020986142993505781088576336822372528595917284333
435 727.0564032300493816176484052778908547699431822087409707365521601112481217392348335706582795228659294702005801412862037966890937559903674207371675676155074219833365677066071373727
436 728.4054815889340600347443552329310256047873916111261088283995396342632777525131501097345242218250323348367380723327134201071877901659797292132576872121278302740071973900928952470
437 728.7587497956142685661306322733904860822472201406424279394386837407196662774212348853015747487655119892284176581627898265637883300836790092035931208307850082455723075827989327318
438 730.4164821227564347099440393543578466815454819675621591321501533414194024323850589779175836237104531888136355758007664865634911825732952490514227432065319012474260124629344155575
439 731.4173549185985250807493569602953020102425405372448327115527994688386646111624439290482968246743655807520594400618589399278855205386445896608428259951563680025173800175090935033
440 732.8180527144998492085675268877710173064980865827464816958636672581602274091158362523621542938722577859982120107002915558454792301306271522317442448361674144711074826130874279241
441 734.7896432523779942523125100034045480269960853222495727717941801291958918550768169156095201355012052366217837260317753266026611256847939224341298638321949394692623821370604436494
442 735.7654592085783210769321888052322980023932745688144558052008452472916120840685995152551056268207857893449736757767879127388160814394619509276371620021963116472493156538362106233
443 737.0529289122653080423105408769888194233587336940964372003936530978628616312211758801734214906477126582158348151485664787959943599443773937234968541200868076334240787396520218057
444 738.5804211713738225217054480917100442744900401008867206859704412855621305075956526835374094730638879306561426468789256011821023235583414100684291536657908845966882841978504150223
445 739.9095236740419440297009593878332515204296151062362004210082415516743655615357124660033128528934279814126126189690604711847342627956080262926823420961232934265789841053734675494
446 740.5738074472950105150359715971530713246649854054611948955598789193758787749550424162307926557075425606333703973636335771456703872983473482921796111000985405551297272385251874833
447 741.7573355729416732758611620027917081786788900380979614293502478654971969640977543467527415749479601521988370875841484427551773404172522637860564470174403107724576439564418809837
448 743.8950131424736593815501491978661352871504090996734623914848091852460688962238219908207379509503854773132470654078171064585005122554713304045482840694867924198972577490699555245
449 745.3449895506118743256405484835926302084400558341798773198357688673622500776944743605678491060924125628895521982418022859049260288131853867361068702170242270430142381211179596933
450 746.4993058994323295096050066186273798779676199763698313652104390995179718139053830321019409409577773038207616205420757431827908686489947408493329513087304193983784300251319150194
451 747.6745636242695283595693678729526649630433100168266388927838710853076028827855620261921867849488684453805768201885896881443580068233440975461008461578314691323954402552517597794
452 748.2427544650845478685032946989341215482362441674042698294988169614046638454058592013511071970308663983742215265402388595605929700909476537004169402684722346901101896724413087044
453 750.6559503621242998668074383702946266550683870062652388808934908442852610259907709980190827384984956319593988075835198278900131915178986589950137874974130293973889107810984977616
454 750.9663810666508372684584196954287854227862412909191242107045255822206186307697834255586040086416138822394442736165348552965180711988105427125530302641232812745693226798331603778
455 752.8876215672023747495077050031265589404171068961750552733499332998351790999149756125451315647207062968538167965259689798365006363492125162807651815167009693439485948507648027004
456 754.3223704717126726851030862505928143318041481116133656631083482726221283013953346807306178552027133528096803135777969773056395129884402288752332451216937158787633446725246631065
457 755.8393089760378298727924403700043879568033383942254473912031756101020314336871924088329678410274696975419820804602663399079657407798348786128437594621046861064954868645789810131
458 756.7682484399509307201332102347440342886600511991152919858173881317395890615408002304816770826011339309360395008347090163947055565480551209382937731274062654550913967732261556190
459 758.1017292464125834114897682910439904201685579659422764880802602539567957149768369921559804815711467086997745110870130562359634503118400646062993994718010695705479166574504339232
460 758.9002382248923747674353929054097564823612180336251570845313054549721310997771309273467852085248884228621208096681579073203330297989076827965321335747347420539677611948810940509
461 760.2823669835120645318696008621036996769860327153876953539441306527888804185214715502956609212733710910426833993199085066784704072172347627152741114702500261930826276710943944379
462 762.7000332496910547280689999085766531655086463149879321464054423557246574214110523510339957714682348416530798417203898362904585248168932818125086713079480725603573285881329916207
463 763.5930661728372229969732471726643525444176077985911658972764859997039466292719632439057016277574417780387507997062064846465791899876821857009849652049363311372246319011752683047
464 764.3075227241802217362512258255529837254657080708051425327289895893251771786369692188560687240431535662959187614698923649233230694919771565029295464997020427709066197173900673666
465 766.0875400998362053944224648269211253503997471980630058705299469720312363457327679355215864605605173945219268312308193468012052053998906227199476503509281819661237199934666157643
466 767.2184721555395140824994101624042648771724861213858289530011555090926579824964072227802165240272674887275456544401587820704649153105179159313646158478772046287739808627279008376
467 768.2814618065092308234566650262148983278438040563600723743952582524330661620685717863181246592021047081386366890634384710409213668831537517700863341598201250848937321187984111563
468 769.6934072526244243250066549104190546809066595209522296391578335554617305214563361796730434602133397432706796394447407665033866222542644926459534659593279859421937433811392866212
469 771.0708393136783163211872219161192892494852384724220006388085424347217917880618019041554069014414062314520980996566142132809185927459633659126726833997574536840642327851989748158
470 772.9616175657570243378291659452684096708419036485671573625696901439987350746939943390972192031696320798894476700938015821205965570652594864504821081194153305017168842966855160744
471 774.1177446279405074021419093965571889946487430569237012925465120029249318338087697878046906234665989294483706925793655458644638009258082906040902182763327078061789491052647859005
472 775.0478470965805080500169929692055606518162999991490756857004049941099469050972231480989482489978400458981953149053281301775570791810000947137976962527642243594663528858168475984
473 775.9997119631714424777315826030311980589672465659666541689901000014465923997215472731051044189145722110955210445686858155176614059568657869159812823568956318658751621194159249168
474 777.2997485295925648165109770628749904340678302348469500278216106878557158664407209526904365672925855914231730089516984994216516250253920947259653302654569228989265651818483972651
475 779.1570769491890040639245377421199240695199532843846718749856010868444280821189309932812941930853573601485803086139479478044923213600278991784771756032996510070314567657687851158
476 780.3489250041816705381277835507949869521751802878063742342948802100308788339648112264570697949413407651966134536792327779801096257626540926082194908667216097567046702634884199250
477 782.1376643908120947543176873277865651751334937147270099256078003524696514854274310625188156434656795798562085421856784009295103134575022698107665332295781480597603357129121025586
478 782.5979439460735398661665057440929308298973777486838939715761741565466894733881345821845164119969219235479329450748674928721919919177910290345787167956731252913142333727680953072
479 784.2888226124655014631460996657758202878745554382808312949527073200542486510103263320667891324485880232325963201504054374818986096513487839758814585023866509845612347966632956858
480 785.7390897007150518406461877690786943018416507364819780244430870685670062554023414788832114209935678802090454159890954229408929926984625924767367364408169807583993224231380164321
481 786.4611474505062774598967874968784726833296965893366169608710103310251968930887750722460187109106125579702986321628740499387785667564675614040941326093139905002531967832597497154
482 787.4684638159100383814734996230300369640051173600739284500324123657333644175991009572757338009160498005283138356260686556919772906386887368835994686482985237459621928823798997684
483 790.0590923641195642949460032546819337543902570914035204677714585822604495895235775304372625594447082086577421501448796331686146663252963951518741346664583415164812906477235783036
484 790.8316204679210350190829313947982637224527779057020874321327491859235366195413282178668291216409203683512713325626496846972619504113597791654167099733948524824641429995495090136
485 792.4277076086045268663910701891214127956080021575341479835741146226228200694537439344301366072068965943380808777338632680555141212707222426990336837232887881659202790440590106199
486 792.8886525626225880422427532063530827860524952191537518502703697580741441568486905904254463343971551499392170642249975050628491847825821267564960273358565793086413974272502299206
487 794.4837918698931644813183752774461914190553029493126840918151547285910468206278751152060812420897922881416465661108215569028486608063101767414864993957355077279570787494398004000
488 795.6065961561624126279125580477651131218225783150963672076253194731075402245008913496716133006687425523547617460326632248275189243717144265834147125219299473549971292339128185593
489 797.2634700380355849161917045774173894746732756319514068119093908411848466704501918262028046373128613576856696859893203829941496156096295283403075778832213164872450745152438272936
490 798.7075701662962113096919534217282742101517705501196721861999802730527292175176628133012670235172238011744631191072221410998454459592552296709627613789299749104349648155001082635
491 799.6543362108976327728268906635375367826388158572041324424923713862681519329120421738879206124565915484117103031274845109290583049373436951816865755184798570741054236407932094505
492 801.6042464629820559666766161424372984839938314263873385611599250868585002197376762916137660910150481408345445100205646793305784240695871464826193113475874219806956822734441667123
493 802.5419848784181496624171410589680861263306715767119913848917210732258752807443510282852446850805106725695049343186684420252482361208491798358334763506653761730214893596711633526
494 803.2430962042701941902262290538203014260725522931696490402698814509465970039659800533811821835699746740065564484106778238063098997592559065272434484398274947283848241938714273706
495 804.7622391126617639515957839630378364378895441534575352602139889142844662975175719450874134379212932871018671505592373580336007416545143151027190961888381659559542592869691800192
496 805.8616356670948028368031915427265304326892551615302332281367475368397717800497150532593384146955211931475734952790302473901996530826934941398430055534768468167049997356333639590
497 808.1518149359937473923558585809423471962475758876650488946454559084618705871428197154701517064462972049704329959017963835689251880626732201961866221705176120929704402300396791266
498 809.1977833633007103877196047950183957500845467501961073322560098136237886627262494537098812853789191604899744674417472308455426499127135527179042633306504647294853320475694332129
499 810.0818048864070998915247299014713895479007917657797051895013188880406727933466131128701538043234966036851255448666932447966335827790875922201418472810479813100942139017281005359
500 811.1843588465062603378843274648800220770345396309940477039064906266726161937537551387663130455418408667089950820835662254382746361408922557428904076572997526791449847116736617588
501 812.7711083891093427198012886623248440905464632053855373778757809905450175274154259935872598181670444937265156108219410341748002947353392043102550996918729446296456456763006184272
502 814.0459136075109935019676007807201737932994001373455280486623300537752203762768824577844434942066173030158603503598657650256337543144706533986545178982286317949092336392831106478
503 814.8705396258725677840196869567854134266570546908545228292954112685200404638944843550262075764383581468937091942945727504095470093976644687066715980972822826477315750393592105423
504 816.7277377143947163165025748377240914351567832033862386899991258645484510407257351278093624155765561909176132718639160947860994583949136927728896119495016103246589124458068787604
505 818.3806688663616765115867750263053481087180806415320474528530859410717761735603309754464826435609839515197345567799602758791958803927159830022864464001782805976620588570379733096
506 819.2046421708238626058240388463376495499276190726535603664247089396144717807666950820853895360931533750794801331832291735564942051012193763322537400446714308773144181709585273331
507 820.7218984438692874664310218234591910171127839383699476238124827325182364236223383490426256849232815687059181198423603656581989821972725584180060867823579340170939830878641596619
508 821.7134541333794018098760344649677261230396404995102818141491741607088211613672859154601309315302503419240635618109180398751975354800298048747050361170987247298610450804584574683
509 822.1977574934042771435818555860501844193151340092368384814105627984842191976936620331593734329282621371160803449305486535920169642377544810699687325982281981694002059921019992196
510 824.5262938716297481637664849284594397265791929417637672111520718251334281899217750084078169035126827612066685646742309223913366847790194202235693522388178898766943511330737872827
511 826.0392873765743835480141635332204202663631849653562663406618161772217132931638267327933851155188429591941249397343480034261612804019379169816156795510455414522164648442173334624
512 826.9058109540807719796644509134941379920938463215759541736920400590372011978370466083663227265448599933528199497113640017093872243756101593386337282229298225860892901974145914608
513 828.3401743004899003705042150759218369303215603014212623048430682134340763972229390768433178017644490718179428526448090662213457637891224445853468063027977658020749700167897937318
514 829.4370109683093336230475914923186095013042142230168520814489833744397343958124200062478717808945663027825310830599693219033800017127618496389553165972521965140566493255610799246
515 830.8958840533174007300786176111416203111348662694134232356253877750084660967480932299522572092783165503217451324590305934996008127170282248107077536016756074741774722209205951662
516 831.7997776590705830743246083728402449437421628952982347545592178924609656888110381130808604216372435234074996666366388875544310134889396637948785963052502304631623329469077970716
517 833.0036409091541995383112542079931934210971439029637362750295009008189958806445710021230854206110112151770917355443754302797165670391424651479206961332612830060338002025983880049
518 834.6519151478255758073453398760137774166090579772743305362123794883534161555024588482116886640576153425165751719688836200345085317809713377296253733577281689060166089962632719966
519 836.6935761875918671688703407591464620759362869428054070769318739334682307441756150438326408023560867955516272344876345107667554994662910512844061256234401903195404339938418242163
520 837.3473350595315147674864163157214714454593880328751456384486529342737233103002278877986263511350370186633221962128951592794709334769913700602098404093135457650396049030256105590
521 838.2490219927321458365470959116261341279400322685466348260467730795772043174802031617669850191696163854812581528906391651645756471713751825804936535975944694450235797191701552616
522 839.4653948102824755503103022001162898350837153825541555246062373074220349953220258279863729116742959963889219676374963676986257075358765818102300041515569867515142345550209893593
523 841.0363898290134237244114847180076692465639739923366027029830369204675932844232835262053836279909346727456340289281127046856873047479382472471018601652659573705441967076234654393
524 842.0413542065263713333676992002025190964454882490570857366538624867131546637248921073249864138936430280131403986601175745828555476671822041265322265214621950177253259456382261806
525 844.1661966073507688213461011256678093742903188711278366765500865536222011939220948410117534202570137594693506270552833279206625559636295163245181907156959627143585099431549451563
526 844.8059939757637268812847766496365778052441001648556156790036642887490737369752772572606853088990940574623085469607074731262105593777214150612358813279235546542212166897712968389
527 846.1947699276939977636625185399766128278509048616119735695400581954934364141791230357804752509688073787999524282920251579330423763647017291273566497815502087045038136624462877496
528 847.9717176395120066363275847853761590192923395028056450759425170389010991401689835767865245477089955351186426724008531367075745389122475490132705475689705270964116809594923805791
529 848.4892811809435238248867303347245780488052737128598007821877331808143571677799691365349735477842387888890633368293736895494243843371441717330770278312343048711479911768416792051
530 849.8622743486978262643447147077563722259528472505921268236672450351834182670501070398707280292437933783782452449782586257077283447872288291493388785998489931905215806833585536777
531 850.6454484660040923782420481876587276522636897959236939282201266062425914770168292820379438855341088840248818179587668092176680098871213633890823045566390880762092367835007637099
532 853.1631125833891553258394720712667528806346562613714577455574151852552894886252405508957253990045124653955087219799644937357792413038108979746594150760465333655043883158001386375
533 854.0955117198690586200182216321021631242995180507802714385636294504548667881776965702807799497721580470327441083242720207324411965545493263931013350737861845491300739786047968895
534 855.2867102444049363482284375706015072465580008806031229785525142332755733569471393284308980348517880315739638924768450443472829631179016044028811009323775387367055261967415897643
535 856.4841174907916628540349249015969131399465566321969107861192067839905968472098539984623202337165129461850067123406432846638252263859612628912438359972792292287736109683370576842
536 857.3107406026038260329642299559945671772110931825238632833254850003098245093088213951181061712721663504879295838144974937673261241003012974535035233169646058500598319142705388128
537 858.9040264664756944128295737207587936244271334498453610809996423833252409258300148739732448701159590845280108878933899366784034290050571586503933577455375265721511131671149626264
538 860.4106708960146707515941401463273468470934477217644726370532007736537917278529896461620515404897396232844052784972921638487268102313205989042250036240634515774008580660393428443
539 861.1710982127153376059751104011421512195156410432512282203118643182227107486058032395353098943352125102907434400384846579031814370567509820269859401248672235309653711757709393144
540 863.1897197719089342361101300657386633080512598600206136212901357774333621058422110608452941936204655501279273537031231213418165459606512363657648279673813527946040117125044397279
541 864.3408239300695408556874997652442471611619690420311636245026567291858635238828625950176401476475974474790369522221238945651505851018148506382859180478545695130235792576656935130
542 865.5946643265159653951068770753935384874536044249049138552096732381912901237572486565515654723724048223945230318989562023811915917418571141381178545815517400484229973661357808715
543 866.4237399040426414629795886579517650052719903959202247214928491131519976235361370913420523264064704898648939167073033341697512882107984402953948662194721823301501330427966615924
544 867.6931226117850062387685271073210703885678009706323132030970302287449149372182273257500412445256053653723203201768737265233486544185873900198254607318980543360506508379236207583
545 868.6704942291315966678382745745771830269497615706530162608611719479687110400039586335657547031067623083659950704279726510507271342420906416333712294278761746088500017951733073299
546 870.8469023257540162057952754540789157638655976085711258905679619802109300508384612123169708292336003476414611679542155189237338940379032979331821342013695850901519376126448243636
547 872.1887508216132077558732280816324633564581865443979792349835910078813023427330156660249151573651893572248035588302817425300433338027042505190590449706039869970635908531732816128
548 873.0989789712819814983254029572893901801390410298517948342481403441981473481644918199898278757310667121461374989541629657484583515230417673674292499282808931935375819376095605887
549 873.9083892353375304396299857718943933161086000759685581537308200930680176453863748145845225392171546320004604774076358790322103458152863795196957240420925408865306755508011055093
550 875.9852851087803223743924411967406922859929796094325479020767910849326181583186854250100752879554774225955797443677349805571808299349301503894694868193607390032545807014359206185
551 876.6008258330274423972431300190737114360317770541501537778489191805359277208237511540085785892361286516930288164060296468224525663887856973735165743520223986127759746738476322742
552 877.6546983410334751440220931383240381039533877631899919216659501140930216443739958154625073337589814399688245953372978180712837544252887852569914883325867903286647063773371562033
553 879.3809519697909824564618000720346278168760944108493948769205558017391444298597157448569958025454369814694939601840872997844791097935786140789398822672169271358214075015524990474
554 880.8346488479393902830322872519732530695568089521276810431425020162860943256590821671726578239725014094729748496461560835992975614306038257391218955096869117989819511518491993706
555 882.3866966271964612523846504327688117775366709349507248160429882892343420772137489415250697917298645257937647750658854348990060931674956392161609611630743364761063084579424767077
556 883.4303318387016456845683374364288626173826123182998150305784268116827607934748775233494982435511585342620158945074108055642397840150223312756423077115733091624412832546759841990
557 884.1987431145947269603842791542748722212603435725840177741710063387405365043404288831180409627036541740973432356093590179009010178110805616553864905777869042741289453270311522852
558 885.2723044796171270511980861006008665409925408110188003917609509790478224862312086525568127607519956238421142826295243114644475822361853529770745394097678996714220060814822926966
559 886.8528019629162983720333299469746123885473952995282412140718833029979661184232073692374696599818303373828914447050513615375833374939095510194052977805656179668083403160084247562
560 888.4755666738171947737263887488626380586103491649280249686853382501517489532406645406531604275324292486639390537026584646687178231449610553600181568459511383199950025870064565828
561 889.7352942940907370974121881431157148725867228244694389650586269751112821660315946303505413625640991073741549586230172691457204415592336364331214854773971588490568577922750527883
562 890.8131321125280636861959243066803894002386460637414355599933917025136639316056079635609601670888429166809129036542720466111626414916919664217171708433456475749147762488500947114
563 892.3864332601558693417409992792235681839554047498687352436164991486056545790215916251677482812236937027557427941397940954606102621693892079584775813313567202866022235171035169080
564 893.1191175672942583361755429374495252873343301837923623743326443713062781496312394569675505319187664294979711056275074486391770033250984733416905374306199650486020205840301776840
565 894.8862923208687161421929036033816748995080676819454056618760756570729947049271031422121183338257743806312032271201970298516858951339837108691130682715638692757836828121292154969
566 895.3979196747829650553968593945628156396640311580806788471326840442209063169664331513648674934891742075064731435259911001320855322732609377642884747807319639613637765224429991519
567 896.6322515562027200335265867207904134895295273985999481788035371269077574854852691217290001990640634725747405236307426942507747359798488263378921993675828847112735389692474950316
568 899.2215226683834193900956439398532345143207881155826229410829220252752396924733560296981895858180307805382500746402171189997932176017148424944553708793862760644275600851355198419
569 899.8588846079374834442658553117030595878956986082293204102966259563292448634773519732301400234880622618842424107905278672923721230668768807677814363940119983769598917636067638404
570 900.8497398605213961178246412465387726875456358067148182658268921947563766841225419169512291664486933501362702064602439526663677328529187201422335959627853034779722243073603279344
571 902.2432075867522884616404478423805440652644227966544408572536813278990595156215958601818003421246138849469986951117987051191342311541174222962408518548269867053425944227752097769
572 903.0996744426304549466650463807456442755794392585422832694993971587677165742121353589763626591635493690202612790958577922031444606576479670467337111263699694988915155986179302506
573 904.7029027222813207743240914257169752769457918122215749612340097925582481628979981404962570185977461556825786635643845323478903284791986344450124917849042666476671526722020175489
574 905.8299407582222094048394107303137716517418749898030359216338715964997722843961463744919605366262864218647523570958497250835215063494694535700750205008015398189959744176003267737
575 907.6567294689675253115567135084725753774978258341665967866288482808530435772303566927084677632237286090919383684466168571924327076637427487932956016560924425861824615484750040976
576 908.3335436450609252807081966751943145178942107591051968731205374897377008516996166065031454367954576326295874139164469971245342207775265928622714534218056921498589056387751262197
577 910.1863340571798425653525516788078794869349987065709086840150202926334143616272507624912576986375265446827429568870733094062362058734413768851384407602462917338324193726546570738
578 911.2349514859555040925975012865871766379490851182073803654665627848780805867500177450281060474522734436839791413449424315089584903259261539741853503330994728220035628456258479660
579 912.3310456000355872488071671715155122171624861704438761650599845515316764547294501697119149047922189593798300666898579675004962570962735283864945600331775845020103194166510964507
580 912.8239992467433953779922166587374992654825177314681477171099953773154600917604020593697580707698231654653220446040361713220283493827672495247106172283393738429688423648500920426
581 914.7300969583756133383752392136998741270829336565301256032300837867562692293466558459234743798861078238025894431741624790048575705561494932298735559221093824041443759859914420394
582 916.3550008086427658914208429479995258863859185225977247216970306870750099582404767357848201151609534300015696103213133513989942245260350457834366824655367053165924308318129941569
583 917.8253775704267830264839643340486824888331467838733526548602599823322924722637382328886392516079883763178349972315366860896963414476134178411123866599874956483846871210661510313
584 918.8365352435290295712489826189529092979808335112560153037580430073350377074102519644586958340841251305081129710988486671439372878076968829840247086851799986094982371879670638188
585 919.4483444396823047817651293523179299286869492496644339643250256554717275716139354263773045127301202963403358184911497460739596230364783623697175827736820605260554370741057411745
586 921.1563955071548533673994052190259608785960454926798228889808989469407166613135119835646537006311121780226721232502447824210906801868397732648460725093125779352506987298446243052
587 922.5006293066367702662453290877733974814491042919019580301512991205232288758156145020270458693297579344873330501616973343847933532575328323842217553572056946221688048932102625860
588 923.2857198024222426739431025529606266590197990012562377472910795149514232411752197913859402949822958484386060748678192326647819105842358221808115207972746651060602982438035379769
589 924.7734839334766644162464557648302948883890652681849052783126911049728686328267085553788647500624593202040816938278307637139575967590064428645565383341487535696624830697287514274
590 926.5515527846030289415923750543765637830871430819425104993430311172411405332048521655683932921864912609657762886836707672466230350157757937279969049329179631678524292877958183212
591 927.8508589857535941478709615880757512237395828476353459220111571861712313606804296406714714094265856461529883015069895878431002727836531382504769686338759686618746225621020929219
592 928.6636593289348922887562903579446333273634384656967199345333839370645817372181033877987956110692111692786447639526290676157710400644551559529478797095793026194774623810980753316
593 929.8740928506477547771060674981577239400887429959111791488896443131798648719436407722284406576047366014969890237021151086429695281667597574835382890619767598104071884674486224277
594 931.0092113366280729542761667654513773840281448400240212691640864328584147503151573280125456349537419156616803606635127329508333153405321963789808338837453220575353506495360038038
595 931.8527407455200799216863423509979293218521680037095176918170444692847462152515638227227362242527698909436056035364128298727679885619550260531539746554669529253393320046190989433
596 934.3853068372584647544145411925794963447366515076739287746658735345940329099357290000693150902494390840549061584158111410330204757303447688589092305574961565051506602632181622823
597 934.9954248638464596176097376451676054273565520821631160034944392912313372673182341943295818189931983087737629642241311542280050794924985321902203946697194489580626202603093617176
598 936.2286493792829272137186639137728638061565562076801473752298059809465611571495577469054796371199813028719669258938260858510920270226176439565752897792072407884428081442656143833
599 937.5329257119703812729162338855826886965801223180209355633881350982881805758042913770127018660899753582227120857859833453896270490397732239717662955504646686486055866806000022716
600 939.0243008992183821842184187091795610691785890939878576936340656337113493189848408535170336218570142813851497114702702875141905396221440493332584826184878083312631833360009876743
601 939.6609406145281659856007544747411487930736779791157122203885667871411046963408244839437095807714110451813684176169754328094365544259896704209916137962416976011138964677415829607
602 941.1569996420423726077709969436868077800796685685314355691949048583415109607594094626452260398489148613924203884421968200369158101520194237287768470171649113070845150483485197295
603 942.0523416433754978743899456349823170885885910503176376194279430704907841552066681334803548154016670912656174683020129812541868960855437945314704794600813008434046012891216198338
604 944.1880358095727445119785016151035701613033849918156053309094417356416525437895164666450549882105230471746622213229638916650773019658954349495252690930515339974984807311352885526
605 945.3335625030459461415422389209964525265306232749883644781080318816494010438703922998880158671287139759364261995680215043143339720098681368854860712423820469161978565864364330439
606 946.7658422047278511567321672182413770305717785754711807020284112618820431115856273419862663989264036571695880849476042542751181534315682764225987750291081451038812202711557539608
607 947.0791830962548779651194745430296382638134322958707639906069411167248702243497148753456172120991168269399741950203519956905858050305323708758773953466187582107422845520971299193
608 948.3466462550449671666050859938359835910613261927851450302861290005925393700980721810017475648261552901462993189759309893255497944646483405335213063676282136612325877343177791452
609 950.1516126846438408647468103508454455650256213784323532930755706395074122323925973463912488416355509259039938860997046817618542345411532084480853080866928926460601950945188822070
610 951.0332487338235099744994104763981862826386151203192031635135378648023772419647630891998958696918646711267801156354162102110346685339757637121351240240012790997369581244625115404
611 952.7279886198506260846675213239326123176069681002677746065086824574474251194421005197579068024866562253350344821186720548550755548837352677025457389538282687770266885525189525857
612 954.1297192695514153367580094144169251503198730072666910866036255799212306338407921447137271364380397350142888121094030537528413913310295491279479089208811033491764261017843636410
613 954.8293089382166371195137628381016168627115500843269810166800897074043452938942774538161283632568909739764869026564181057954565483424739226082716905477525745268237612802408758011
614 956.6754793432897960231420321332276706241495379212118965514940143390593456299331452696224953208164177963746520134917656332671979488252922242024620098108441874011615039791198274488
615 957.5100525964237224677287691169323242856522376139729718320147487024476569249992292186150088271299900439170850129239556540351229608948898186406803916229173849382253618383600608100
616 958.4145933901361809700039994672547935902256348257451881516420497071588800686942501784215664277042837820758422567523744253967386367162321955809020571050731950583203372171720468044
617 959.4591688070681125609996090391543284638211327049385996379435494420155808312697675898748444505778163278327495377311642895024555538233410656675928597179646882287028006879980735703
618 961.6695724741927533426686575031986466238120604889828225057778921011442185402424847821000809648608435455020315605937046319684269744047472684003900795437140089709291589352157164149
619 963.1820866713114469971321899721716967047442977786005696014509305589993281384882075174814210375594082317022792376759636780678986196642122605707908027950570633841789859941445239081
620 963.5670401916122706718620995190067866386490034565616332410856246779807952111037929808652406428659176012028526046969978853132250979366507067528029066940633942976983061039422978547
621 965.0555796237511162249266948153071338835020395350356849131357635412414786918199852873252223609688443647059212789402325409239869515376948534052241524908771646433561645834217382628
622 966.1107548184102040187246212861197735979067365956372351211414343115281930798699986240968114391327654160734984850804477599392039031994531360328337174162205697661696965331460610524
623 967.3711537662628543151647782042484118948705752497055877871525478336383030610510148535965656544140686949734142560558524940578266224038103538983068926594213450654521268016221239748
624 968.6363019060873264080899054980830115029312756717180214719085205063523899247566216346786926435366835328108017234273797398374231077959278970153993689040782404198156505965075109698
625 970.1256105569411754792151195892404337812113364697608943172629344274023419411245949444183517337040174818564587467595730596476531462569318701515054594636607899116301117771212978803
626 971.0714914863857279402510345608562296492457411541813524367578107473620558744561947150595569399403646457974819059927858792458110926411219186441137376179293670236768734864322883141
627 973.1853612943011942216490969584507141797636350467214063128994432861079626849157275485767566882190774915411994906998469229517804617814152651533133601866017223995355069498062676640
628 973.8730789926535971942325634653269514703313155072872349797431348708517071449963287390699178824951818842297091177731751299955520471954545177335359464871447843784840772184864954092
629 974.7746350658374298753031548470237975252829038650538165059800799865445733015043221972555600558761238744793698419405258395311822407568730089294071709771912767760696791222051627305
630 976.1785024205896093441877981592437391927160986632694726445045124027263079126699551120302766473175519606529995641711930658847825344602069212224363062082219197100053776887411348428
631 976.9172021170506220214172671717878137777606809185177434446037749585329799369626260705647250332089526393655152795188202087890997791265988312295176954766909091144508399680811484201
632 978.7666715351129744540230067404250462618982522593051102995278756096713150736610521821468219876063657967989504257344282716169762290174449319130993759425547613265736280441635447880
633 980.5780006397744180613389525024755922728582340564648442192318864067069852638313994965916931871464665375475136293695881594362801531812228071831465822254896759510615551724260918883
634 981.2886153017589694593644343471294910890509117272412378684893715787177768178604973907519088705878950793903630641333483821950020534573611170576020258294618520128510384383538556627
635 982.3964851687789784014102218722009353245991511730254338196737033624504079375225425571659882087527724611481684684251757981982908418648162298897149380405445191748939027944097538852
636 983.5750760064313287555331134427599611364785795887875441250067811389973107880680624720657017475663057958347558303035305753046852921913053757363171064083704153987745009105030382619
637 985.1869286557734357695285651490315301945880981736061509236145999796083626570522676581452845353756825598589359172512685615840363780926558504482497821060501322999074251049504184586
638 986.1305151101845266493739882186301619796372489466827009179959840140581826310726141374634226872655999946209803741312025027888088128380462768805572298654899475158893467992313892511
639 986.7560084076560356217778391176727573451275833436553832988371272012168515899807410918156376294625884409015716470615663324227443167123813601416423839565129233218990346678796558509
640 988.9926223706574066073661836667137148370103617132370681497428483734779471283504090164548890886549498247620466306262366714777181122893682721438932758241034489742366545407379880857
641 990.2239178040279723629781305763692876781632574008997709708203531905633488259860363494047710044007001816899251670945454573974926173976258531864880063116218436916402824473384674028
642 991.3742941477615054318634332602861476863092391821222031569638614068942006839596406345385311648492121525168857202840371998270734383843409874173180685050649023599998731034311452811
643 992.7286963367326594436273969330933778239329884860306577834746429686510259044854277990669554843914031620788192106123242445986026603102731944657418665347011917108409230101854696373
644 993.2145809574429537075230711213440539003241886419353380521071617188191292388574132110490711903025226728896764624249287520277627603185989440682587069288737995166934714887473595631
645 994.4045905710944919000278054662348766736722442084493614380705540165475302110388736822229709602077314790066383976370004541993177356248127330549828885243264405152658263919284067431
646 996.2053361642982864835279814493016994643348318080403050627720790947359424403150255842388658437743684048091514138925661790139444816313385120087699005242348442613675822202144762739
647 997.5119347519392292110298400754401931267384926231157101789929896618434497097421267464119941008384806513894828970294529028395739805659969801596639144161751880373471384548608139635
648 998.8275471369296331305196154466393677103043727188378268368024023373034180753290956924467347586560460148492945630451348434440880357966876231380622661284346508723159576340026808021
649 999.7915715574129404631631471578470673915435140586403357561362160025940370705970412083831843973894506207367853336359302093050678996380148945528584624504877076017870074001188671666
650 1001.349482637782737122103309653106170598274501285491125224482481635114802632414943470369184660695289573455114972137598656661128427715259618769880244034670671270977130533039794988
651 1002.404305488391711308159327566435846463933433874751172790729687639629927124417526393035172098105622206899203486445549702699780093625795249552437483404728440178334433620436564694
652 1003.267808179453248257528201901448029257879292349895707937008870174841229252165812455819988476783338351548760599060539766694123272589309624213305132717366016491827904708665826952
653 1004.675044121172894226133346869600494216045108798393580163384063697458520580731484828427816082861308229562340204533629735133381683161490628848862616469546828390777742150597997995
654 1005.543420304378364196611048104143931911345559093080200180442465648514606864935365583008611192083527927975897904088908173191705395054537261553894941896084447954353213058288695461
655 1008.006704307063646198139820125100989081703794473854867650907354383329045446716939863826060340940711487874126454673928745370275315606514498514854032226475568118453566282002791373
656 1008.795709900742282345772557109760425892423377910050921951253033844741355155887499268155288316251893954494843207803660342622723634631653607871487660189109302872140064455876484816
657 1009.806590746964629457281935748602632235044028458702089464251034429784345422032906168832229746603238355041875067851036466842795362519098988206886364082589974954568152028744503635
658 1010.569757011061075898566515691832020086368953862568428827994111984580138716836999700235043505179275586773385822259835725730890065376904502642218853606557624581595734735114588936
659 1012.410042515761596842853261844371912927082673950314785084941574333588891257668975453365033573764614319498604794396606504642575174257488038566293905859561658380426887419515111169
660 1013.058638098408985072652637654348708751004738126928510433363470588725247474575684956962744383604324613444200297690210114238641964211841437446038704800973342162227186659204219673
661 1014.689632622370404688146437953482768061257395570807535188181397202907451202790403913416930238090439475073129757889712782960093658559211277543945024893041642539736481966302785671
662 1016.060178942647378130289794892061970274201699204435084506542260593428907919679644152407730485464819550434749882227835354980047755241046577957640910638249033333160735807451657605
663 1017.266402364355406669714861979795863901882670858122578693392188150750018403811584057650581073293315646969620602049197618169837684614740112874169414703442530820637363793442669873
664 1018.605572518620154950983567566529886016423313700640563446524081169842161060930686742757778931285246888540557213052368292337706502645651375869308692273970929178066807514451908810
665 1019.912439743944038361671516695172601531482735387852595480975045298341589107145411754625285122769453166205046654278506251270343168805366778602589686436795852884080440309524228896
666 1020.917475017263678316147084492092774722072379284582141523860733022673933388070721049503912709856861640021107164485807968543918605878628187402452525116574874755265603399260249177
667 1021.544344499904651907124084968307082579636001840777164357380895265996348319960711119905590682176089245194960231731231357243014529436006576864860960991196122790463035220329675157
668 1022.885270911716347825999663431359070027588779717396855840728529078665441895463503886767553018161449874989067551381615989646210349513925988831110182994736281223653289259663675536
669 1025.265724197727696366628311778262356223427624879127207158596545785339012870319054807606008157891683578464445760062934775551224225927163328195781418027789330830955671952576895544
670 1025.707944371462889237727701246627397376139649125831761076012948494454914374849955404975709634822972395065607629081570184324478913372178164205840647147120093188489465283538357624
671 1027.467693515587770273397423021363074477447471606807762337032328485494443786098817685822558374015842700475717324360490640464041032829436528559668526673791054126195429341714937183
672 1028.128964255497517877669531774843522433045152752391872238283573166728647136460255556214627639715667627074317943801965856572081632307574924466351096321605730012789874070430586963
673 1029.227297443961366731128703604422482394257144014496490018044580516905687909073696417695405479654597841342814417157328878113544621198647925895689540014937261786695536571134674048
674 1030.897368790596523560726555739542060674678096340068328829828659397667903308333916306359753285044454426633484845051019677450946944370142923832970290011519981421514257448960300757
675 1031.833180297407762541224224226352484073105663204070591254567729539347795527679586511899211565460131341961231524789437589058916559831507810236019616240293164621011353657103476479
676 1032.812883035158851460651440958320267661754104766600059146671017033188593695394066436320852530239412712854393584433315928192378110583980780570931472310586159103488201195573534988
677 1034.612915529520810066174340649535044022064165110501134221421960241052373888283113621831497033769423849372064923083216146794963689606634240774324090191427765419123732757485420573
678 1036.195917358054740253982927886486799583583473192864538300011938779800120196929700781197146600386399511310505798614092735301606123621860888515748753882827156162555860561689278266
679 1037.024707646281749750577263976311660032825392178871517992475889790126590541685835404192505301555474520032049548913092680062968134479479959944913801871117103849536165346577343957
680 1038.087752240618836437346942336171027055310504273233453250164463971844509379437872856724795992015715791251564133389076523181016540354072959277043324543941244003896990696319754828
681 1039.077401436896688726679598801388520133577921423638610818788966635055676184683632584435931921574220057126032007993607079311198677488220612103207444924304124501052901378871174412
682 1040.264037937695760831152926051990186371151385680684365898851006172014939389977484564672540432594114378917787473596694941290501288774316128300549980428786666129256049151099886947
683 1041.621528014542274154711708434249308852563384175161667222939127245426672425771644939295403650520831681914491648441718665063087379504119536951736351889666333311313309305575633189
684 1043.623954349621493870450095451980927115443423672007712661265536055167625477885137087989949366113817654707137218738041669636388708048920634101858874808262641925377432675467130076
685 1044.514975829078768114603313372560905703727429053243893365411564536927525806064361137787558421891282763820755266121720226273725807590463591848040943961953124797814440879106390811
686 1045.107042352977911390650395537655819567093100890136931843892931809332455492382809714408914551279033332152430153027593460986434368335076803971355051938721847967187142306544385972
687 1047.089817484294784221114650515913112289892453753517734747478585509846966382675667819483487282064922052868949442413346025005767710349194139901666638754031213146534180564085186798
688 1047.987147489600471131321596509933015624699611249374861744171037051988886213597435308985113070951198390312842569937642721969484647958115485951852211524538566446305694284827254908
689 1048.953785194685961633057024543533611307553381361763073831521056095701853020146888040072000548276797315893617753082610388654024777976146409269356681920750522509910150992413482707
690 1049.996284256593219755630199793291834750572497055730467458765408420974788809445113567075568777792453518499504635395461740798967791709273135415768068141783579287354340048191233463
691 1051.576571843205195795578149320742417098192880247078863514611678591371084457574775203785147458992684090960911773851835398042218340267419955657025388181579664333308909392983735379
692 1053.245785158385757625610520759071647560076964874407761740827884906367310571514097564848535852018103173779616421137974858763031335144748445073658455163065001775273697271688613529
693 1054.781039478281349906798792954095313599621041337314308374634750629769086012366461443269534384384175764057653253646870640314815071641313498259431412312711955422886939322553069701
694 1055.002146475685736209353382433418439334994824087820375392667114908777964830505547335610778439547240531175233502207276569918419615267627734083838148538946193969859946918927763497
695 1056.688847363828229857524790648794053094294986076644120346597979086151839684845562088180325720818131650700394008044064906479968706313646460663139155451647598078308041480969097007
696 1057.100043659617783603061085717955448152149322228267346077569116231054104215788912981408973088693889818590258711385043898085136797504276752323763273337116711468710547556621712103
697 1059.133769106897146229421299692402923350964945022287319321615150153014784463202511572616018062271816217497882450226300884382732003601156253898109738718020554778125145206015493955
698 1060.139518561607819097238993408785591309738396838937211929355078533057013152715318830883949168762054837726435546857159388288657583918527410945360231978099027733273798809008961551
699 1061.501304465068420063120211832353080197492806272866527138661644676795754816241714689168955575687510503489225477117151759271821236344132452209896822602392444671182478925008136307
700 1062.915381507880563602453374699601995062655289028085367647507659792102366950413546677602749502098225341497338075603145308125212530463051900036153723612306582435562948167539864551
