701 1064.071551071718540425286030490920397314888711950037598452435074
702 1065.121855106293055478579823084061739104764137635096637110425535
703 1066.463223469242981943778819131473499477634513389558491836811710
704 1067.418860120964558059345176358580204404671090980604553859476871
705 1067.990000079042625467735564310051840459159133878667791091647972
706 1070.535041996829262809353099792098669065549079898406592628322622
707 1071.618623215089537904728055480559932035289346089881243234395981
708 1072.543998011121555348782818993852584081311089585778651914210317
709 1073.570353165093725437727708598850472203650075616816333202407825
710 1074.747771044310998579294215665921240852599725826127986915520705
711 1076.266625594177409865003750237296534555687075553940439321889662
712 1076.924056065754446887585361639487179066740948609255450468882454
713 1078.647198480956364694290514820320527616691649700300427316041478
714 1079.809965429259069213571664250453314490514372701520136642237870
715 1081.171002343467803785066479481868419581692961612006373644178325
716 1082.952749723069668660791991832552113145717600295520692224834233
717 1083.295466514085606768340679855029356093427629136305171506060672
718 1084.183264310430216143163848617287326546843655439927271753497358
719 1085.647831208639340712020066564791356926173140097008102833729786
720 1086.911998989825093115565690334659081961153764754131052371692072
721 1088.755724674808801471697125001913496064882233072836111793489870
722 1089.795337924074774958423569212810285732479082882930783176315890
723 1090.863191026248860785008989901089085543055341737091757282624038
724 1091.728472966936828999399305194828571970315521528010984949426119
725 1093.440873272368634680795585666100506329580631511462727139937083
726 1094.284457523754159836338559191313444310745642333263710166889096
727 1095.433084758661478689667484869983482871098398459118204450440899
728 1096.401917794742528502149455418874412425197734783939108679158214
729 1098.841015466649861787294733502687166404957321139097315809215991
730 1099.360667178571795594616511801884870406222866344178523828624127
731 1100.574460622462563218624426940529091110994222746692337290734425
732 1101.839111168756013405011214350250797599260659697201959712492436
733 1102.551779899917722746785943236526552027840656048541406484565429
734 1103.732297174546935847596110099669598580857751890213369169075783
735 1105.617188830762071517320809033744070090143889510633603305369415
736 1106.774371675832775100917447715722252524751242079441280855468964
737 1107.774531955010136933151670806122536507216195434518647305823111
738 1109.158918856766451887805175063504211935176859552899811339319430
739 1110.444142993613205803273028210496529408144970184913175722141710
740 1111.443504764899896587418372775423289847920734485326313078008854
741 1112.432995408076444580687919370812488406659383472617259980398663
742 1113.397595114801993513614433569406106249010446452040167478227616
743 1115.065359461566605676530232809664789693460084285225521643164962
744 1116.787253881214524190633039913150356067877858240606590389427800
745 1117.965919669199670945477582375833420298853826361632411693742806
746 1118.684134861018390903878122543577896998354337323853841945099118
747 1119.473247426178982901861447260439692249472413877916514080667106
748 1121.155937675810569905373370733513945587736568466017586856724076
749 1122.458621356880512254132854423816059420599349226983424160065947
750 1123.101117387809200166664455533703137305002950335825986715829335
751 1125.314729397846470079798976802460727504945379716394883131555885
752 1125.763442429252559466443972009122441925184930169611745606074337
753 1127.658023527215719230775273999029191221834252188777477937407928
754 1128.430224613892711372106028520599982796936766591354548679456588
755 1129.728996777065562175089155558434999646572209831314176837937347
756 1130.391597896231670832010907707509504337166538762332621062975980
757 1131.495085561917043222286892353773430416155826193074253415016191
758 1133.708625669456235851410275245604470168656140033271942837639545
759 1134.885654591533196430624198341631848996202290004160300152420930
760 1135.562213975477545956522046397336474418127308961148428006671257
761 1136.929293480969529785469667305076021451330113857847985278704504
762 1138.151589779805540729233531898553407253234975169098719617771717
763 1138.992341820493635893859992016578975259898263200500068573532703
764 1140.721848171903359752655329859263484023363173838899794252604269
765 1141.261022964136758329982281569288714516616672676613040132830526
766 1142.858659607856481118498799841572911396111544280941917341943433
767 1144.782299518625341877065290860254620333979862169823586148803672
768 1145.485327517117106808017281510484735898372355454287420364557308
769 1146.576814924866953406051744481650705703703768626133540807928513
770 1147.501776523319316091299834732285614967894161841232612951570307
771 1148.615277208834019003767233044290896766300915728671858327414214
772 1149.982601028107097665448816663065215246330140796428536623818381
773 1151.562814723673218149388696581591331145621139578327564870719292
774 1152.943128530589795951638659496711659147659002791673948174355379
775 1153.890303716271268026582982708446712050285807003683048860111102
776 1154.697519535382382913171212654744632009341971373189355694386761
777 1156.621567833872543410579115422644335047037779234140153478575095
778 1157.432314575610906332865252208317903709843183965264745858172635
779 1158.001609027294966145086687113129962850425328756196478729166049
780 1159.480657019022297309404834947165808657712593144658732466900552
781 1161.396644634378091498488890521776936153979879534710244454408763
782 1162.487528602005427804017687012472400421903187679063914661616809
783 1163.701031682778615587642196509732551425729573112811589135782386
784 1164.737586351227609934620217635541910634622479179715448904585034
785 1165.271227706457693605533587934420230503522231792173743694834148
786 1166.943613409528712677105954153540083959182710957613060091002470
787 1168.086271610138794297937928122724987288929823726692765204882306
788 1169.698356884884906186468513395886357769223134820513824649575316
789 1170.463638578283666041216030157962731819283823383576019395813868
790 1172.120681865695599846400740328500275507869040184523130039747165
791 1173.305687764048358727042161861879419446012545109632501336992260
792 1174.232766856456302652064361640982445124872274448118779883116868
793 1175.215452395950775247030932952831707350220322031018689478813091
794 1176.632875809788458632993828894502211476835669975113533939689494
795 1177.106304421656146949000119258928035819753654562601356962061523
796 1179.701223501933898032583977203698941154521614501859199266995937
797 1180.653543787084385330873969840202784459487467509949837886802272
798 1181.267318151680018959132975694110326260765522047773783761289337
799 1182.582270346920390440041119275856052504534635930549248064597697
800 1183.712775295974315349890398396181951227371126512366675627667133
801 1185.155842847465792283020140904130875483418103356003173513488659
802 1185.875358695356620012619089368827963854941308516748756925664912
803 1187.345161493267309955546583737178172508690503415185506489479176
804 1188.856444298229306788806151935418899951003245272192509584962696
805 1189.963636497918443343748637108370167148033042282579595995620586
806 1191.482605926413470865133378125840214094120333335683778768125497
807 1192.218611478101545077892205572077831292881581543846535820373402
808 1193.324021427455080275389661489380742838128476435034242698018804
809 1193.857427135436991965941166184693901332656645860446456713353174
810 1196.034671748671062232111539871783512945771969881227885401854323
811 1197.071786658821966804479466653067724637453103497781258575146499
812 1198.686569104630566476487011793928156012316277830574976727909524
813 1199.356513707893968131881110932117799864662489613779579182267854
814 1200.532692031219914310338259028179812825256278339470453121546494
815 1201.810334856606049786460458533583387248781702625506734465960692
816 1203.137350861425479452833490114266745085528139921728508241874171
817 1203.855247594097002027002588808970381562331128245778015774603390
818 1204.985492171466410715586559359810791689917978435203964580968661
819 1206.870499793853068292137945827850608091204843891388344616510215
820 1208.471459949531031462999152471234656025806928222949976696070903
821 1208.989484167939025676652544690788464095568295024088305369836602
822 1209.898030087545955753378478737088928584503513318641443627813753
823 1211.416115892798123060478983201523361160354341555831208910757397
824 1212.113153066319792624394280024613804151534771094539451269256545
825 1213.598372680368218485135052935254246107403924862986473408737273
826 1215.389975065045634269813770207473351292907598889963078306931771
827 1216.183722033467416723772765242536643871632971162226429254565008
828 1217.174482497738919039771914294109213280260224685818125508331162
829 1219.050028177406163509276830573062532540972348315292757889851013
830 1219.614471310858484310221719491342885798174264403527998097773783
831 1220.816347690978131430685361744353556958607064032308120970193885
832 1221.692242483143733211792523879976655512052036147707361871146045
833 1222.952484095108358242564242647374019467390194030824859125768337
834 1225.018330024168539197351757053366596045923402380353928784371040
835 1225.855020760795715396661366871441579049483328970640056613337424
836 1227.231827641490931924146161160085343057168852163557121231124060
837 1227.917141614400044405946349098111053175217750173785338334645450
838 1228.793154362981171769179033781935844506173793729639992477983490
839 1230.584603154249275719501758842635266767108475473053311570660770
840 1231.562273877645398164718178630226118864376604877651176343674301
841 1232.529587040597895551034137548456492637337686407294192864687517
842 1234.277816653431788048844224905304759169386465930990048979607233
843 1235.502548526520997318717426912579398804282981241288655739079391
844 1236.399017465778995865444358503249731642024211181966600167761522
845 1237.977298513581145513426435543788141380537030778127564503390694
846 1238.457232795661807116333424981234126676951577175735590603857923
847 1239.490807146795754277704675379759635201416411268253667834553425
848 1240.813471785216266891520205995990317427026760796363585955405284
849 1243.078076398021118881519514065293469249227102911549426858596094
850 1243.538146526114259980473868575267492393659201300439788837775392
851 1244.851433966983858564581682699216004746894727717322302787819617
852 1245.655866188147822478803874577434740719988334923688729334416847
853 1247.372561969855643915704176179222255113395516452367842377431670
854 1248.063061053208198685149449957698568074487359950146304906759331
855 1249.159887953002983340583314205395436768572192692287452276696390
856 1250.672397275678117155089527891145873562969555225625742911569047
857 1251.659832004271221180037585776414953042510876165701446791762952
858 1253.673577852107102018380261800272619623676185706035471312292606
859 1254.431328421773449368516753096833892492430254466987382130877983
860 1255.408230645290734638381554833588154087337192649191461374719596
861 1256.181214198460866068255744203898782813593704479864302063981838
862 1257.541219412644114426823188183961887471778241682104055335431390
863 1258.779233488595053190671357040496507358701297843354950740307889
864 1260.344548316185519868179070546536187809209257598076437895548884
865 1261.611717161479839904325259209341789634736786893106140220384897
866 1262.556614000356224342557735020198908924486096945378871615382006
867 1263.676732843861793330399614482820173675650711025136563600351935
868 1264.957223006999789287695613997602783040743205205631475732586774
869 1266.179037760562062242829999597447935179075394471843837614627281
870 1267.200345611845489220289945906159738321196903318509943118557341
871 1267.570571779440223458643778367160769442257005682596314036007878
872 1270.118921886492603925191178433325927594228279148475608123112309
873 1271.134299631609991400291681899752453885790959733577461447091409
874 1272.083959599332897422895646582004342777894984281656745816846624
875 1273.261144633455752813727489719587623969501567658301981082484012
876 1274.196220889480358828122458753726192451584902154192909198448824
877 1275.092030315840457781671327418735487189186720860593712050021748
878 1276.842171555569794685535188573991408897148691833608874344621202
879 1277.763091986346820920609618513878532252282381103422407534991906
880 1279.332843316708251394285230318159472794565028409096629683605482
881 1280.155794409022930466591477235396798163395956363786291688049373
882 1281.828726959699933928864981252251539266465638479897707409541315
883 1283.000491386699676607703114941402336837160522687902036093626348
884 1283.335032138879280600482554725158550910583941601734435623533000
885 1284.854795154621657840431160936408917981312702716852432793262238
886 1285.695023331138592774774948498095367972413304034556956472266287
887 1287.410026617075316131672786635184632188416353208665431914475955
888 1289.165351532773061481413110435284941935768658585678137345664708
889 1290.104771519807337889521809032641941315014139456623577211440095
890 1290.417708073042503662543602206988952233994920598558748746936362
891 1291.945870968083198400458037914654867906271230736287257009483558
892 1293.493981557417445062020446846984758645428156229957084335441199
893 1294.118474377848352386109777983738377549157655107938983283898264
894 1295.365363505358250254932173087460895723987206647386522405599472
895 1296.801110992347291502194113869223233850244532479656748510529983
896 1298.256527067889529432349222176359579501949764377123428155975350
897 1299.405171250743978398316023459831072539020324212840870299448326
898 1300.490018982447638393470943343002610334051818672549116073678449
899 1301.495516680575058356356018372932848407726587824328993964052456
900 1302.346742379246917920513253175188923322889650240933070302267154
901 1303.273200228794143469156007530383064396371226370580132679916331
902 1305.401672188004384663012315651487184847210036500488820708978355
903 1306.508393312968836971733720834626210917595500065552896158953507
904 1307.267242107802427097784151331784842625167507116928867238111953
905 1308.988196517643387242108335080429878751785693427488927107137251
906 1309.421532493255966673810811814526482026741034310258596083595564
907 1311.056570511111896663932335774927734985551674407138341516430138
908 1311.966940608049354868810971247671132229421579473538428817717574
909 1313.031599369019664552442946150558779450343031884219013963517102
910 1314.052565651726166193373466622064683573995483726550252158422960
911 1316.212112602854049780290353684123069914820519149490004310103973
912 1317.072986034829955001008389268410717385707842935400948804201079
913 1318.171279132165052548580337130853790206149938475827850240251217
914 1318.947880596566338336391281038093641998694237672925239825068252
915 1319.931082877536473052035280167390745129171286768383353499410490
916 1321.628138551912418057465925661987337085809789488272668191561888
917 1322.258067123391157945193698425543355071683767489005151441075609
918 1324.224978718844330913229195735508894020197339160348934495295341
919 1325.237624358982335353497465179917831853335396891900873483327521
920 1325.981969630446281223042044622621792783043848685702983239606899
921 1327.635281108457449640351740733326040330876447961254598289242438
922 1329.043517996518601239811852415442827374182074820924504199163528
923 1329.205018785483634847618474141123450437586891850262278008577289
924 1330.429937120459263182660791024641960015127863948340478606732112
925 1331.827591385285217523542330759636540653347468642147703487380844
926 1333.673522610284933270975871701998535626380232067499370393777934
927 1334.747329051689776530339478124242466067348361972729721015204167
928 1335.694974526002066589015284239892813572604422576156375541354405
929 1336.690184653385871053535241080922179831202797453241534739856614
930 1337.688791809669949603148439955886766793094400242386277638391057
931 1338.923164598670349828981969306561845755006920131861685253116588
932 1340.426400457300175789734022436394147345914800328724657487717332
933 1341.166272252926387071935128365938214966152234244559669664430884
934 1342.608507883776861327500373307002188372965417550447407609238887
935 1344.156044003595790998204329478565830911141121918310981132170033
936 1345.477106261398714427407301055898766650282104450928093547507302
937 1345.731413255418407759006722183447286650458054288560107935713897
938 1347.519471750899911107226733303084703624255894930728382946088520
939 1348.017238018736410091624038121042797005612517035098826889338848
940 1349.085194014047657980739438012039493814444713981382918177034211
941 1351.296206374096718009837682380547049399596410360245233244307927
942 1352.210465159175538379448659691042601666631360128856339351349081
943 1353.483338358264576553756178361262031218615510456059504230458956
944 1353.886781971696227684236046912987355330938825305336604826704244
945 1355.680595320636491886857508441401885732400684808298037510091300
946 1356.605655709807953919674521973734834800756045217287841097583933
947 1357.771742828579464071801418898852057119889136420211831839003920
948 1358.460160399159026437355189172635190062652939757344151683805419
949 1360.393144762191152312089751910287813454655741604841462385320842
950 1361.393074713639681698890762928929246734529941833892753253422735
951 1363.022328603280756838542737904571588213479915283702118875050887
952 1363.879190797134472437964698401690555976748583065766997102124660
953 1364.576584896753972641279745930949266435731969063404543935775926
954 1365.493733551295247265435774031186204423919692413565335264183197
955 1367.104090970008230879955155351149289247279059456637226530538063
956 1368.330193307985894894877702085495852519685331040468666619228045
957 1369.686949077342916601033749078362873990199658996889805089331571
958 1370.973522767783644045921669020982929699514989836795204752642608
959 1371.686553552827391128829532053489610760428772339670590901094212
960 1373.202914562373382103296370273695589323613910436427590690232055
961 1374.154798658640645626519793780810237370251536862163078817854436
962 1375.302392344748902154820554820805852730132134200561289238511074
963 1376.161779993619352038764812016064193695288986132659115951010522
964 1377.177633642104626322481925835153147781311541402756839409654139
965 1379.683283028612926385771578164133160623721928095747754538741338
966 1380.148578441692403063928151975544394576491110038957525277760788
967 1381.073977149205634870656553387235860329458638882026808444844855
968 1382.345662978473679887742389440928305187021605317360693635232025
969 1383.297591007946474903316757831864576549513138458151309427294411
970 1384.444415847760082973395629190202884100998365927431577716560623
971 1385.663777011192686438873913872627091746401786328852513390332372
972 1387.326647663489530605697250137500013943932986221694492298425502
973 1387.921454127112797023168503205269079056831407850834165610378047
974 1389.565831798393937195009655458476730879921465568604045390939791
975 1390.705490286427665121514623169596046207933331971129245694419648
976 1391.853200443269755384526890702556586919273057170033963796590971
977 1392.644027788548648255831025640593123380836133985795749087750817
978 1393.433401740793665026417471075334937393880696400339161367408048
979 1394.884184675680354479029475568339782740295463381983381760125130
980 1396.544163123682501770247636946446743348968261884637640299003674
981 1397.834623321387224279315355900165615555773207468303075585948072
982 1398.837675201385865233910781623551641673171308631523870054259069
983 1399.839472941206481467053985746143159286354920151524411665120912
984 1400.426946297394298261051425024536662798466693094734059923155909
985 1402.564347250065993817191111243951503735317442027776438767000318
986 1402.973747640919208050497318755828475334901132667421588237272411
987 1404.006292170522757129440727950733593469626314251481622472195145
988 1405.666975059246875092257325254130374416795413850432679203344887
989 1407.085142776436486841203861553945673143675462072625611360128648
990 1408.136307496189550754764109216568713802973074401596082938023910
991 1409.320681079838957249711182852555964218419074619083658769074874
992 1410.024810725802225833083299431548658209139288471966299854738251
993 1411.257056815706623860024230778695375047885978212577565439005410
994 1411.965653461773004284494177417113415026254906000578127153945897
995 1413.843148788568852998797603639966241538013462044943716176541781
996 1415.585784795495351208993038535815851149152803073425973256120339
997 1415.781581303282910082772036660394177733609861547071641851390572
998 1417.102822933822614755624964325648538469069477451958340814458614
999 1418.696963852452165675233051829874743057694774871561834399141180
1000 1419.422480945995686465989038079916819232100601064166016304690815
1001 1420.416526323751136034375250932915159741881393112802522872358089
1002 1421.850567187048653910706807550984750603784648606082330050211462
1003 1422.461310987507366496379440145071599235728663551142742194462138
1004 1424.463045669579022246795142763486399435651269762663077506502257
1005 1425.873469244996591079289817756997239137610749501661806557382691
1006 1426.645979682120039380197024860457838274768066075458816195598802
1007 1427.365671109426682028960841943756724077319551293758521721807291
1008 1428.592305875978768705860941208268539616138846771054715412039851
1009 1429.650477276191545764897583431797473813281501817523848334254862
1010 1431.218313672751658422362577109002433367758785229782382715900615
1011 1432.049740893313600726955860125094849059244725769189430553975856
1012 1433.821940737065160513137540426089666115386444114444869995291496
1013 1434.584942168260123966068735827451838563198635197937044310262562
1014 1435.692907383419277383952915810155650585687609366788890853311613
1015 1437.226721623801248684463350153459261429726923438731287146569092
1016 1438.006284841722401518352473167484327783591846333298249407122471
1017 1438.949552746882798976178813454724245696398882148546405162835302
1018 1439.622793078163983973974818700249802017530521488858059344690669
1019 1441.960987504861836180539030710928169312671644835707269695027484
1020 1442.911059580896858867879323961125455914309257336998716135418289
1021 1444.041930706366562243066105158986797946487698100487196266622551
1022 1445.072278459201045744066756906502395697518873768523002578005923
1023 1445.830084779710020783356237113564987012524751623772398141150272
1024 1447.226227099975794392215934950765383680639910443141378110752070
1025 1448.323853515725453517684403074206616750238515245116529960163318
1026 1449.488771280731257902871217529728327269926604826897746054977866
1027 1450.773561858297330089906756954831501830647854259040659926388631
1028 1451.835297999393383264246395013055505773144062281569163661222244
1029 1453.737596757102226254608748340911018332588913902903030786858701
1030 1454.226011260226279618029637466211817726173224528376518762105459
1031 1455.312091239819668355061728245871519866435523921731461397130973
1032 1456.167797608387255558047066860637497342344111065193661607145767
1033 1457.539001668411230439852853714209233012021516840976425717030162
1034 1458.393777368687248897353185050367280848226547291565435724277044
1035 1460.688270535419103886417490375517797350930003666794928909026311
1036 1461.245443345159955929938183937273902051131549814110905685479854
1037 1462.266123265787259537550513699827970829706500240236831176508011
1038 1463.286891190427541263050979938232792839875049038173431204055638
1039 1464.696903297876409962361457228124956489278432383192252586010453
1040 1465.889557614085268159057371235248981957397748591505015738102315
1041 1466.505621107887723368923293043131108863023791180915137529739161
1042 1467.703989586071013401826982644070426782950435897745898397493518
1043 1469.347649878269645799291096197776233399585715847296942164219457
1044 1470.966589127164967200423743062477150037278470807437785503914207
1045 1471.388764527106594515568524142068049387954273842479020929333525
1046 1473.020132324185711143723154418631152660007810985783187655307175
1047 1473.745649185746533474087354961410888943789697333719334466123093
1048 1474.203221565698878785627052471643602669434508243214811048010552
1049 1476.092127038240920702570031368613578297320262343045656042112555
1050 1477.435191147500117405004711717914700857982357810993451475660521
1051 1478.441395973412948585008261648476643857763387333441134243318591
1052 1479.759918706490077675395632636296187739320394961793429169841854
1053 1480.766879017982257679543409360958749813326099676035290102877139
1054 1481.964684209802309575730816746581415378730161882873200270026013
1055 1483.032959958071480650361945452172490066399698292822162885793757
1056 1484.143580881755407774916541945737091968714451694318396039841161
1057 1484.817883231203726576634667487978378134384335911520334332315267
1058 1486.171349027557139928372310479419934464217380675836578994158409
1059 1488.116337976228270527027221489845339183598133686535943076589234
1060 1489.252466946430123072027729646956608141069366675020458281530940
1061 1489.970892204678885758734260046880107319775228133355191823593641
1062 1490.670693814603265610717512142316536874983392855268104416899385
1063 1492.180090544016411448622233898376801693848828967132646715304016
1064 1493.330835421270217760647292386227736648443711720307997284985958
1065 1494.155368613688803742654171460874033416826302244938040156548940
1066 1495.768832978941731640262413238722691651300000558050719461638234
1067 1497.065505571710063707657608186144370455664178542812360691055205
1068 1497.747360933121155702567134532021243599940624742248922940263119
1069 1499.640824746619819727062874677735100047379754176194410236873669
1070 1500.351951516603164877266464970668067297979650692774725733504505
1071 1501.119324922131586755267132100787755432182626425678725476267405
1072 1502.346063292399062924653131617950978160516020385201304518719470
1073 1503.090933126680493369498661250374583130978527848799077050161394
1074 1505.261529654671910926654104277293414770775914135757156805310942
1075 1506.152986138113179314532481744870567351413558425365160545826212
1076 1507.407505163830322280237525456465928910821903430262758921826433
1077 1508.253031029542275305300181852855494227763621123390872913005244
1078 1509.280419363223243290159293424095809105561264860471428547230365
1079 1510.391797446473538038311462371666260121554289825262012481568747
1080 1511.923005459002111188460007330427592490945584331718546258093951
1081 1512.589764705458127802798435801426146477871078987653939593647163
1082 1513.589765539918677586756079511559015642702902984198044484599396
1083 1515.708343586873929897339272503625505281450361128995371593688119
1084 1516.435989718758455005481080202558739583745039832371517356389342
1085 1517.719806254130186785136475825574259766307399105368311957909428
1086 1518.414791487253691070493351427817177836335781140994188205150183
1087 1519.741009493906820862830231792218793951082575142340965626739581
1088 1520.273622220356154270041307951657336802023119460687405305901605
1089 1521.901909065460911395427839299387127769044991609623991346484187
1090 1523.486047149258880136594550495701973198666379327720120243261751
1091 1524.724892160622186989841600910788017749728468218098021375327146
1092 1525.227837233791800071450719301400166778105279254034674048618294
1093 1526.552311910387456833343071676875017844228166187409731279111134
1094 1528.040930429297572159720535334754841072224156429902039545609367
1095 1529.034456728701310627987138517854555124150007104342048882578250
1096 1529.369975365194524165597029923943231989255498027385735394972663
1097 1531.020742970222322575866751293272056533480749542024414381005290
1098 1532.222326939392069528772873411251636627341518066243328827698787
1099 1533.886977913201592096682979885349131562021832290346549805158252
1100 1535.042277471206664585291167787846240921490118550187609144067592
1101 1535.769502395248204327718605254950741321714694523878287876906807
1102 1536.620701824029871898280469056754706571213124801095540531107565
1103 1537.651062167944922464754310556539047608465813366370613779407511
1104 1539.302854855583229427846005811869062840888885219006588784392265
1105 1540.030270139506368973723269296180908759042526496186525815660849
1106 1541.742248762789003493586594622949192836591299747122588820784201
1107 1542.496522922766279604768808440539813669139894223755784183867349
1108 1544.118670054520289895367619998515182799573102606441702629748067
1109 1544.834608227519480110202936235177787547479437039982793169321078
1110 1546.091197786313297886144801881240429150278045119578514853733123
1111 1547.297581121406901368000415263369874956100865737279229072716191
1112 1547.806563801857567812332259337355583201320871690374296671852265
1113 1548.871348178725372883927951671759498588626161439104826636723816
1114 1551.273845326404526567957097291442194189373783605663249870997422
1115 1552.006872837670069396825300557525687389927438473186171636168003
1116 1552.736105329803855130255029923889032645708231503077549905926690
1117 1554.156519109657777788806099804648379025100536060487175737174339
1118 1554.921285164991869748802058193192592241743428694198201272773675
1119 1556.162987497552752345744614454193981295764679052344793484174349
1120 1557.394507017690490987832151327896949623622746807806909242948467
1121 1558.339152852351962786385834986610109690232825128283936947549547
1122 1559.781154390710235255259288887185563141083678380404341032576271
1123 1560.876475777809452139941140513897006419060653090783329261706474
1124 1562.410153180194439680536055051872262019992370014644950317146531
1125 1563.385400958495537267918371439973056313867820598796751202326271
1126 1564.177940460431674820589900063296799028933477667655286447649043
1127 1564.915788262260135930225975877301827762227426845574694457664293
1128 1566.266415601551516737195789521195373379397375327937485002927860
1129 1567.623450717218105456669721959224722600557016803857613049710008
1130 1569.022477804374074528560956381753911426345261479050316947057764
1131 1570.509277866920837750153702018472101306156729437937428341670960
1132 1571.045381485538185056935902414935696945336199431464893507343698
1133 1571.845352088045338365385187681792210536037723411616887948755352
1134 1573.806563330271403834712937108755539925476016931293265941271870
1135 1574.230915429863777755373694780776787770963609192625694781708970
1136 1575.638154952016551704401319166024785491390414680701589054585748
1137 1576.161352363424377561327489311322958810507379637046149210410426
1138 1578.118826945782786074640761441829511655289826630465497319993717
1139 1579.514055067740677248002441096959098230127920888130692093821169
1140 1580.372081625471549375070564041336325429138783457187928220384686
1141 1581.363551773001820393000671724727922724541602554700413656218168
1142 1582.329486944147176256569250718710490621199392314040238861368870
1143 1583.394693435421748433184337712759841112546135462561670947674664
1144 1584.234848066376210517871719012845336007535462487221863781684218
1145 1586.293210750337776065599305949992199070363287796141047862610522
1146 1587.004342107041149829094811845244052913411678423193195133677848
1147 1588.163404028904790148031121514372966604452817258529674227655776
1148 1589.357945949557727776030931741449700140947252924642116393950275
1149 1590.835904321394104771306426083267565017592672697080494457149285
1150 1591.293884373572356231406265176493853066574128781949491348762125
1151 1592.637167039234918473436350730472364645172712976724014466165751
1152 1593.584808188861926335470883813601795344980473166811748533965872
1153 1594.442689655690523961912615828813854070976629950675814893260678
1154 1596.484492409654675246698921079352379306729545065997871862292148
1155 1597.715895944423128646336881503458268910810673611158680057484795
1156 1598.420798549670449745762223083535518336717444931040701021275890
1157 1599.619348950462806910981309058663099669550803429180957174666314
1158 1600.048044903407311117640762986193474980191392396982818297477337
1159 1601.911946228582195319048509851650955301397158335144350068006420
1160 1602.815404793726602517535981951440034323360627093475546924228634
1161 1603.655202996124079668404286136631546634456290489948797399854191
1162 1605.521646646623348704333010910956812543674511517288984309569347
1163 1606.293418126574223498511635574620269759221582102325406687831230
1164 1607.556905211982879540600895610858145980673938255653696747609580
1165 1608.836295305010015548216901698201564542230312598490136423100767
1166 1610.003264190037944310470787202544635373930242137674739966148168
1167 1610.253823162574488807567725458148863014176960544472281578973513
1168 1611.437141269554780419201858216023267762733941910914291785432572
1169 1613.078855451027423513522694467584043291320527278710133141568182
1170 1614.710627852161491739637425536761345884609727530425081370643427
1171 1615.574608718972008759901371900254757542661764289013520391175269
1172 1616.398394841583644176829126261466330840836010445091812991574671
1173 1617.734684840985208560999130222877098375578596579032302836150856
1174 1618.537517831977547528321460629325696546090976189426066929889940
1175 1619.952501261128849053360875098951662605706419796443182686624669
1176 1620.774310821388562418884701279764729303536395856813746735052274
1177 1622.098751698022960734551908184850779309636895565135462991344096
1178 1622.977767699475580047234466412239044880646354539487826971837575
1179 1625.021856657962789849854663430298537867215225960431308927731766
1180 1625.987020163621172241549750009692255854146258969691826413956269
1181 1626.399919311635551920494359764567867283982063868536046620210363
1182 1627.755441276315744955155584873935639358695787312917265185670958
1183 1628.715316856763230191984859786360106426691620645043403055895637
1184 1629.658668954947761462749036421430836948414114566470950387781844
1185 1631.194814551515752982858171428346429727690088345888042057328622
1186 1632.798183570708816965553043795252944932097585007174988146807567
1187 1633.512516889737263158084533501594913597771217845348016814342830
1188 1634.516822662067080706424221814236975683099606316854710706751087
1189 1635.718366326213799525578525769160935060477533429531335555150931
1190 1637.089190173370945876388902483371773796777521925941613680049452
1191 1637.994643586012752332015803612684826090516041389790009802767387
1192 1638.599658304213882696396942869676313663740436651092357834245218
1193 1639.821235729830195521375523433338554063530519894093831001464434
1194 1641.899819008504577039430071344156580645113797677526538520947427
1195 1642.489779822378073057345306823985146662570168947379101980277413
1196 1644.152065959737679196727043202987135331161544022341628635544798
1197 1644.713745774667882876164370792102921877013647664457012925383124
1198 1645.573760362766078582486625010121848632699522033945035325315072
1199 1646.624866593178890765820653786410187084840306672102795515669218
1200 1648.270598222531697807582656644083325748071316328639463636028023
1201 1649.118535409240123292286317023484976999955065860770684857028185
1202 1650.416988983048381149984088828724430522104404793177652856697640
1203 1651.732693341395981036998067974190561168432961413371372315068174
1204 1652.671065899601207082318963772192713826833841778407212389773924
1205 1654.205896759371166943082319962768763217685095503254393097041882
1206 1654.726652393321786381752185967545287892257892268834129442153679
1207 1655.822775676771767318206884526186662592980090588765899791790389
1208 1657.114236399763082353706850428758209056337919124891524029477139
1209 1657.567101179321441112896041135120611697980289468714642928702049
1210 1660.019980337998945424468981202985878164867880957109863259839822
1211 1660.860056833300810301495924279453475398516961813917421621711424
1212 1661.836892884096688304723361496694017412604504431349199864815593
1213 1662.377202549280083467248088739463852986948464289087929530980611
1214 1664.057265418110030617261083891271370675844471854479812220482254
1215 1664.968004486365083806974558416919352657427681654696285606097446
1216 1665.877640414486212330961352386153854199290054381085848610433986
1217 1667.241125051711277139386878286949306693281023054283724628545429
1218 1668.368229327401862652189855918145365226152785557181802359316582
1219 1669.669728452399209150017800644535314331928272257463133433041291
1220 1671.047182433303181979263957037980112559797701989380928689046674
1221 1671.984259333726273942436665614540224007149272304480049440276144
1222 1672.963370830781056597758264016726303360223601837101417296296724
1223 1673.687445333905250511074039540484476339796725812832371951662978
1224 1674.648462097009754796137424031288657420641256556909663036069502
1225 1676.362486323950475216755748659615065476062027112329062235095974
1226 1677.691227141526503618623631313934252878844082570693559752591957
1227 1678.630368091063650393493430785076486369936506846721830577716420
1228 1680.077946716809494439834994473117807616760767455869362040982540
1229 1680.504770112847052080567356239641378662983112802271021237737913
1230 1681.812320174266013360627166523681058888968189401120776662475105
1231 1683.273289260666770470468298447181834410749242501316190775734608
1232 1684.171656837064291579028551970227623872371720305775210336468762
1233 1684.558863252537241861381581137956111900019012916772642394703816
1234 1686.421121947838197593276937826381063019285212672865192241147827
1235 1688.080142693176588436740353230369097821785235696740270144701335
1236 1688.933868509784624056562111985461240961769119642037521058735915
1237 1689.703154256179788865819393982031213933227259385160286162154542
1238 1691.051559916893075944593409511845801139683911969898769519443064
1239 1691.515192892035152299187160603020127154723933705034759150575938
1240 1693.053020930197146867152899381568996638041238162175999985991217
1241 1694.017564652607856866831463504008368885921454480064235286696495
1242 1695.832554474187265513088078264775919574188169695483049254318255
1243 1696.654997439785656348972199974091312590261503686257676643367633
1244 1697.342514286564009349294604432515388189330912844686585200697051
1245 1699.229547187643018792872352034806989926866934346508951118990666
1246 1699.966817266863858564388383073637297801311885040096277021414553
1247 1700.820303245006238733439288712332011407718454897846377748965056
1248 1701.825550997047417233553919232082114752462415925904960188268195
1249 1702.923249764490519399324115347902087816587381316977373554864796
1250 1704.291412426679760281343751240563411970803376990696784541570718
1251 1706.256032431560377055487520385679708517815397967751116943590321
1252 1706.615665035026012470105194816773865631040220131011080740231586
1253 1707.912312493324514939294588151913525686164819522447606498622687
1254 1708.512116178403088250826828016565110241675450962265273769099810
1255 1709.780842298580484923407572706253597984814532942372060997978646
1256 1711.137603258592841272860739301135309033741089277463189745001694
1257 1712.155397654322368843190510484185840901753138171391099087447514
1258 1713.055341727513109628706829033256554297695806740596300349659501
1259 1714.717145255494530380907073427198693718090511220383293696551542
1260 1715.825283039820567835619201362411401469063829831890792616884905
1261 1716.769983717394902744361581667053487318558980508612614044746654
1262 1717.974485066158528153116256739741870741866332453293021272642758
1263 1718.954152498583751996121483127786438233599383775465888582090729
1264 1719.724469321831035110476898707181480237373770149377455164342966
1265 1720.498070947586531810458469080541238513829658575187531431458273
1266 1722.844661739915648825986834988154580715312359380975871981212663
1267 1723.532822631259873601000923361424437365587018393077093775642475
1268 1724.733958737658224911768447288037448954593527260718921759329894
1269 1725.638628019973830653353179967862694356685114391108333397370606
1270 1726.605700739885404462597420237437566783835624361285687311187576
1271 1728.166506760965425040578810314350328336050946399370864942338346
1272 1728.644486480371988396949391932877649812663279261376086831203618
1273 1730.023872544779144422567863357002861674372193380887688614404249
1274 1731.014193761857181783075164213545985145610642648011685740529089
1275 1732.430169859256836542028663440615238812092507087200926651366119
1276 1733.840825021430013404403100402876422310536288821283105796714239
1277 1735.175466021101098339878090445337143476128049799537728893389112
1278 1735.624715342870632327563694365707270011404577055037968108625660
1279 1736.305662733237988887384858380162240234792874310240559997805057
1280 1737.893884786928548284183610680948919226196522419706545822537416
1281 1738.783237588816054261497201596289288074327584172062977707927821
1282 1740.169115680140548587293998161878116979481979288524818959791175
1283 1741.779167808727257289365646660770278702688168508481447375138519
1284 1742.467680720782010198985592814800283224991391159538694416160046
1285 1743.426436858721626521507841096712500673636204216480275433367457
1286 1744.721511937699789776716004389862008461203398334914266444674479
1287 1746.097498595632694981088897965565448330241343357032242127013288
1288 1746.595456627128205571697663774996341557358859382039735137376133
1289 1747.781695527752417747951426604683658183138040586187290561694020
1290 1748.563987381080216827565472522100497567503713798859346655879840
1291 1750.822818489839100496969714404208943463975622275692026215642732
1292 1751.617794946251114836818310172803855185336344900688910910728827
1293 1752.511511140665935993365667351074559932887770523996378185236931
1294 1753.661355243139538151920086652452565125854696722354803097995991
1295 1754.763369874252878074452210384840089252350785377180813943476520
1296 1755.169694068142685182723626700789008280613073498182813354888520
1297 1757.046518460723108432760770557648276246228044644811438414903352
1298 1757.984077032818179991452682062328689136245349694615567787997685
1299 1759.240085646681894957162857464721104691880520632153638421908474
1300 1760.215166242762324185107829425424623351093152146664806524020745
1301 1761.854899938728070380092238353882931243484771071060794172891653
1302 1762.497688870660621630554227831490941640331757074309401496351663
1303 1763.719121496287047263666529404765940848577412348704438756897179
1304 1764.591476849091958354745758058374977926724859966817919833667746
1305 1765.400493991783835727808901648160596168289498607542216994233229
1306 1766.676243599477873545201071040934172243633921567386688928577207
1307 1768.295971136341381198622175367241925825076626729320143536200011
1308 1769.940952051635838334389232242837547116420564742652946309012549
1309 1770.243677312197348192617139398423926490524031213771856684276678
1310 1771.212944983546526725935301285096312958371888915789697917503283
1311 1772.328000363591359307656169656249014105572782914397641333158041
1312 1773.894915510703461811879518441565003879481666801143985074882642
1313 1774.660430990023590107676949991893952053725707292784724584518248
1314 1775.341987573747291026905672374229326829919047634639093425929567
1315 1777.255860224057987062985496154596078649636966936950453143550637
1316 1778.041734762249298116557873902672932231211062860549778123728137
1317 1779.552270809178961606809314479700563785796770462149143013546917
1318 1780.665228492998657232798024433108714365305743902848113660604200
1319 1781.355637722819562971966505242379934388754408214379703344411656
1320 1782.439067320020181451752013863025113380382669105756170805866553
1321 1783.084829519946484711479716199453082021523516104888838263411122
1322 1784.607946396612664868850457677263909568575545953674241894656021
1323 1786.342201179342528821325829223838675860850480438846657993167439
1324 1787.049273086816266390256603360992030575399011860406467175814429
1325 1788.215123479632823247643094352080698117730199708132010422340798
1326 1789.242179963684720140863510557929773052433864584816123774870219
1327 1790.449562369783540465519493311860972410079419599293949685210851
1328 1791.254409818795450149147778965426972270772654402016073854705079
1329 1792.616102735198182735946277883541461630508828552784964480866889
1330 1793.525390652409514822063232017474002020614707047565552037852436
1331 1794.178482007255591198750742115816955231391466865971276367732109
1332 1796.465140537430813751114255370848689246734190249513926602639698
1333 1797.376335671136769855691075202032276075593917449112841426657064
1334 1798.147067458075746926822763532138957940827491083606870088614708
1335 1799.231647209737400400064614183887962059467152446153245401051176
1336 1800.024724019739154568118227149593029299019245851742225245189428
1337 1801.309636945287992131076646135275517195502039933605990199969072
1338 1802.301283491450569858835963870588970940729813384582457241074289
1339 1803.796843813365957725242922768040265980288037954762719010421965
1340 1804.904160974812015447910250978191571637072090028354920014434271
1341 1806.289667019497781635010974574644552999629118251369677692993317
1342 1806.578391750963925581048890060139000423314815482449784353084481
1343 1808.714431865474890356507883256483933162355990346213824391981000
1344 1809.119273788287333095646767420431693305296631028790447705791180
1345 1810.108892987985804546815042171061756573086403871055366345151715
1346 1810.873719158854715653482648878151790026300376072058715380745235
1347 1812.420077002105519026846573684033241377590739788912231934971241
1348 1814.024140347615513423617195596424873431384652478827258844907986
1349 1814.973082363495849025905559630621166789934824358070436964112880
1350 1816.338611219674637287877667263658429557434834060206980653594531
1351 1816.758023365350853184434864847423343215264430335681465536684153
1352 1817.710608563342472647763608544837665716637037018691626071512871
1353 1819.260334099488250564022225088024841040611519377945586722103456
1354 1820.187882186811219183600836539523884718661106696116148025489451
1355 1821.305708365203909060315673563419180005586032054701828393242458
1356 1822.427671440302586928807853393257286002469637326401690485876502
1357 1823.766265895773287956296196105726975574269234838564497356503119
1358 1825.213676893013383353733071832547595503617088495489413924680261
1359 1825.915683614928409365476644320093610940927938046921321556018308
1360 1826.795455271492655557558673752989529487720384347417007086554139
1361 1828.211270499973141933934054901567861376812920441888014155058545
1362 1828.621091758031140727573015596956422391240200146433424039829455
1363 1829.832529709939702045809013317588538206515030847913823803947051
1364 1831.936379901815210814257718209881352435889396297497994213265300
1365 1832.984940243731554247653810054289054318849638085689021244730056
1366 1833.273239032730321520861053082318878350026464480456427927432634
1367 1834.721559748608499026127262595890791936152443864073359369989957
1368 1835.883754437692548567061628106079708382020529399432297555149411
1369 1836.827672515957489640815383718141863798549471427622281206332180
1370 1838.086943305644553436012807544018606092457517837634903334350831
1371 1838.640288707650741070799644765415944151484435200568501243939015
1372 1840.195563473357363106727497135850107790518558182919831404672781
1373 1841.478582570643394257082226625257727550077539230849815107456521
1374 1842.875955278667221445726715441556593134307694832708358518240282
1375 1843.771057743069120456561056688080546831484937206727354004951198
1376 1844.759043650095888927068812748606129070793065992201933338127045
1377 1845.417534146424529184835945868227870393045322374543670207035326
1378 1846.353253420516416602189404018829623411729224143372504833736451
1379 1848.330980622383731433415372451588473653672101855212236079444539
1380 1848.722760910890866404390834231775822389170490212349552320048818
1381 1850.601184047651463659879441879380576118276518465524507650699734
1382 1851.400361994589779203914370846894799334406155044928177465255649
1383 1852.342204733386277236302511308118572240584817760346781117681110
1384 1853.519342920989503777937861122281371332597845121966221352161165
1385 1854.855632115986727770019344996704223128175596040178932928152345
1386 1855.592934937055467317870717265256978834798898159279458014497243
1387 1856.389179153523854467583731090395918490629205943017434749941060
1388 1857.498074814880186030131745714289914799013623057690956658059460
1389 1859.495271568794459978385044032811630672103146580789896954062029
1390 1860.541388109336813481346766956689039854662331034059204827652827
1391 1861.379671547232853462528349929398487726221168659075081294704994
1392 1862.121464928944214881546901326468878303170406669136185796915774
1393 1863.425464845096486006563125387465458191015588318079151304645886
1394 1864.353981335746251375531280643564304282868096584881505508920094
1395 1865.367433794057890105678290605768644032429619826492996045265281
1396 1866.836547018608191339929457339916303272480919744785135920755598
1397 1868.085190998609224366009378473812604479242274207565932153210622
1398 1868.706745684408117519670849436345533083140687583307230132384848
1399 1870.421471768310790151708991153511039486802752186454801727109502
1400 1871.416043098407145326019776389535559148269783267461208008478311
1401 1872.441566428192717588508826615756443170197539788747281866624641
1402 1872.865667637967680009891916646273206340825501412962753715130216
1403 1874.508361412660135338418593131626648667520954027965515299442841
1404 1874.913774010039541468588008479603513099399244499326271190136204
1405 1877.095064167339774612439616474807277536112714836860336738287888
1406 1878.022251482753471098901814676872818557480309465249067587055755
1407 1879.153303090461328571736814678245987287468137136803183697637200
1408 1880.082325418994379763301187178662241247409956768248983059468123
1409 1880.611766479656867414168145956247609852394972379657106577715308
1410 1882.321974797384684057811890953611645194123569573695795135808278
1411 1883.408724269518366030718165828979766596927765873573138511790088
1412 1884.005778349667142356788438374532621017064363679171589308475967
1413 1885.198075130258122876007111243636918200718120609306561149957391
1414 1887.053894806890124232468481646961848594776113956279196860918244
1415 1887.808841416832129527162474845802083469435023881646065268583738
1416 1888.938182636579454999549850837161691937479446103650973163155436
1417 1890.348128614244545597396400941378413950766129735801168036979413
1418 1890.612128587933260930813629144681137173521548965726087865276902
1419 1891.678510539728787851251100672011649797698640454864726206217027
1420 1892.867701335791115341100170636513128101807045736755173583039542
1421 1894.558537572429687187310840486622270985183622536573749038789719
1422 1895.697155653584563296589495598942411295825922955166420720605698
1423 1896.585494347168901175289023165789453322462706378101214842138572
1424 1897.513692859711974093951382104971781038581664293048855582678285
1425 1898.829372818679482109816063604437451984746410069222687675677008
1426 1900.006144829143996610551644805282632579330913429417742395772432
1427 1900.571884272414833831619413510176991928311650718473262437929999
1428 1901.891305750600065080568056367221560931077094885510595297072547
1429 1902.805059206680062983353913240417736808490307351836929263211670
1430 1904.089325323351742088979185379814832903296596550139706374686488
1431 1906.102756198181956502046629848151546478484213403836129141349732
1432 1906.597678003766215393603923424934520610336962930556252759234030
1433 1907.332780123909926346037141832213205833872886857489848076352685
1434 1908.433063045051752229753467559628516829458469494287898800362458
1435 1909.465930025982380253955996411446978326007843053938840867853599
1436 1910.733659615891596477795008907490015613514815275939284469861831
1437 1911.704690943172158628321554366963168872443255426980580259618044
1438 1913.182489775883076813639879787644653265933260447118576379499434
1439 1914.352300051674052677269457948515377502042695782035908399977849
1440 1915.054629333347218570915841816335326295472634238308075664478449
1441 1916.606371839519353790415037895058693221440347207949258462940814
1442 1917.344704041566345522915353652737464609308973703055613939113282
1443 1918.786498909856788986721342640733203371464255417829690049818225
1444 1919.207778397805238263969528573261248929885117902035612056128006
1445 1919.937457371217203896593615717157422078771648956964669812032866
1446 1922.101625621993703442189010362862148092640079213821376182314942
1447 1923.280837936417442057529685812649352387063524285855376721753371
1448 1924.055831101440849519510024253688625639863513239628993255925613
1449 1925.231987975406529411983363270905825208381722827723644701683467
1450 1926.211583079894078458363284699349410936039214450104117132679291
1451 1926.820092794871576744616647587901472099049382080497167125455039
1452 1928.417518549519447858834224175221304292551513253987013571705836
1453 1929.487560180576489987259139210441161888141684888926314956106299
1454 1930.258387180387325797026531835539990137741589485528570750686359
1455 1931.760069436524614011377929479970408411941016897480419619605862
1456 1932.875754549946917778836750901735034282283508746667493228982001
1457 1934.416436369151903416412919405961229198661808207161222832365752
1458 1934.907943434365697510017570812525073362019833007378217375381815
1459 1935.924848803745694844526895831419420921392101013464830125203630
1460 1936.873093814278902386711102207589552781600607738230569663792740
1461 1937.968633498019957719647716040296323712532835758818857911308507
1462 1939.050029150544125716814473641659760612204748567701048386612937
1463 1940.977326705859935993002316109026086915327982979816380296015451
1464 1941.822862215780232950892794668803897490804990417863696003897878
1465 1942.633568692246150914572719980172839805476970529411566863125634
1466 1943.367947449252749107006732747903654708906883441624594428784519
1467 1945.153796306367959584251285185879501726206306557582979720994871
1468 1945.922716949483327186312954192080578289265182843118665373755332
1469 1946.609945361877410311279880846772961098796017976495496165603969
1470 1947.917047737703604079913565604767402381067764931669279877658937
1471 1949.030030073606550736929821592023715558039203438603132055345851
1472 1950.743201552863158598429692622261725908513412459098816031115373
1473 1951.536695873054910398384882565612102158628332073076555159315229
1474 1952.850129211865753276119948464978113657826388511850431412281800
1475 1953.448556325135770052820725556875525105027106864826121032606864
1476 1954.418588175214116790112211494103139012937120499888203812918479
1477 1955.315809283718388686037137053557914535767322207101252333939378
1478 1956.848164578215508554636602269454419186817973638383248551329599
1479 1958.314403555120358564964894292547726625044356159427385137989851
1480 1958.851883463194813846470426606853579640557761434286876534392115
1481 1960.418845269381796764848125217278994247137378526007089843186562
1482 1961.359277880014379508300189038765374755431908708054307770945176
1483 1962.233571848579798072580395354608789443787816036531253134267599
1484 1963.621184573202069079435794086897654358763571217367411206308228
1485 1964.357390938095597209784243819103421637549145593718625718957187
1486 1965.377829505103857030394317950518157898622478717289163090967459
1487 1966.117658574074526474160767348808214092657653604215952532749081
1488 1968.471602019420441852810622522661993808192902598925716470648633
1489 1969.047617546527828615054755165918580896511321175492211646090914
1490 1970.305009517033761407286229164446672363092692029866849341103465
1491 1970.855547579945944308915005670342667237376495119189264760901838
1492 1971.970312804811386640254919020328234323308088011933164933487211
1493 1973.182663405938679691731041872908348646984800431244660102667032
1494 1974.347201910120085258704640448224586828619971541215517005539515
1495 1975.080610302266993556027659551293514649731728242762114686032892
1496 1977.173943698039879018376684178592686974291728587914432123089791
1497 1977.271446199746510741696631509750061052206582631991722346523077
1498 1978.801448167731529631538650882264689877103962163287419128464443
1499 1980.371772287051336927130119231242544660908963775204985730758831
1500 1980.910043091024233255044380729759944751091180193406345336861599
1501 1981.748768897263483740319955004246723476639948070799769857207313
1502 1982.663279195276514024133931099996863228672938399005443653975083
1503 1983.923804622260659671098318105246982443790461100987525126037022
1504 1985.416540174526740221855570530215958332912785583648617186451278
1505 1986.757107716415197970684357212168230639801241623206588402102539
1506 1987.873473360724317378890267527527802144032237970461102811164676
1507 1988.251876807355766020764750425298658818407162236831302706803298
1508 1989.702002708021618926462623214960196229560915796436348082273350
1509 1990.478352526426991646736489168718676993668863760731275045380554
1510 1992.001706393527902715477356686758682450300267640053146028497443
1511 1992.784987875157572781736552090644420498063958497503494994481542
1512 1993.577493138259984639429090254358488141817126946631471137202301
1513 1995.168739611888537748106731010099342629326634853986257857508510
1514 1996.796176966188206905323362132667153959268670061685941027854981
1515 1997.390914059611449311914752879605815057403224362149781245041241
1516 1998.279006925984822422162111328350429448677736858821350015466276
1517 1999.545764176267588903843297223306908367160272110933665178147803
1518 2000.434515302432246776894336470632787481033546605095877221555334
1519 2000.929620689184555144098125939348718451274777884846576561318401
1520 2002.896408374361740688187683001182254806848786545875858451927745
1521 2004.139669233270134958655819432666772215256087402748517106282806
1522 2005.077848124098759130623273310167378355212503739548555367661910
1523 2005.900934885785710899243467187119232630988162192254064941934539
1524 2007.125180170301125895340903776932511955343836084781491692397103
1525 2008.418240330262271679373576344757445032507699315378122281803968
1526 2009.176634122949589834428979250114904928942789271822834321837388
1527 2010.153324767559326408443163309150026596415379479123866576349625
1528 2011.020705073650057571084116720376363348049036498833492025473500
1529 2012.538935477421745332358319140557312492618971448042195764758515
1530 2013.872097713990826264798870758106568595438784689667757730931226
1531 2015.186728608706282909592180127843516895404665846551826383543255
1532 2016.029638032375393523384100246828213154355366323280798263829028
1533 2016.800075655845732537992644232404274382452520098798242096099186
1534 2017.386767251961558011384640063906297185305018936861655550396941
1535 2019.264600216064099761394157098568768431364313668014303012570522
1536 2019.884367139755293053501542553557442592666541815783205600747838
1537 2021.196042768892788024379583703123330302127585299181883847376775
1538 2022.545617684688266029969869109529226426472489227998710913231387
1539 2023.572911777100747848271680228826902664777756206712097739834090
1540 2024.488262157951250297378692493008357276821545478659977568909845
1541 2025.878906202481560989771900625528379451956215753964462184642042
1542 2026.738258912152097653909174761646807829530551161643303153102147
1543 2027.573317055997542412336868029148077286547410435216213940421735
1544 2028.582459354039951631889667915362226965892437843947967150626383
1545 2029.385479550966647379168452946214865580692021873507496536306268
1546 2031.750550690618736964454253044167765944548187534740809456511687
1547 2032.420780856286430224698594916535691015576621389683137299932545
1548 2033.017892745669815810169571210260890487263509645042271240727839
1549 2034.554828788956165086574179418448317136463639659942422031638979
1550 2035.077440096304077976093505499340518304097672664709806938343678
1551 2036.527526483370326716540930765671731725372920593346522961942978
1552 2037.217111094340891563124566887878220625495389238688786473689168
1553 2038.841738250867750155856596248117371922559228088901769504726247
1554 2039.443218740104451849519992011190358961425508667130551484926072
1555 2040.839119673138223887824762954636457379039558529402476758959349
1556 2042.344586250604208897862195635716464327327160187066542888226149
1557 2043.217116563323964478921317344594299391967771174965118588623740
1558 2044.121593291667495425138586148473034453064020109512299616070006
1559 2045.037320859814820925431350519043853803938658464754524957913954
1560 2045.802760431561935428444533622016674503318224535310476064260463
1561 2047.098336345607132274609246752835491946081712990604438644916932
1562 2048.454094066161112393306103985863216817850408202226700771938372
1563 2049.847525605716069264195000998762818825315569347451786035034788
1564 2050.906055384684548381376989299882746219001432785581416251632495
1565 2051.718388196256319161919762452601290921191894185781492809220107
1566 2052.407790192401017867405252197612122972172125369277575943701713
1567 2054.059916898485734258428446952024124635728386338607670107772603
1568 2055.180267326166661282723417582114065857641181862495090203092411
1569 2055.572602899048872178760211323751140891913510080979012321697583
1570 2056.620866689893779289874551512476260600929787411709464205416687
1571 2058.450651118906136128173580181712024800647719079143203432369653
1572 2059.448021743771458966604380390408206556769361248192552943054692
1573 2060.868247208107968375762557886823515974544202995550403811106978
1574 2061.367059202031889720619401923971724990243306432790883689199178
1575 2062.572650919978394091831868150401014981181342506465597089082155
1576 2063.283559498380763148583800120939066843825353816409566357343131
1577 2064.304867699634148083154937533548013628316013466837873835597854
1578 2065.832672281911464707683243415499630062057321779868495148411609
1579 2066.985229377985287351231628783625586540507514208012342292075055
1580 2068.345638527370094715794203226353679949782622197662048541862964
1581 2068.669941082812694161775897224382218832718471558373095642094071
1582 2070.504717593445975155110773128584152397750514730717082061740342
1583 2071.377083169758596449908974756804086843936204212959751631156821
1584 2071.990454814760787099573069870793373101722437251996956361823995
1585 2073.397603715768406627215893291802857389829923252509298004895398
1586 2074.171064902152487264222440207273888557087764228360562154660302
1587 2075.028065544832156633203400373733340278989866248124178457478699
1588 2077.117570136877207022002059087188859278088337189847623510296852
1589 2078.155484639214284075548204827848229833230718284916918288094283
1590 2078.939288114876902368812185116901792984402112562378357349440028
1591 2079.567628461893227357227005033844086044150843568907347907261828
1592 2080.910343457561287922134180601546243504739422868165825550940149
1593 2081.799686563577146136113479384162067817542459285960247811685489
1594 2083.300276858827975710837822888686576179581473870038188335882694
1595 2083.779992550167397584364966273781369938545104956200239409162493
1596 2085.389813692285986675591125729436643534618919621798289057768945
1597 2086.580318534381421521997952209599486523013595014862909044592330
1598 2087.473340987858016348050095007463821829450401720437794785518151
1599 2088.712281198732581189418399280517307739472544893727567415153889
1600 2090.036206757016941573504198139322524345359390199685439791469371
1601 2090.447550027415866938227018439523540219751447125426762227694769
1602 2091.221580661131263636869492328944977657787372076949735325388481
1603 2092.473218110071891742317606002815934858972674017568547616710015
1604 2094.335917468631955154829188155066784845765721834306102504360993
1605 2095.138256660294823669283339923063356522589869147281304499580124
1606 2096.346529979252588528502926451470703862178557913801905238278752
1607 2097.371606357192894539270650893781980655342419210885802608717533
1608 2097.951922199887039635414732147538560457530476465460935092012388
1609 2099.311651265061347463510065155433260461490626272522636394727847
1610 2100.593745236861240663834094781969856670961761117652366458157787
1611 2101.135489459108414918273086115787916945122918035752851772956752
1612 2102.535100215297700958108874301572410112142129073453601905899968
1613 2103.390454808714039348514756303757269051295770197348779156231536
1614 2105.372206591799897773388795277200127254549768601742466291489522
1615 2105.994704339286241676884018752805413174157889717086301591800377
1616 2107.172362432443341469705391160205434343229417668635842849241186
1617 2107.617911407514327794275690324692568704352619651367633227220738
1618 2108.938384889015335597987949055531508782274593406804417550173479
1619 2109.963143181267582022437985312667220959544773123283522886444702
1620 2110.822371848131822017465608848249584586868272612250199383441806
1621 2112.907087523190777713859148301488676526660670170284205936444108
1622 2113.483966448430801284967930066230286879428117016699088956820803
1623 2114.396137325889992385977941363427767641775589607102655912974073
1624 2115.506602794684114453519933055798583243266100084090963106817202
1625 2116.900056068394727573853860466971018511552805668188989270637186
1626 2117.722399441362978078897660112741528376661433896395653130309935
1627 2118.618646217029262713151929086853032276558565521164587160632272
1628 2119.456428468939276684167706879913763592428976046534653420645360
1629 2120.691562591843950542791599350842106254712789015925201419617947
1630 2122.465151174928362415617356601537243991322426532682540533414843
1631 2123.344042303462499324835279657827526765325319848301888299998866
1632 2124.370368737568878200365557309701292877690890644722639839213421
1633 2125.512400029151939221741182323479431834777982863090861709594155
1634 2125.958784840373305395253949905054478415250442880452781155950691
1635 2126.975711192557988962679723240849820720392798056653211269244206
1636 2128.752290554262836645244594287578447229508461337265225802243792
1637 2129.406080228328442997538795108848483780491099849100390002937849
1638 2130.555102283235916685014803215449042764339804045432997160381626
1639 2132.080620992942643171180819569400482619079695569628463964308511
1640 2132.798516467884154644985003859766018214483540000526654772464282
1641 2134.154933985037924172455068015677722028455926956183115423288951
1642 2134.950772504315672128920032673264177822449217497785512462734243
1643 2136.086897524703213711696959529391017774095043048525094517767613
1644 2136.967470548471870359072926711494655416007438444085212323719430
1645 2137.509940525910913575812678661303945706658367085569102326102210
1646 2139.380759985201107577489734980224580806442736090851887341429777
1647 2140.949362639097040588205166832263219780146259173474058465611353
1648 2141.710035960389950354974842460641630317882766142869991852913389
1649 2142.355043196035385267586996583114608334912375050372319799343484
1650 2143.374444180537885595292350533793862494774656622988699334107909
1651 2144.895337431360428693314713800282926293556065230305988625302600
1652 2145.505753734180824039627219699287084080365723877852494764642697
1653 2146.625894475511517827017017325557490996716391763979095891280506
1654 2147.785367345630833855220487872845357311153995850953523238044818
1655 2149.151849382889221886289067611311545558380544492191137964069677
1656 2149.910639858102119005478010319264098503211254444155519012012768
1657 2151.776885116465025947985793995568461880516928132693550053482961
1658 2152.390226596919655112432865619938686282251352717051156847099969
1659 2153.011964165386528639099432774229443543371574552368627015725206
1660 2154.263623952320336028675074645649035028920594572667660150673799
1661 2154.935345848225473123273304599632966629819205192514878946119692
1662 2156.394727255681689229442680924135436480379178317869290513947649
1663 2157.856489565353127032111314721787440137430167085279761700494278
1664 2158.878072291083204488174191777762801839212565227982322887800732
1665 2159.902286017170492481155024747337305578365742640876408162399279
1666 2160.853062328184191260621562657152970981474195567682723795650357
1667 2161.692172189209531650796080360405288805699428527408208858344843
1668 2163.107122285732380342668448284930066258294525133916831993752566
1669 2164.049720356357350273506009948591100075551580555151508635221556
1670 2165.011437174314295775248101111436814550964448331773379653752591
1671 2165.503949023375744210702305925143752659638526674864488531731683
1672 2167.693444254746848034185578664774372134254692669195339079537342
1673 2168.890615851853982383041364338346972510226127001395956398924851
1674 2169.263829283364955071557241377834150094936761899579324254704098
1675 2170.787074973015736611502974586889282029471418469866097157442848
1676 2171.396361926494691625652739378250076393009289782044900309037589
1677 2172.250962827516326407028845738598919031915291206182220359892738
1678 2173.528296969316612154216666292423531206102292598911342194836024
1679 2174.745020803476645526704779777291659456811622466885691199875370
1680 2176.204119466215638373482619760607322382335340792549341637221109
1681 2176.939451698977405984224536227008672300039702638038744186987228
1682 2178.004209154761124386594338247036087433756492997659535774671326
1683 2179.232185029747187483630871710578396846303628635146066250493091
1684 2180.495318259278780744339887778891391800705541679330098281555729
1685 2181.252367010681768361235447211994302262859277642939189880048944
1686 2181.725783029819561812588327358281254910734314790048377001384263
1687 2183.330584017279937627069763517219685654323269655580344123523009
1688 2184.103190760680534924828556912124035653145472983938672657253380
1689 2185.965528320683109004492938077377687114366270974288216124511142
1690 2187.085690959372521088575430805230281852370109416942370842668600
1691 2187.798455877827899041430967982627571820902936676469661598189550
1692 2188.558763203088543232259963312242975824842592818676715641254244
1693 2189.497072902605391629206738249849124288987662994524778069852196
1694 2191.093363045749275649660771102727485924173156095287934796111277
1695 2191.778017400507988688862890805986142455516011877781456974654698
1696 2192.826770539861208746918387240137256844878517309894167465318415
1697 2194.231530050449700562117761392742598929139515675409104994680742
1698 2195.231687681255784973870062437113363337466610577577201602297100
1699 2196.715977666758543540944518224404864702330529292564519705661593
1700 2197.258747040205904491145550934801427764401705623499994244112140
1701 2198.687512684367522333656835012552789419914202786865129977433292
1702 2199.302965320969583610066963997199706092073476475837199578848738
1703 2200.351020913263048427462484775363140650827127721655616371727692
1704 2200.915953025551824504694198661700545707448802206482979158677973
1705 2203.277453730646011342180750908021866588537589782184421041527945
1706 2203.906364583773548146897146751554319131046605202106619686722659
1707 2204.997801754830107949104578150119716405218425587192354785741309
1708 2205.855761245543920529449324772553605909939582950899321994262946
1709 2207.172161914952220288887636473767257645008725745230452642948646
1710 2207.802741336736954730745858881558948592943626164932920293258664
1711 2209.153744400263258074146341518770111869198568814256148095170454
1712 2210.208014989250364449370027011387189543780953047040640059120900
1713 2210.850941099296166739204014183725971559424230347032441764252796
1714 2212.343568400036404349869525086619002471488363608819873231394460
1715 2213.700256248436090459334793068350222925009648764932277426684746
1716 2214.949925632092495772632853017768176034957494569071352243359769
1717 2215.820565690645555032710021606675900454130504752393866956982872
1718 2216.296375887645193428666787390651208522628776902564862866706082
1719 2217.469375116225193432525859096077739081675771444580585550288012
1720 2218.521006913395296268516626625276831411616405280166496626420602
1721 2219.799815698361061789549845402682494199258884976036048931720597
1722 2220.852158848914182607607410702873915583291608955397894964224896
1723 2222.636604588097467856896260277227887828045162505140812503849901
1724 2223.055057918810407973036355330247829792161830248854612271459657
1725 2223.777772507214529978820884056857845640551669474767682949469528
1726 2225.564645117169426005229884316472836743863913338265100871532365
1727 2226.332734405575587132704851965174882204055565901410949902927022
1728 2227.246229376595376532187445838924806902305329940276358476232006
1729 2227.970573882256309379833413007504529286499140901027358997605453
1730 2229.127958910123303939273386274593407483719438190412387094400072
1731 2230.898690856217248629392316478655626805360943999102826247026288
1732 2231.977154074073314006073963692331372899924881632400826043651458
1733 2232.924853868966181778426590490502009202291428884200904402634393
1734 2233.720222250312906190766920265616783525454670069995394259218233
1735 2234.814934531326900014300454318363894031836947465964190384659193
1736 2235.546662135600063188542723045078048854884963474399286966677539
1737 2236.773643845099835781106977550797447665207824176706447883256692
1738 2238.154799519297615396552826768565795248045486876753117409787788
1739 2239.167743960236659464470440774851799063219093084566301244273594
1740 2240.021209470471096399310613466547128245546546966829360963894342
1741 2241.536186523766402052072957087423238738263378968031655163888016
1742 2242.621180159379481080589055759466431455923286822779514995193038
1743 2243.373668418961998535763650944118892954602675600015871335480099
1744 2244.370701700430338609059323062083386955778724034654119238852659
1745 2245.565286531271342234985046672757117700419451772724591670689027
1746 2246.016558178285626968099590885750920309667763981926367833477658
1747 2247.364431251229392022478595132058696787899343639330606153277437
1748 2249.550198573537092658359245260395035088883007865756024216207911
1749 2249.770766552723961276492583831893897799450262484656814605296508
1750 2251.046641941553166316283645487057253092523647107544793739664380
1751 2251.845318338693399357920200567081216940639586750860740198035296
1752 2252.678432673838856581410903740392062726734270398970589001482699
1753 2254.562246994389553108462507353555305253742522279545327922633066
1754 2254.759079001303995297452668159356269804905820462849483439757007
1755 2255.824565571536941238408097750223546043324630066043329052922713
1756 2257.346384683132800660565376685714129913190953076434030316839483
1757 2258.501847291145838169489465928077647392124340127629681912818816
1758 2259.517842057384273982980940268765903593901017055377554920767469
1759 2260.890259416800265121190968815092135826910909906413392430628269
1760 2261.660064449481099011223661973689746299824802623320776613237284
1761 2262.674430648209799538701922106624068165677675730061615815514619
1762 2262.878305381161112230151228746858588395787232436860843622822897
1763 2264.676399705770246638193746415613747605546069905126066716685847
1764 2265.768446115469447788882732793840411377379833150489827681833720
1765 2267.384501067544035832233655723719086344429756978218276909859718
1766 2267.879175337166069873946253672915745915871959115921480507471428
1767 2269.226998261609550659237248616108073896999365168765087263118889
1768 2269.919103216838346848388111681107272542065980444554354158822165
1769 2271.326282468066381371305889760961680604683997775998411687858668
1770 2272.049015701237658460441317437651957789286677424049883384291885
1771 2273.347534053164474274792338456837527026990310208066459460426752
1772 2273.956289145943056055512194927877466775413593480788406106875489
1773 2275.068664775971333509602636762221793180320296168721934341756081
1774 2277.079317756623523062807516608993723181225280172620354682113160
1775 2278.012628393305380980863647563675075230621320869394322871458438
1776 2278.525942155784191746960418351960609555397473934806429722296120
1777 2279.507305841119493754732196423831486976892106391666191570865903
1778 2280.870719852586209260019212823262692279234270385770182378167235
1779 2281.356483614546293589524871632221452274493731571219628124513329
1780 2282.690375137647892348961528879938855843666985561568868258301499
1781 2284.056011459351377862035858843533357204664431508359485938297182
1782 2285.222242364866503875296739023480882138450992655105325869222730
1783 2286.149814140564054168645910950716802087699150779513957307669706
1784 2287.046158671010604166010393074805405151699618939687826328288516
1785 2288.578849445764626369873850977598485719752997534500256432423621
1786 2289.336284710134150106620468992759498181467068903146691636374447
1787 2290.241458210855731249567255120997564644210910546118479568739444
1788 2291.097663612112011932513507904791361823236193106597422202992680
1789 2291.928901252490557180191685167570622828993426400445043088990893
1790 2293.896145106086756681450865115783685611678962176717215371208622
1791 2294.687918411714311439957197882262409557556885909331483166465322
1792 2296.115091188330346115294905690159140633293690573466173622330575
1793 2296.998522472515126633932469530388715313602951543587554724405257
1794 2297.372647579809593948834465927998278315554210410804384284654008
1795 2298.612363365660205666884879460835507539833754369160919117771733
1796 2299.961577620089686754623139772255974711665786209262945163586828
1797 2301.234125798830902957743066751870764776461420233075323525010737
1798 2301.454840351728464478866041246374314220429367672748474691759984
1799 2303.295481982573223044669906628852706170826890101326926446759130
1800 2304.305138670374533597112820955165496557916171781367564206635828
1801 2305.508356788681968574967461423905262925043902403493737330709275
1802 2306.517733070003535106322042912210498802947787696422609252591621
1803 2307.355553370478083133853315670184017788403336317773038868283179
1804 2308.210284634764679012544883540495461664552664335842247865359989
1805 2309.370358239529117023469288130548410616921738183797957621631087
1806 2309.931122384183622924544565242719002837523674892043886621958215
1807 2312.047996449610743573025857798458433091245905073334141662624409
1808 2313.190914170747899328309423230125389046758803777747071349697265
1809 2313.689359967223960407923441969009622086467169692813382672631248
1810 2314.621182113594161877086395736112900391151507543378528980033481
1811 2316.049454719988829155005358631542248886830811882845691808889338
1812 2316.962494504840772512444382669406193781811501262365120851676505
1813 2317.851531864277040303424185787990847701353113896694126271697443
1814 2318.826035336430148359696321996091949646006937612562659901898397
1815 2320.088523204027257645796801402643442145940211315074969328361506
1816 2320.949531628659605165120469730595229153126984571054593457403854
1817 2322.812632606693334256532358180396535967671793996897140864947791
1818 2323.534274240766059714837527449045623834910215038586377157251058
1819 2324.512455232258388954562435348433653264172982698040821433576437
1820 2325.557096491765453917641882648738010125594690162527425677414497
1821 2325.903015927513107748495674272948504319058028131073767395752880
1822 2327.376855819699561060512077082549568387803585498590791780468458
1823 2328.634875101168609268480065158822024548118788877834573863843573
1824 2329.705723406449555690779525083201126738935338220470459082645288
1825 2331.013110289572893027477317577077364143039355036531407460870782
1826 2331.942707806402767833812386815639690613113562738059262174407988
1827 2332.987765432775017684268115131060897169890103322958879441052121
1828 2333.720863373782282747764249601516900708362373360003230109930099
1829 2335.531712574450956361888591148875952816136513590793493849537723
1830 2335.867153805649781363537750151270759265286416396620271467360089
1831 2336.621036786238721339516370564932806698654740544173827463195511
1832 2337.761730158820696863195874177003512306990905248107256333094046
1833 2339.615683895982620196781503186381100130796449020103865691344590
1834 2340.826726706644481424806939281524842574328793668425299857541096
1835 2341.324596186215486662044817832229817875811863141190382079861206
1836 2342.654041658469263808783809161250023776048911748335747160459647
1837 2343.259158955008860152899379590714407255958376812482649345013351
1838 2344.311216236151757824705720314029265061280970498719108547027026
1839 2345.570483634473816645833841907054171512617929726422260567027832
1840 2346.464119529787811114178931879469169644961022913353743001512683
1841 2347.934254641723674406079212403551673315887154552774869069801466
1842 2348.843423633455680124828224942621602648423313760684676695923204
1843 2349.730054257837876706143857880293818927194925194391473797178243
1844 2351.455046927851231854949325603517366753862595535061187378239330
1845 2352.195701502536464589525317605243481549235760820058211396792052
1846 2352.750870075454590985102914376628990347044307501999714035899489
1847 2353.912135852353059297970337878977758718709849135743956417878039
1848 2354.951081235008184082217989623306371269584944173951036595567223
1849 2355.810813978290615356116881324028115158317308481816957982348582
1850 2357.608315920247485789279315570989143623468125123213672814826511
1851 2358.904705198415579000437001145724521417600042804968566017959586
1852 2359.434859076439866835132866005983677326696915397530654663146075
1853 2360.314285089526338651523924407313671423113910596519303768981283
1854 2361.342541641932631563334534850892315199201233830180273969827441
1855 2362.718317922921381033338023873943584862015734055879924356449179
1856 2363.495617654118633867559642575705916050880356930911584910937117
1857 2364.751176089117010111223345138015171177766137064540053461947421
1858 2365.191515064131916564579355894892883595621088101589126748455518
1859 2367.249219842959468477894332996453134545058520875046368248661745
1860 2367.957701823155859105365684792733851329275741396239229237419424
1861 2369.220577767399032026332223448244159431894759871825963782049961
1862 2370.093390284232169389271268237460403529235658398327474173585159
1863 2371.100747929721673489808688612336065243051040411152647390955507
1864 2371.938137794610108150871235717978317020722905952136605782756265
1865 2372.440347260055843739759904084002681705116419849165406363004757
1866 2374.444230717816650288500339757360672952791740941600155378326255
1867 2375.543967037372248899773565901086195044510939074079766009335362
1868 2376.355463515560189748490908866929224628419252824610702796200412
1869 2377.755407914012799016083159203339545797382521159459275017402114
1870 2378.212961679662157315899099725863844206145157009624383006283433
1871 2379.726502949965822242387965522860643780491977626226619913196255
1872 2380.545657218736259306994979498120349168027662082780110051160210
1873 2381.500123710437529731055363496745997663000033015729667566601974
1874 2382.530830566366402181744109006658640189583009819295172907716882
1875 2383.356013915980869470067027062803376387234871934078355977042797
1876 2384.965071641182469726209682005440658533874219531881514053082663
1877 2386.430937109503890289813460616100683987764552183044330725008847
1878 2387.299084122336514757560436399815414167969602423876579279408904
1879 2387.813568556078037286797576751489873609483061963500826929775523
1880 2388.748207635493176415535107635205382044334032239108909869815883
1881 2389.955988113666157004735880296544215937028867277052647157309408
1882 2391.260549872403399478922440949297413186768279786896586203216988
1883 2391.754982336622772778133193668037746489822408434916795003782663
1884 2393.630593291699855331901786354702424208726895114382330762223157
1885 2394.485367856046494015649715878867076393845511926015963468167225
1886 2395.270169994647092172437337790922865457887351501463770310697911
1887 2396.603878762616071581763596016088733111720359330817813912922241
1888 2397.791643761773763503076252955282219448845916634339448887428510
1889 2398.558311382532671158356593141074761833613411608414728915568348
1890 2399.433832905785270121664452017594329180027700662118116062435999
1891 2400.152356522131457194886699166587861531608108719243235549007355
1892 2401.482998375771780651165479764776487290721481421809579747916568
1893 2403.418798445345203891615757945630669554306246815791819742629815
1894 2403.975315148967507493640531626183435549095931244642678479868872
1895 2404.921593489769997569213901139697081775166607491496173430312170
1896 2406.253988718289485260863639573299531848626052433249938082928790
1897 2406.732851182109508443645522652204399049935432919086860951824844
1898 2407.715910422269907279289370844755820773358040968347177374488568
1899 2409.441502352419540345144620989488485679056130031165405163907591
1900 2409.881602682879588253859688389499067307329678898553691857457768
1901 2411.126193380777421369069483458505656863304862807147898997013307
1902 2412.222935837284041670789282599351721974413559410075033207838210
1903 2413.976123194983408606474707376666844708717970585679379296583445
1904 2414.379879801270495871054209639465160946567213125800710297910917
1905 2415.576893465994105812422140252673673393426050131376302455345582
1906 2416.534054627703939300373304255369490207440829270143158884299600
1907 2417.278087421772193108971998344836406592160220872687462904740372
1908 2418.229443267357387460367437775105563552371267606388908855554546
1909 2419.507917163071245463496523036671447127916995655622686766835473
1910 2421.142943993328178887132765396205443795315298806094731313126508
1911 2422.152084925109508781274269334594040431420618614448463773524118
1912 2422.996230123486907861288704922118252378621830934951655140215655
1913 2423.504146888716139414249091393334865094182628425361875785874257
1914 2425.124760212556724475463716449405343816695345855353100526115806
1915 2426.193437541668300473567777667615835296753271773664702221653477
1916 2426.907064293753645127817594600312313508752334046610634383324054
1917 2427.640896948592982256414255906636689995374021941442300588849186
1918 2429.185595990256922491338258278545122474900639513174337646852018
1919 2430.265812635944403068752454375701680550619658133109380725544060
1920 2431.611135096253930383581890137687435662775920857605203667254932
1921 2432.727569299254756631147946142957564526953680283599215618142147
1922 2433.705896804703808934289892312198804974909059107482941857059238
1923 2433.916873237684183015598017415289412374767091744249431189095720
1924 2435.348894364694559702091425468154356977247370966280995789704492
1925 2436.191600375091036395379190945669747401436744735812568724770516
1926 2437.794076107826049841896503837194944385783482571655734198278969
1927 2438.671790794044180200536039482873701776099461585188821381730022
1928 2439.927127218672276058925718480576447794709397692270297538097747
1929 2440.826160290635254748389461374914833315890093037013939267192193
1930 2441.929836549998409528467016012242877544751020035499018718359695
1931 2443.033560058185132331836651330947379026607823141654279472444529
1932 2443.775436396199729327473712455317635169710179468332361512331978
1933 2445.154381015220419422028582643717420085567016870143670666144588
1934 2445.744952101154900370733059722109667637685059941476319945322062
1935 2446.398523306110247605530759176217071381551551215628555621741846
1936 2448.988312286035105355080385314623553461568605962042887066294417
1937 2449.231032009292533392598775554288002558958014894810207728552892
1938 2450.503650580108119102528433292374551398260202702820122429059488
1939 2451.181708310084449221349096781372134210347142877276600286509177
1940 2452.283365741213890626028445701183947380472466746291549247919637
1941 2453.257485812084044867871632078411538825627047522275159493565740
1942 2454.300561841789923492673306783272910985776039816785466523380687
1943 2455.482288383525923952835401132720888196910099163207618880244960
1944 2456.514551841288553330611920265699806206646570663433695805031995
1945 2457.907999090218544684005627469334217488945726261064300559032697
1946 2458.546799837128013408413616575823454387143026939510523871269756
1947 2460.013579465506191498250412466497980415490021120894600070181253
1948 2461.202295374506200046268028403501124621118587971576979698267580
1949 2461.731628648041392697211795485127691764880181438201650890675540
1950 2462.464294913853763629114857296985916543373989099086824447741961
1951 2463.569667295016347843545186651733211683669821635664463678402038
1952 2464.927816361223408559910718048217246953238701559471715379418320
1953 2466.183097013192723406217924221218084555169170352582107545928441
1954 2467.640860783779024698190378259997348813161265491746059523773812
1955 2468.186816301115243238463251258743462435933514127003138726877055
1956 2469.336263892497489229522957834815384849658277756042674944916394
1957 2469.781485031524024309086190911994492847408206895570254449314261
1958 2471.539297741996716948630205017554995841072877775311165147711962
1959 2472.336417589482271067369683486639292194969278400403262942243034
1960 2473.107124734645042194833721115770879188837358789517103317566129
1961 2474.237849734393679511180741171048989267812816412424648623611240
1962 2475.539353861002766769857249693970498633692276371978984155193174
1963 2477.021755096104594156577887233412240991294444473061777818481218
1964 2478.014854024809405242094629345717070779292988169070963282704076
1965 2478.397597583125020440487723616640015168210913425254384701792467
1966 2479.977351980870754122426865459668765149851570722667945918804834
1967 2480.433606985092072927766434890041786591525144024252750934836340
1968 2481.356767280358944597213492926767416691328097558456006379089463
1969 2482.683411518715999232259872977989402895305509603418908492960124
1970 2484.503238274744643366363545712789313360989671563126589794771875
1971 2485.087590537419866510797040363848600138775075620035580683468778
1972 2485.785620712392752240642555587146090476125562207606718261644391
1973 2487.333836442726022066813905397704132505155584773659282510120793
1974 2488.113831754193054379838396187988315444502378802176581905190285
1975 2489.261157451637116742966223458380609406328205631831418640638163
1976 2490.051090515746789809355768317725350997154957862899486418503675
1977 2491.105516421820704818302823881437376645048933659967425262810889
1978 2491.907473934292842644923526957884085737844027102781137889343542
1979 2493.489295449123217227500752616952997596846311596553197464228510
1980 2494.866177828255220973087471580496310778326933108264604320992719
1981 2495.846840419501642755474726063505486443753040582653944232196263
1982 2496.485336702823268245615331491809143771693784142762510411683197
1983 2497.648465246601934549861231940428009272147617287268172463048138
1984 2497.969973966752262396795503245447365928441880489448624444177817
1985 2499.862042821255065686392105311500076519145654709121816870333194
1986 2500.564386412317449341172837569277628174496161849130101180366060
1987 2501.577744672433539464469538965890254128309099173220736811328481
1988 2503.185227212086801642532868692991957934966725640182691681063694
1989 2504.008933658583641175764434926518495477824543968620096949974876
1990 2504.772152511212027926352428975078842799167172378107547252648324
1991 2506.305351937307695661711258870513838555204120258864877178827222
1992 2507.151885647675589172308726141327232775560913466216111182797872
1993 2507.871039579743361974712016349398648645351422354036434261560519
1994 2508.766046103826622408967667096640148733872068311646629365035790
1995 2509.652997441379421693729429962008249471784710508714203198829681
1996 2511.660189787186683655476054525654881652774250648179653295653338
1997 2512.538220985202544808611004082957918908863235316386299025615216
1998 2513.579517021464854594573075504445348984700883715141157359771004
1999 2514.259859059773677906645131511225280622822866452550809795223247
2000 2515.286482924712880038189886520477018942578552183115666647553421
2001 2516.571049142887485994370369965905395816841943415450834798161103
2002 2517.146931880415356863337119658154297349676881988503503123521892
2003 2518.552852040690821002384122456039573660211620685000783329408472
2004 2519.634252640271893334171943974649343286438926430087566961719669
2005 2520.402323518036163973880941401682079561605257670386717491693951
2006 2521.885175646151005363239719967873367329867167203644677270401222
2007 2523.263480155872146142966306005623903727480052948165176782752087
2008 2523.967055819190529479675031420316806341844507845005792082222250
2009 2524.642045795694521479348733194524867282657029504324624067073186
2010 2525.687993324800683257012660587861138896601454315801586936591306
2011 2526.868810058592998243917675776722821659895213286056377531500321
2012 2527.418791160628952562371615587718807775701587600536929196512611
2013 2529.378043463275119619441980838725022150097830055203776840435734
2014 2530.273672274268411277603478814669441520269530754103143350707884
2015 2531.543961220064837410730382836052394937342800690746222933561413
2016 2531.969384081561968547216535102426445289487979817819250082435013
2017 2533.067317099047443932874917248945173896622532049898442060842487
2018 2534.408614098394202583134035694325213848098086489102891751073534
2019 2535.505886073966032071814650447820231649231925979494017355758306
2020 2536.091884920838980799482575041060129756070722591673845454571864
2021 2536.867485222561254438073523201868472847748780341546253507031000
2022 2538.559826936261153398773494819848235623010981680183225691040452
2023 2539.998407118591166468833179943999322220944373012509042535046945
2024 2540.531661936742228602220448065616364878590890746330993752325139
2025 2541.998729153671039536671774722209740058754892836327241049345453
2026 2542.687650514868867082421857414743384491542393533824126200095188
2027 2543.343955088606650134459435613360664260718360077257875226000775
2028 2544.290953656615606110892295745060637555902922081484115034812868
2029 2545.878017730333159662435029543151138765365090715177406386934096
2030 2546.761141283358773561276063967218410823932068647266333525992510
2031 2548.181615394108557459031262120931585798611400066337281223613051
2032 2548.895987575046567007906085324348292321601109832364181882320634
2033 2549.996484491522520390157240440648430636138236341520593945344312
2034 2551.411141992885037896769522995260343565476791234498172550597939
2035 2551.880445959599060879985812729724797804834834967213317431910100
2036 2553.275677995524692638673213002045749597959174295174866791334314
2037 2553.723069201209180248795969959561780917867364637495807841556708
2038 2555.050875291359249168982297894810535579579092979868312777958650
2039 2555.832350747303403083752192290216455626352517638469481627480259
2040 2558.009105942871789164341812460853010816460514347169683866044525
2041 2558.752211368471367338313444759752069510677572640668855670200707
2042 2559.234296597333972469714391699660298318182781035193255927672636
2043 2560.263289514388720620742896837835836481935997639724005988454561
2044 2561.405635747573315478714129060362593391379208100925761826255427
2045 2562.426113338143232051032071108782088507276828543029408385627955
2046 2563.501718903992988724494011137292283625808549980509138218035387
2047 2564.332107854333490397749767226920277574477138601496329400458422
2048 2565.975270478283844204012046971334850465411481520009175088959750
2049 2566.557557897085022489549598220038699603658401888011167733345463
2050 2567.958599725328829408293101728206911607523746509905642924233924
2051 2569.043090173352779935800062653311611558083598351379760571679062
2052 2569.948111596904579860469834254108366976445955888693943092149230
2053 2570.958525661919221860623990812962983851012919864618083995992620
2054 2571.540774147768717504371579118526209150947070945492221339443391
2055 2572.368208186207413775216424142408680185231095392811434306903289
2056 2574.207163950022860407175895303390882962193072066118527499281100
2057 2575.404511996903622548127443696782472685520694132103207950302237
2058 2576.141011184026154510829204194972579909296227708118518421826204
2059 2577.519835532602344693370271286849283572308322645503582999685921
2060 2578.070129925005555047025700043727159703524074302111973266513198
2061 2578.971298335895942474807895045623212835183237480523962077512753
2062 2580.346111565200706589691434274728409651226900667380770000379492
2063 2581.398140581892706632454373890741981524738516921157367825917924
2064 2582.138733931301889982643762833250546162358013001579808931798516
2065 2583.003294535099838204013343757854120558823287289192035978336199
2066 2584.758402441678541603673229557075855811424766487056855669850305
2067 2585.772739404011499256663402012452526323115699514032588695725282
2068 2586.925178957182227989285676853393710838042749968490900170146531
2069 2587.591000924191165002041195183147984852149472261932067665153836
2070 2588.368210423880449432982029488454611475383681299058582215277895
2071 2589.579264554434006855279424341728702256540350420392319044346515
2072 2590.371692925951522366762325998755076499084198880568400874207298
2073 2591.549378447984791502891696051917212335828049767366662110735443
2074 2593.275876806604425384421510199072033891852750860062421768328808
2075 2594.023618334686682569051700957927872352292429432799605644843256
2076 2594.905011552479901446776281866537611288140741573495101102338160
2077 2595.687530138859603929944251974994251902296474648083644557386615
2078 2597.546141488459564930271360251972209113641337965005754847939492
2079 2597.979353418423115901003263080892879090447424224065006212141637
2080 2598.598768319633465984132305211620118809882957538493593035084396
2081 2600.121355061881931092926535976212258225894028883902545872127310
2082 2600.641952319219978877612932300798114649718978367542312898348084
2083 2602.412300558055130095144296295699235345411064101587028683748290
2084 2603.628781118453252976396145199425498470575961843631051621384118
2085 2604.573564823718664179965491922467667001269711852135475066431636
2086 2605.368075915559231350757049136210575623295094501683848310394660
2087 2606.243664547518941377394667988185188436521430298250810220785105
2088 2607.003639114239009673556796578113247329264186683144780774517691
2089 2608.364899649035512772407176978630019544056725552462170419395016
2090 2609.552086740677385063283351279758880606686796237766270738693993
2091 2610.444520938915516022592411303705492919069229960497689910310830
2092 2611.543670381422939579439907762562564009549769356390433394712654
2093 2612.956807036694044383490527222626291970359871265701832497465694
2094 2613.731929438305032823638874153516255371244343141255858153198803
2095 2614.737136165400840807883702824948802608211589778158762769670945
2096 2615.847707268249514183878387359352794253490097764133367746730823
2097 2616.902118243953797343550920015421496764249546413492462324754490
2098 2617.335046934901114269678710546740458355800184141204984318995923
2099 2618.292915478022285942070111915058222720395125759233166405060700
2100 2620.279393694424618791568295025083398303366094682039602406680872
2101 2621.429055213229240863029567336713495943724687266142210617429449
2102 2622.048696798421354766341471876635415516891980413493274228178164
2103 2622.994507976302031269866131320981486531443394411331987293414338
2104 2624.050603854559431085873968882514165067356486802509809461771575
2105 2624.909501777169639509346148796092133669424641371004276314588422
2106 2626.460502229944339881830089850314634587047127156510831616161106
2107 2626.710471395806398951926211549876860062524295883941088390035884
2108 2628.098026523871191256657172478225943345358531858123680868048050
2109 2629.604139510848587789108286456570446647415026459700341918998085
2110 2629.994800764219984818911619531815696990769347300276277602972728
2111 2632.043116637112728952043855837390430162413186367768241872251590
2112 2632.443658949145354916574745015899719307367626152396971822672597
2113 2633.676399939781127792146816980485401808576587220648335366977329
2114 2633.966543434121262890081107424264624077268428167158715673175951
2115 2635.217331617179852718082083529540483058168697980259223896950670
2116 2636.432585995081861696980780166286943374330893325921200345284898
2117 2637.510683358462605418061022939952603563715429719095198835115638
2118 2639.062573045389558915226925439623386848371224129299653071441951
2119 2640.054245884027257587858984158309361575459134852408010691307141
2120 2640.462942828951323465832473468217028468813031244727452429726816
2121 2641.801744784108548796939735923827891383090405013935323471202837
2122 2642.755759063043897443806484971990028602211599153064208740769099
2123 2643.970900958345226199899470684856316327062479452907400371059077
2124 2644.887867143491581855777414066061326297674030066090158349533415
2125 2645.395567278572929225169863066488206177516537910503414304077304
2126 2646.689940172724319473542025902681153256548264003347946499997020
2127 2648.577429283763884870849304918390937910046414122009893071858453
2128 2649.325653551798772117114558480946435172856938155537415596983926
2129 2650.058544458382326108512775307808750654115711228191524044729354
2130 2651.227331332121326203932342238874494718097410906955905483248370
2131 2652.160775241539956053619064294229459455033644566953946294876966
2132 2652.770642826959688585187297377252329220405473238231810440796750
2133 2653.897069745640438271880058382091959679540152198572168293181075
2134 2655.615772325961841384159586824707941338837748106812896028740633
2135 2656.238998498017256462088270134454342758043633569818264675636936
2136 2657.537760758300554229157417304762244189041635812429299922054097
2137 2658.341557629756967527547121250677374987854074547123126787890347
2138 2659.658316020859616586760128663590700593838442845366954416335155
2139 2660.610245802953114571520013347818821673659037805079602629236535
2140 2661.582573758213880690855888147263522916467785332439359376617848
2141 2662.183573435627615494807680316813696099043047816558089779650965
2142 2663.393945622339627644089625855239182482133703952999256630675496
2143 2664.235489083244059390379639718693649610048175853954596294349419
2144 2666.030101479453968648604597984404306384888019886851222591837275
2145 2666.982849070546235931856712645218397895270881367254652503633417
2146 2668.291859037208910133532112319991393234996469049519521281020600
2147 2668.663651401292818537904848323821506485792893554050622933592287
2148 2669.253744888180014510349688895701832704214536096806247388568444
2149 2670.998998582165212287822460098957211178936521532079676445183822
2150 2671.918382668910966565954932089736287962393655305445090381225729
2151 2672.603779588146692066806293973952233127394689442015812929461034
2152 2673.874618711104655775556636786823635830229769940468557934939164
2153 2675.271759129636525748639659592366429756249779383804545850368740
2154 2676.066490230100449604583398986462046037414790065107077934203396
2155 2677.246193893199507580693738337563530539909936660909456057190250
2156 2678.538156521631728664964504039203179627238529034040561129101070
2157 2679.025281596284473371539892959294776495011143420704440650586062
2158 2680.039021548238460989996314308789228170480525263388063276809946
2159 2680.843117132923615719622903313334225596549549495041427401589553
2160 2681.841051456082719193231330495580889187803460013762995548158480
2161 2683.882275551469900195459135417219378617183604826598873246744061
2162 2684.529156904497649412205056221069787609049390938010234775397290
2163 2685.377113426632244066084472034179760963008994599639151633273518
2164 2686.496160151160446748579365322868317608198824123891458404997786
2165 2687.489939808026632666462548100705017152869100866786331043076006
2166 2688.385081595554101258962525129349902632177861814197053769345677
2167 2689.423275981138127722035064118582916755139237793233515974032677
2168 2690.633186856025274612833641048525125641278026464933722489475529
2169 2691.318382839997113768708775005539190544838518278989086645498227
2170 2692.368718958509914194850013508039978631261649775455626029918301
2171 2694.102820613441968378721722789693433134867280704645415510919531
2172 2695.208957968971278538637148284321682552704817509325468710159840
2173 2695.750049240104830877552250299927563362629874009819331604056392
2174 2696.695372581611462225268189493702674785860511215370630739466818
2175 2697.857558216759304730224788264439038921798568978195782842231556
2176 2698.290961321395782495101270027490910077784742350666299310961806
2177 2699.942027500086358854665995503519402669839221823549538736284585
2178 2700.731207011070332510604335709638624623777016765784915818759466
2179 2702.433544847737332716736447601885833522401727171253307374344564
2180 2703.143657511188948436549405566756480771428771376904625367758251
2181 2703.981714244772448908336836823064070005343522864524189680196408
2182 2704.955737551334258641147768058901909015708766956978680964228178
2183 2706.528247326756669128259911872709692618340664966523260210631218
2184 2707.090764646388879970760130797180496113267311844275206173582147
2185 2708.117069229272968488341154630146984593378965166940393477992837
2186 2708.476524960683297979038080475569631036875332953744026363302644
2187 2710.368359823606167293568407988418092766006956321087186545903702
2188 2711.458227864114997837425151656638352208634308775026744829844425
2189 2712.786687334756395277866002543174159398840345652322024587626479
2190 2713.525289303347907309145839625418740929554583244619270045052938
2191 2714.367906688518618850328429693657088824370890938342813642191479
2192 2715.339871631409058099313648384946228754405360065616976098309949
2193 2716.025049049534497997415139941621811327487584190893588336837776
2194 2717.665774871052640547113327040323864069745938022465422372966164
2195 2718.308652474352483038013508962520725960877278939284804761055050
2196 2719.770998978129882008570511199795735672319499263241387144772468
2197 2720.493474900152773743595131542418137336582998290636180455320259
2198 2721.798775616647991581767486431579721761716017378158188159303765
2199 2723.086082744475843491746490052082138961792222554950729590060939
2200 2723.768928849822694372151023089992654101327100079943312226739894
2201 2724.523924437069703432716827111818757700468480941917360745708705
2202 2725.882989203482000823934990784813259385976038078765076529300425
2203 2726.479701033963230793427378863663503072129799602260315477537112
2204 2727.274459431901557803273114297328935250748849603816107553721432
2205 2729.395041668594912117859195812453684034469995963716946996733359
2206 2730.492891807172182728787856105247697590455237489412373114149151
2207 2730.797702080186746567869248578163648937246283762035913248838927
2208 2732.004049913595246798742605819882089081466433943582660125418163
2209 2732.830123557482104623656747951946274919146133096834740447266436
2210 2734.200782967822427626622301614227382557610039508855227939246009
2211 2734.938856084208801315630544981937208670045756025460605010472398
2212 2736.000479107039897569415977793458278354499549559485894188220194
2213 2736.922048440000585821576898382527928998053817582542675166362063
2214 2738.266444163765032289614531303986419795881066246083550277456009
2215 2739.513547296201548952011375792653247596867345401338299177177784
2216 2740.311109421231381416013120042467679229520710178477957699851828
2217 2741.878852420557722856737970754530927134626843529131071144314777
2218 2742.254107878248024691441321823744763064144861237944005466387381
2219 2742.993068159927390245626592600334094178010097990460708567161351
2220 2743.953469810087824498557452202064375510515800516400176621297553
2221 2745.321831898192903945407433472495277314581388567990157974417585
2222 2746.714798952398406870846786651958518315032344240013110474837821
2223 2747.514097998184117739117452223728755464750707377290711602633640
2224 2748.916191066436435814842653894861043749587081703275003178607626
2225 2749.643649788653236287581908135548750901814791829925368262232824
2226 2750.314083410359824535791076761571645213019351736393617464779118
2227 2751.823671458527382104495410797274289346529475629006593526259079
2228 2752.715502493883261035837532850787597954703519812279493737535062
2229 2753.487796417396150788929418016885934797513568807515963290544613
2230 2754.458663082718398076078876670064957600478415441455300902393921
2231 2755.416876191485966855559903344176917940537774549249087810452626
2232 2757.301868214300791891695756687058435518678865579197036030220154
2233 2758.278103328339002246450200378626525397914039809714547176747607
2234 2758.858670968685004357921110386375153269837623978283163379149472
2235 2759.898613919658389157764704847959403406575412485101013888358720
2236 2760.657151540111706148679761333065447786427107661718118660956584
2237 2762.082880142575299998582602606646020787198179331349897427348334
2238 2762.444580467694463148621356410567257124561232641873189086664924
2239 2764.041846252089083051879557966103056143184715173332492033757120
2240 2765.407691146482925770700612334824936403512938735562032582769721
2241 2766.157035589919061983823600693472506034024001230054694023069848
2242 2766.887269747368007123942890269818831830137823907766516126237594
2243 2768.664523888139108086682273956924257622792719550102178945886223
2244 2769.144698796099990228122622570986064514628896585808972043841069
2245 2770.279093643343192131830792333797519065456801576988401121395146
2246 2771.017392142684773197473549358768811309839080050949127467089545
2247 2771.896293661727721094240743337082091915159545188864632997184511
2248 2773.029713424294844601319768705989994603069471107249616512182124
2249 2774.670010731832631333589186758455531317072543717381742138485884
2250 2775.725707342410327913288153443954035687290498245536337645184247
2251 2776.619160307926356189470069892755090474712317900003441575716684
2252 2777.512125202576134575007986796733355920383003480934005239232092
2253 2778.289695299772775651020748533454590707630837181385682134328300
2254 2779.127539134050768659383364611561728431435553012756299607584904
2255 2780.771118379071538600706903428124313563491368019644873867386887
2256 2781.656070227571440777525086095130391759424119980958519582825624
2257 2781.989239654647903962405152433558864886084240025436237474613875
2258 2783.943665286859110918462310609369167693977314490876754513415695
2259 2784.705283876121840163656321723396342238578237787684070691511203
2260 2786.043335738622757719652613163821735382976536364814286642952007
2261 2786.702566351368773988135523644541524765368661197337961762813707
2262 2787.932021258523774839055778097354625975141719385611699047311709
2263 2788.796278014511074338947502689135463992514309852749122721776304
2264 2789.197561121050912556081183375920707491463419798576259075658444
2265 2790.493080791035226040002138060843182137200144316161844521442437
2266 2792.113378557022842225899139830672700999928972729061629975697002
2267 2793.301469240871724336626565450179165212992312537176289026816160
2268 2794.238093335275467696773252989746558218414772801540969975305485
2269 2794.653824665328198420089974226681491762799257996698538988611671
2270 2796.034761603657805198702575528325423015718922801148838329141600
2271 2797.174539351897759421513224515182229139158124328524744300213147
2272 2797.972901229628421460709286826721036628235481632796718398677856
2273 2798.798140177045477205474381355483132533644147807741807877071925
2274 2800.067444818401492782558645496688339095006626524908143186462921
2275 2800.937603116234931012959632255680368419960893650426607448667600
2276 2802.224801536331663011348017080152380790778152132352653344698950
2277 2803.864955138344506909038739538861664610668476158331795470776921
2278 2804.418935676251152208984808738322096844660817413277455449863553
2279 2805.205300363064447173335132969888823372229134164477921177810092
2280 2806.002732416640888837713960740478632432735784751711653197440987
2281 2807.132318371189380278606202342509756837869127827630075327297038
2282 2808.153501197997633610066813998856207210718116718547331116326665
2283 2809.291652245192837469788281166163708122436511184285111868310099
2284 2810.724634082518464086601938358355558977451072814529022449586031
2285 2811.460992226052809724534010565431215528046255944902216920029920
2286 2812.861997588022148609888951482211619036153323548265398839530332
2287 2813.201488028300935978791159661661663842018614273665650567760446
2288 2814.656757980595164772593796688899514233724278560048767943807611
2289 2815.838653992747667445262832099027949432812392990003752263622356
2290 2816.337954815325156730237421443198235537303934368079702317142015
2291 2817.458907317419326169611247429784499829968608180783861557747620
2292 2817.949462160966947215219578471475370136228751758941190196347230
2293 2820.488842021916584974106465272092705706998787717629845402778840
2294 2820.660841053781159955141119197333678440668514979851624019230297
2295 2821.891930074870971273233638974089121560202864916907612324578510
2296 2822.923026217023214857503663231612152635984753513996411441059341
2297 2823.866992056607983967687211472480239500128123761714596077702114
2298 2824.281884122039627947518727377264210804563372285331568673046292
2299 2825.872656689750757996877839314218234339703112834929405567485911
2300 2826.712170374922746029583214764514561437349727042796629580652620
2301 2828.029973946250995071113300496830002327159278234094555663146438
2302 2828.851526590522587986637703444834172061834120587934366932116019
2303 2830.087545290016122224191826663823810752959315284011927009608136
2304 2831.128425437187258500388543766619916531908763617835589383337256
2305 2832.416550857943840752292760138831147631320620733123564941669671
2306 2833.138035851670906206915963376342352360570243759453549062120401
2307 2833.658717233308178244516645295038116396365008116392467784724751
2308 2834.980248462514047130411198591508589088028343762578038077539561
2309 2835.775847744530604761626939320274367396296027481946555257027781
2310 2837.014472081293122752570969607516180354040796693266149109339227
2311 2838.812881529271651030310825177364854923043539385227891692130802
2312 2839.485753395012631467187839328566862503920665657822288423986374
2313 2840.285754910691532813351347173627085555397996041835741436817469
2314 2840.920672973103976131407250454775505749469250977475768315915137
2315 2842.332641081100701383168666281894965749048757959911854478546674
2316 2843.469837884564750983043641819494546545001622991042610316190034
2317 2844.198986963261227135203581979218010948245709159076090407252174
2318 2845.025433610480155636918262596905904337017095524915761153977173
2319 2846.390776212726890003351986401099514004070027938132265369533925
2320 2847.535935529730751967492375478516888061287243449958972132929034
2321 2848.770308555407354207727105529091436931808447860175838490602055
2322 2849.797086647209651712201458405903424863311858245048871881071531
2323 2850.471888197435347028499782379794981223907271053171889522397882
2324 2851.678938036254349093725103102361045877265152927374156715962622
2325 2852.303726568369768934781103961118273007723955663293335812662277
2326 2852.926214764694869254345549746014966716654380448512939175309068
2327 2854.832394231931316229139233281405835664871479548512684202740270
2328 2855.853721192900111358019369602854023327928239578951856866082521
2329 2856.816133543913321204867376366101011727934216433689165224943811
2330 2857.736139807822056766829846758381995404234364250243863639622873
2331 2858.857860356251478371003498915430367691226160440747940950114329
2332 2859.838748954184361582006295291438953134139494826251135107345359
2333 2860.577436497612265941270803568449780788828906450604167078339049
2334 2862.120208234396405383049957770634725093818622043835378733928259
2335 2862.506966277762679317956424906037646668985088779713323301607806
2336 2863.363589552191153972211329204399438694693690552062802507396053
2337 2864.911426758851445613132213796787797092103244252527455426966922
2338 2866.493209755929753472365540254763682354836623186086965355584274
2339 2867.149356094087868215507218371057385621294052338590425677785778
2340 2868.224163663090438520984345327421337880873761898554208168336821
2341 2868.657629194218364434257373487701640185023900124201791268576316
2342 2869.843456574863653169161412708687112553822405309150776283737682
2343 2870.909506375380920701688767051406898780605504244000916325792071
2344 2872.023511113548192303789749783323533664409914006597037568709361
2345 2872.858555183438196862383882346590840796802227462515930964618911
2346 2874.569154072845864690231940505346883419826676186473515554431935
2347 2875.282119166366557731876055797401199600565254326321171054538121
2348 2875.889914340386435726439321966239050865580682144295026153360263
2349 2877.546649153796206289066507814586976860813130605952204337066552
2350 2878.527002624179926693939674848536678704107405189986257323599348
2351 2879.119907546978922105531039099627613024707419879144122734040013
2352 2879.868973936907339028876554186638150199658386647163417438956056
2353 2880.978994738386006888854005072663971512407158664671829206509970
2354 2882.153646390636910794871326845000574485127028212289541319321826
2355 2884.013657552839766672379836972204214610068678438026115526350249
2356 2884.346757790142943404964469852351896894886695462493618079592454
2357 2885.773055402722130329296199479407660427305924962943312008605564
2358 2886.308874639772579859463239680039264816486036294582563369297049
2359 2887.224885507060785203531236678033929962522481205370855781127030
2360 2888.394382456172131481712548480020724940319580590446383986188646
2361 2889.404168047578017266335373456104916835956261695262602544471243
2362 2890.642626361553295547118026071554119470468447079386829537425766
2363 2891.280078215455106494290194302111703064694444932268023221575934
2364 2892.462624016639248094347604167287160251181420481809119466448074
2365 2894.174448736821223258610864425277246519470593300942746801583540
2366 2894.746550356225012201364072492871371743894497430451807133986358
2367 2895.641103861971377405932483939573186226801921344856101021827576
2368 2896.825405168247547358461494614786841664818772728490468449805363
2369 2897.428300566969727455812779257754751408934339895421508761057688
2370 2898.541353179907942086946269935206364082861723127993434209292326
2371 2899.177779836548361095888228499388219301365657182094037807754364
2372 2901.263850361997178504857400588816588995458965524025965048626389
2373 2902.065102481250127796320685525021950135747643831750822768182299
2374 2902.855785528508264195501318771825328553122094774671713617549084
2375 2903.957879043037018591999547952858005968444622718439107072991903
2376 2904.598196021987724123757305626676188993958409718700705765007315
2377 2906.176417596628539289812213303404165283953109580950639448658367
2378 2906.923339342985194483579477759805760788636416778326200231182879
2379 2907.605736911210832134910515433255139904629795495137925140387436
2380 2908.658045519742780668548110940728976090232426816151163443307912
2381 2910.028233435046379665789235964433221744819644221347153768737744
2382 2911.142903664580015670649566262342405601208881714943299769279757
2383 2912.345904726055916472618262768835986362699567066225619880380376
2384 2913.522785866686084032476954964550103585225482368197144686726833
2385 2914.044611072102739647946605911183965761465495282114877332370999
2386 2914.802702223863609720006888039157012367032829238008767679437391
2387 2915.685975327455177689079409179256175823836552517064558305676885
2388 2917.274173441487555351694154419285014820790268435749380045539232
2389 2917.982416701912520163858910394748429413177472092331385503717099
2390 2919.321772326527278134587017363190012873571826365985091750733468
2391 2920.615555992141325266987457202391044200389297992987676099051858
2392 2921.083198937259828575728264975714616813025170711660559813721448
2393 2922.396084557395077441944008555663475797437929906988393687928080
2394 2923.390932357376606244934292507830820863534370733317240882259360
2395 2924.333434993952654048656151681498603240233608314680884530662626
2396 2925.261509119313312551942278398638127518798245796402482445771805
2397 2926.295436226225759123123716390743154431756537860661222408209245
2398 2926.624014686465896988321407482907206084268942796377834263048203
2399 2928.761073846998261471974271163348953802032217672293465867193366
2400 2930.004366371979197589348026932858652762864739980541796322190062
2401 2930.711168697389571506234083110577607530133430093739420659770410
2402 2931.069101109814732085461395203570506746507804743141420587689954
2403 2932.806414415832769005010628254209259903787093339999105759371421
2404 2933.174857162008290084311831571356675823686240661477413994785046
2405 2934.290717835787845931993598228769834382678228146620581749916166
2406 2935.552463705747991325899043185228115698128362843877908169571151
2407 2936.550374848601820241496430709487332344453304950590591010974740
2408 2937.708958981568237873729791931122024370041794082025957820163807
2409 2938.581220350578455150905811690516243570147509545543041926092059
2410 2939.847529162593991235523935743989365457158990133885804674124443
2411 2941.261601534687117368538177531111923632314523161935884100300997
2412 2941.425217756342247031114524076996433796432817158268364578032548
2413 2942.724885865147488694871323011140583637289479309984416632282535
2414 2943.353684960178375485354473384872282423803390133547136895711017
2415 2944.321648794483433337463452037212594470151206243424102184808560
2416 2945.944499285887025994072338342454128819685770431591407751141533
2417 2946.922394896188350750900454311134559690664611546285893030364250
2418 2948.374261864690537504868752577145952694655721152335626726261499
2419 2948.867577209394886742292340452747159114763997349083449934198312
2420 2949.790143025785909072104502284731659567095058907233126935068944
2421 2950.521108352418385063420401197794363719943770607149432405630447
2422 2952.283829638947545679278493493832167683539483995203539115902626
2423 2952.827176583511901030870072716955058449381971379647517187141234
2424 2953.589030993758808120106833534777236123287043024320017462485230
2425 2954.711275290933562727810347345627875027059148312704110622833482
2426 2956.258730424157120002825442242888541872079017962572153236576410
2427 2957.236259246842562201736662704625217865764913198504082642918279
2428 2958.290776254197002720781227281842337205591498439213432704035251
2429 2959.221014234687151865427539157663165909534477973369203631590166
2430 2960.033617812008374302362861596139778203903200659385096608848437
2431 2960.814839266220228730630080871907355121974870693347218565242839
2432 2961.825970575348591466113066466488370675350534248332451637229406
2433 2962.819636335281423816159242507040903928024754082832127423445201
2434 2964.633921494808562758066099095328757467705943569477992363269570
2435 2965.398341584290916853250442487276904187456469862049752730591607
2436 2966.065269745648101403237048044639612701919861007943981569257339
2437 2967.270190426496198410396950807243979171826167742457324085557653
2438 2968.405348995407544712877765264779871324123729697150067018430319
2439 2969.401136655698809674131990993122342047261203091523108998182197
2440 2970.049930110913633646237639862361692264840903958767552937580896
2441 2971.122238124934487754082424447614641379027107085194075342659947
2442 2972.308884109068754752861373364909194643574229575349405712661573
2443 2972.811686391357692492660889541470725312256853114091055873831748
2444 2975.018020412780896122993419243951451159735122007620368331047111
2445 2975.619957166153440291090807112814240617578100636509477094181752
2446 2976.526232137094252540534351410826659689978626188158425836360446
2447 2977.553574913470252556040398484798913882403960903576579902543294
2448 2977.981978512600202759177960484580811271013139714216941887063350
2449 2979.319042212011449010751716850591800296641038663077357347789554
2450 2980.487381006559362305434671186664279381923450402067779869408936
2451 2981.343947481810291631947551095525091363804679764086529130501240
2452 2982.523719895924638061633544148219477299954870303172741186409472
2453 2983.825333266519404156229744875169010913464500483778731213105954
2454 2984.639177804446568973251184297380662578767986269400581888965318
2455 2985.547666235421072150717564759031863162005890953927552856460128
2456 2986.805393383297834851760619862691890925944200469469841909125600
2457 2987.856151502432137454886350948259308451643000488709048105483108
2458 2988.634699666938808340887883460706105311737629258428321655495844
2459 2988.855046367445202540788329397753733586705104015435030796778689
2460 2990.423270573698602405376800225830198426711341387734468270524452
2461 2992.163668675063220175136700519778692757444842524037594766600125
2462 2992.868866378301013829202965825388299500556264874940038053903608
2463 2993.974353092848010375763381763984194345737789571278129241874039
2464 2994.865507046753948241651784237735969642199135996841543357607099
2465 2995.540266915501954267219293763067177154404271384349204986586167
2466 2996.736506016221763597077327466865817489711230065842903428638401
2467 2997.647203114442794777892965014112818491787537834011855752421611
2468 2998.959301098028931730727858045119452329619340036122806695724669
2469 2999.494492994594582969443041498841144417202297835744139019061550
2470 3001.023331162879569093123000117357396595576810287566532359568920
2471 3001.707332456021018183755290975448820905423365727770149909662347
2472 3003.477042852710594846712824092971826243662756590727246349112218
2473 3004.290975917310578015247478644076536365872472399279106677106949
2474 3004.662308408249143093190472959020669161613805488175011874953618
2475 3005.772929284508010637543546192837784989058907948820731745933320
2476 3006.990738364633401842891120046055130329956514688710888402868582
2477 3007.468699216470850556117086480774461516955150500507371200943400
2478 3008.882120872393042159338081683464307326077661379425856817429544
2479 3010.514962129244277443409422124320142625109901338179376027751839
2480 3011.344380180512230899849302402285590476302218305703394871994995
2481 3012.074694785866823960860734677588069453493273188560760447908022
2482 3012.788450548678345343833986074880245813606437847127843652053001
2483 3014.459082206681916191510404908188182003464460842836495162373922
2484 3014.911666502729305189434367734638565701224738775205244258565832
2485 3016.348394169977961869568701829743433423438726588245477249419820
2486 3016.700060812629197002045964909270930081665135429732674056916255
2487 3017.783440191593068822171549680303923784571580023755123928259149
2488 3019.461775780365950075222221451783336217052431386845404480057483
2489 3020.487633896939095244552027392515601747768030770849509880222573
2490 3021.420400692511292958161793612280686009097729098964320534806250
2491 3022.447483793125912477866188600472777971118145690300993850733368
2492 3023.338509067940910824846009017651127948773214529494273697948464
2493 3023.930996073902266231671726971227398400174049858753656535031262
2494 3024.793963871217760710637384554829259492452528330720619058500664
2495 3026.510826907845434071326667081736563428458134255831015861671161
2496 3027.299522807341472230390560121229254521199873888580754445745960
2497 3028.401522528630682094523176032389535502692796138159816276285094
2498 3029.499388369681240645992553565017148070932318290730024437625861
2499 3030.594529650982070439919148482898380818083378773347262729841740
2500 3031.289217468061284917539626965741529821209212888826554466836272
2501 3032.756029360224502941994160360086400436227531490623257980065663
2502 3033.218123972953621517453203381704599676491446055082329276006477
2503 3034.360907192326893515848514895252044372728217763556050860633316
2504 3035.074103947537975814394552481567034779497694609329666996463913
2505 3036.133113238208023315675599831064802290799310476170729364751593
2506 3037.980383590468515741819421835013280712542439966115654481547567
2507 3039.033651044210199536902974175360865699362981908651495172303031
2508 3039.521601571572104094387660074541444394835344482301846932101952
2509 3040.500427564659896173198685389152274083296517569890240104641015
2510 3041.256803549500078238283939812705987194385309609545618703304806
2511 3042.653049854131717950739604850931799750430277267171572442054222
2512 3043.670541621770201213687874325724703619114703237073468890844366
2513 3044.055127981914396199233886289627249150147944237479815395913121
2514 3046.050030224876108193261541549939230866649094085786630615137217
2515 3046.454504219288440377528205284810620322714199478265165500247553
2516 3047.708817640889868782236638819140442216927104432933727262488586
2517 3048.922632490404911869106795539608286390199328482576926119118598
2518 3050.019676757212170145260461765722912791174225095569326336076478
2519 3050.801233315720913693504149808837079988305424407041677796040905
2520 3051.342383341480500386288618659656780125144532990820624327396955
2521 3052.476848524261227364355197523834697874872478318171513626862548
2522 3053.348265936952123184665025404418781705371123827161714920952926
2523 3054.986520866536587891162532455530108387816548496018431899287156
2524 3056.242923309730601159816770712715301075267339336417074874074302
2525 3056.765138112965000587545164888828652314596715419781379643022495
2526 3058.013703009701794146336422740773785806377692651013596042574671
2527 3058.901494693164311768416317241392626784290965015530040222188632
2528 3059.437861758112786044890922142535958186238715245214505965119399
2529 3061.062700117590756048600292203276078113617617260634448634954213
2530 3061.837584445267609550764243343328555652124014439893751086560664
2531 3062.726873164640149674663145878199488366285768609879792252077152
2532 3063.435086485018649025414063394271274440420666712905881664362644
2533 3065.286555585297205549057738654502784753502057364222092915498608
2534 3066.320250404096287593960167572339272666131803613940303749995027
2535 3067.071320241176116647277378004323370732092909380599466623888360
2536 3068.013501341795335307244926003399375367877167327006615896243436
2537 3068.984266185526200890241551756066470709800631747933552846280036
2538 3069.782904779767485328251180415408757501804932937170677868798988
2539 3070.542621549808185443788846835828285368993069793695897048912123
2540 3072.000993377915675916943876082344389928874514971311796984452586
2541 3073.185237779942948672921752963204901760053849284555167770695669
2542 3074.523494285210268113199473267155743102523410281065641616937120
2543 3075.033872877410706842824797259679913065129903876961491170887101
2544 3075.833479242464054914139159162304945664477453310570393853431913
2545 3077.427473306812314210882748614473051712377859713592471468838104
2546 3078.286226917969259012236021401678536877447080125678671029754772
2547 3078.897379147135008228639567230021781813901673751789130729245828
2548 3079.871394642813721631306095493674381414122545314914813718826229
2549 3080.856382341972547498089884844385227855839750363764276905245947
2550 3082.163163759071705938955402545801610815144769405467076361398727
2551 3083.361357990431673945306394541873420472190369977632254609800564
2552 3084.838451504293315594438520663171554174417994011898017639450617
2553 3085.377268993634213100164192159999279823782170678194602916325797
2554 3085.965522259310621677289519424099361670188356677473393647728940
2555 3087.018815358645356167381689517686044727103664330896786896024584
2556 3088.083437042039377790693380001405443970442586941479229575996169
2557 3089.222308944517806296120562289670398942684071752268734820021723
2558 3090.282194902934828373464592503245872592654446918113226413661471
2559 3091.154469698493384814021635605779332476726460948853000830576959
2560 3092.687667040026927096668758090792525082618411922032860179722880
2561 3093.185445717523947539847299838488599827611542386110607512909377
2562 3094.833068430116325158114455836370549914439426066860696984864379
2563 3095.132031239453814405049002450687322542989073678632888159093094
2564 3096.515485512936433287197312651229778918639529242131676484558813
2565 3097.342606530991476389750634811437990540408809991430464287818681
2566 3098.038354972964634165924042943758054396012559285896301529984385
2567 3098.758089848813226278056306212959896843587357181257113703291493
2568 3101.079373086579266201902610736942378844858593308562292652496942
2569 3101.657370790144796557169451746670328708534952594592392280266517
2570 3102.436089122718192537554427048942904028140857958387370166781660
2571 3103.589916059588484008099119610791695416539703695132916644844502
2572 3104.362546341633841029486229533846613917881446239805580638686215
2573 3105.391402369857702780306706570771505544615698429258846405699201
2574 3106.396352646055475600068281153843217096991130525866799077835456
2575 3107.484255857023251197456871751113523590064072549571628476821477
2576 3108.303596266206330599603788983840352162821359415249634751089317
2577 3109.533099790356772031649803755731263671635042136605201204893753
2578 3110.557200380325680212217504221108729948798367004337523351576866
2579 3111.920727714090283124906778525258665728629884292047669357738458
2580 3112.840737859373152902210156508444946794298495465108874105240464
2581 3113.755213669486739332791024731334101791008758444882999669234165
2582 3114.473416203571962329657517859133918770772742021566556618589780
2583 3115.002672413544942605385754791972992812878537780347224341918907
2584 3116.720450815901517869103127234117030721249361419550208096153608
2585 3117.269723386899507206458704375220875008740777123974052348590427
2586 3118.955013666124334567056514193584248338949477741488919969152184
2587 3119.957556604338744135653528007219572550236702640709462208633917
2588 3120.986214975677487578649189030214347163828983166812539898083606
2589 3121.337219762925804002362933559767337158491253365946547282479235
2590 3122.610128875347619264061649608331845581550645939753590471692952
2591 3124.150225164329871717379999100107338291358921429754860451659915
2592 3124.525922645768604264817728404689404095485354922429655355937660
2593 3125.374441472110214656008278433212884466599944484520274588599799
2594 3126.450116434820057246934096443255961446089780383058450445848075
2595 3127.693012373442887604237050819196027936000325949318492469474448
2596 3129.468612609748064153090893714182193339875666256015786593518140
2597 3129.796205505420792431829155194337877872291847693481425381835868
2598 3130.877663729773828277276497287198461797089125158591315080411609
2599 3131.861090216301755055874245869511484183323415912049468489195169
2600 3132.698331366237529557117518568848973316364491250823163321705046
2601 3133.398883822980549090102614588904314228680574153419397252251303
2602 3134.635445901257679548082923107086261170799896726491849908109821
2603 3136.015560752041682107910237089891212928453613707547957160752096
2604 3137.175172666931396203768153170344506283830063809145729176779621
2605 3137.613495212022960485008390549352442808679915652301043476348643
2606 3139.049508498465517194745452057735848580985901679330416979196158
2607 3140.138494141052536644578251643247886942328725253135449694921823
2608 3141.001174828240382251754881690796296260960932709794231235097978
2609 3141.748032542883879408380000415861704899277248211628110551182528
2610 3142.979456728038722337400524948792108693065631861484919724505478
2611 3143.567499183578249704916547404153905534083044425923046596418155
2612 3144.490488145513050688510841850159208716836450541766187424375587
2613 3146.283528375944452145762856825035228196642465802762471935406203
2614 3147.344606625530372574765396292218421820839814255940757174378410
2615 3148.379041870468193505513271197686770739864232459348863318593388
2616 3148.861228783806526541778928696100225045272492096326596210764948
2617 3149.771738698990674432252232198238863587716370351425047513423759
2618 3150.824652722363499829892393064297098599739782264248418033991449
2619 3152.151059465736636027461490916443466800850266435718973239284686
2620 3152.994559995643581199062159703545076288111356379636792618226778
2621 3153.596976529534068961118144342715972925226756553500960399168030
2622 3155.312108217669944971217283232390818455747086595303092640117260
2623 3156.300357949570972091547132486666796436169044823941290431475439
2624 3156.905761454446546379406792275850336313767696789908641564210387
2625 3158.578287707936079910986185625045049136187789949963332918061214
2626 3159.265204659911244661193186821709776923397291696366413825696290
2627 3159.804097579086976713423217052960504860280721590531922078213019
2628 3161.061912577755098001947772665618877711452236678668172016384961
2629 3161.402435207892094347917113635578538836277771681773202863049324
2630 3163.311959557827161057799456518746583935226371413334107366165694
2631 3164.350531320929594838280283383102824664031899076418457268898401
2632 3165.540597893829483147519754384147752794348942521990114004001737
2633 3166.139586713599158182864304965401463558494263280694678459094859
2634 3167.121094757281260107132062913500498171937539177009145605420495
2635 3168.197515713895221076808832992390069616132217960498818817313137
2636 3169.179764607856546469708658330481044832917891136707436812089342
2637 3170.014131565626253552258732360555315140756471177229735013335706
2638 3171.343958069062042805581808242441549224016719282222003203122106
2639 3171.837774346067805220137527960274364905027121793402863059686911
2640 3173.011633917278397092886967048755918121633245420569839147613942
2641 3174.815385976386209966237561534729120898799356673564333216876744
2642 3175.528722743695324337451326574252107198145949751395920091486217
2643 3176.480343516462564475872023932991929996642809843372553855683828
2644 3176.915636009212935539447712806390320455413613236896638597726037
2645 3178.371705005000814341866287051408447361582636227612034810106470
2646 3178.902595536046510146304017714037811456384556590502605743366483
2647 3180.011213372893851882619249872740316012318164920224404249501741
2648 3181.328501713206250828388470967778122332421237941749984987851781
2649 3182.839446920271252891961623829235245943537809542962772810056817
2650 3183.205673345926898205754945714689249519068565914917654562486233
2651 3184.451499960332323149553078118743886629914988858594734209958203
2652 3185.214344580111471047418558624529274964778149433091396050251243
2653 3186.545869429537191384763831154007287539392692767922909692761128
2654 3187.646162708372385641980494535207042941085035622864009132305692
2655 3188.055482329445955800902754531034547310179766841366393942908579
2656 3188.877460714955629600238215549707806504519462419899193516826082
2657 3190.168661962152913633517009143783920403668159269320720946680669
2658 3191.706256362774499918137325478075029457265293257309759799598109
2659 3192.681791617886826657247534372450169928022733294725703919842548
2660 3193.557208472454684074536026014467144670662499621921700414122628
2661 3194.786707378558122382917052531337782759133967867934465416544664
2662 3195.326699929210305035032399295589267818055086679913806526765416
2663 3195.793895633893094622503579351887480581162871782088177316198655
2664 3197.547165656594029249623395806702139205368797001363061781581460
2665 3198.430125767817789743552075300585200948728735888274812274629696
2666 3199.248977114246401054547614313214290036820173880022365005009236
2667 3200.663270230745592276349752308247179470794658432496025983149986
2668 3201.424866361197312549626579823943214783034963471126400529466812
2669 3202.778286500735847541118467887682295726866806776476946049591006
2670 3203.630891152625213608279176237125439311656519832926069789541262
2671 3204.557410187842267700673804221769480829485646478410029362750225
2672 3205.497580563342251883903632768959904357193178739720727180278212
2673 3206.228893303829962014360163502983518180966398413632963472772701
2674 3207.270062357430561030770971504192140047185840454669910714498975
2675 3208.086133891918222198743204857444294627491856454635570979341931
2676 3210.352420539766727082765079409769152985015688671797732114856563
2677 3210.670388299201819085963303893415729255885332212829579328742479
2678 3211.618832522934956564643255699343822815093230393704182011397949
2679 3212.319227342931599790942568761864283759957275372389564506443790
2680 3213.606498798172233731539200966078742668388489033014652089688267
2681 3214.667562488094309240021991156569972913442914548687991432663187
2682 3215.325298903735371241087854118074456750709686734868390114624115
2683 3216.491524692370902474142517169129980304180479795340504655682787
2684 3217.430804778290282172144025203965016474134720014729892882971741
2685 3218.659983744025900190398529595179980419288919150651598167877924
2686 3219.639171305585305037366806824752929899556305644496692837453822
2687 3221.198341682969595145049860950695530548035909023417141403405090
2688 3221.609476301097409403825596140189415673809332949486932952775202
2689 3222.813840822902448192448450900257790356600747298658684045079722
2690 3223.372566375255521104614216364462211329351882621747712071982060
2691 3224.213706519638820464635965083505151074744455599803288871298374
2692 3225.366715964933818897246070518257713694141872536140540397854976
2693 3227.044102374515354443509115722837261053780389588192879602318437
2694 3227.525149515495061180532626039155811625823660567419409532862938
2695 3229.016311629953509730306818474708026236251037083510783953445600
2696 3229.981066960499388877112660346246192899139960944909439312411285
2697 3230.336636732169461220852319965228827398306178720729859678774119
2698 3231.741347918256233972564829485088298225023399085362303955695580
2699 3232.738713124808378130141899435157425696552639034565847816860083
2700 3233.913360603034175725564035438094466426266703415492044210308658
2701 3234.306591244919924810460960753483685956801047918601121358020960
2702 3235.154617182366475812645154817104534887196387269755069047328036
2703 3237.087579531708591928814548654219483779529515095605681793486241
2704 3237.998236326712589204577901083358854736806665751315057804417158
2705 3239.090434562689812449768480827790783532999873333403448667468233
2706 3239.767314075239598015810188081901316021191793583643407647135689
2707 3240.605747277956862198710950261497842183346720988526266329487088
2708 3241.595312938038556595314308819232935543073885543596731383787714
2709 3242.568307582365359198249200858275976699163684828584635620918925
2710 3243.501652711279887198694887777112767793053874448803058578447465
2711 3244.884157091134580115654105087224794246730927885868141686072587
2712 3246.040157816239797720051977040394265204362180717163992133713115
2713 3246.841676161959525694159088451489059119985731992646054427480085
2714 3247.570503533836460579107804732873119645948669962125331647448456
2715 3249.308085747434814590988299451256231980005106306023553831718904
2716 3249.906446318444415967391987713238239152405490358492789814291123
2717 3250.613324267405035189926802545782617901522258452142039060629637
2718 3251.510637744017582969145394297608038877865249580840079597980793
2719 3252.723990907270687158272288597043688310712076704679090123578810
2720 3253.369017244108257992216620051904574201272702563008768912272358
2721 3255.142076592548407877776732360613026154789636074296037304836010
2722 3256.346612817957653999222301109755302661310827663447254221357167
2723 3256.941943204737039133354481145494368371545270346014118951788738
2724 3257.831340012825337977777863152212002115336583999344280874831042
2725 3258.706714275455053401279951246596896750241608751867840909214568
2726 3259.539730686039659248328209884017770164031685453622471981789238
2727 3261.192124420504220716953000067817315600712888184453843373297595
2728 3261.535312602183417692444670478798557947805126403920074135582271
2729 3262.718968694528270682218043389333642963200128870972248727380328
2730 3263.784940489126472481759917760223004083601884614577323755140277
2731 3265.198771600650621898284562910678219731550908071165253894620692
2732 3266.153786419935795400039979807015372485972463731377883128601767
2733 3266.803954479647297578388010631637606672090181402059219569667851
2734 3268.188517855567123844392234532174105514890922141986597411637480
2735 3268.909408588716795153046960608493675575864679851446177042303483
2736 3269.516785360248099212780398027902159042482076797374100698332686
2737 3270.310803457827130573293112230095852378139501910443998648074448
2738 3272.019397610781094887447527014344920966049251782547790834792918
2739 3273.363032965270158222177592966160868768327687011164536326615475
2740 3274.059953011724818136297924348905280783428388879129900190360858
2741 3274.863567637972572131821069588878574401652592399788031384729749
2742 3276.124154984922090626336234582373802790433692623561663029846494
2743 3276.694554681215401362613921319744993869080134660406187471231587
2744 3278.059478289038270402536623774154726067363396158903904187591840
2745 3278.986193732023865913671341578915415263573753418745313754846765
2746 3279.489509639634966605547304930714809754345942128287785853152867
2747 3280.976418713721355348798865783719757708369519568031372190810509
2748 3281.706690820621758867750268173154421055678061076403062571241820
2749 3283.239124300114450886535772101135401780434720479262329903432504
2750 3284.499863132438584931466406982950777711426232124433003344770640
2751 3285.202828751691161488176273684979599709375436715179970834474850
2752 3285.682259710460894108015066357875567707584825010833730387750007
2753 3286.718540342294644164494061985406427825093425932280576370224141
2754 3287.773091992666597975722311747906191809362868708905588718321521
2755 3288.936972845327159588979188659843942516010228034194840946790597
2756 3289.724306536176169076498245440199365416857387447548910615340720
2757 3291.385725928433722910610563297363771110326343128475958500247517
2758 3292.222642049285009899049141284538424616108920615862127278597483
2759 3292.856716097554634971768718479528081372967559695377614009796755
2760 3293.975869245585136093181933223977727504231225284629632632626226
2761 3295.266663232727327626467400059822473652091453804555390213007510
2762 3296.021754764672060302691569867829425308617483204666629967151230
2763 3296.873142162695473488951753909269932771576167270297715518173676
2764 3297.836842310599282397956466960850784967955273267789472321454877
2765 3298.357878621563441293689584167226575070463187481063510337048527
2766 3300.450576192250525004254948750511587847961627508573179326547402
2767 3301.413776304367833885924347657477222750860370920170243791230622
2768 3302.017097665604490509950419620671699254909384448157042388123402
2769 3303.317261841697262716518570033133009668207363308033533529335143
2770 3303.813719205759852144815832296775834786382682348300958253594502
2771 3305.076177240834331712072101057101874172943988456169849064001186
2772 3305.472088698530180208821058118954217078581948471444332041650202
2773 3307.221711602476425917366495413313775298097588790008080241751886
2774 3308.045402223318982748746661980051981673134752245673610071229472
2775 3308.832877512969198407602279907478406518727789590555559623421345
2776 3310.235706773842968521380813305436207773271617993655787873447118
2777 3311.155306118272885010959880821851240457036304765691393018839885
2778 3312.349459450510319123683341721768929023210236590766782303351594
2779 3313.199876672725445138307777898420308396862128851128608859066017
2780 3313.842662273157149996819198834293083826297909906755464657088673
2781 3315.015013827979910053970289383133844590888704787480585637542992
2782 3315.619742540924528601965501976828762501156030920144948902159668
2783 3316.752453417716025589656362234883565420674450989230159613047321
2784 3318.387470170170478675354648324003739485283468381412231479502353
2785 3319.412648993159293997498035415502970140307205682786314582954776
2786 3320.476699682049447244704235244041923748733489565991509811727438
2787 3320.887941461201672133704428565381535526687037340666340124044950
2788 3321.663572698610211015801843230143580935085431641367519373249111
2789 3323.490923179791719478370062881722324107501117723663506849583433
2790 3323.875124914086264401144575657045184499058216022849286678184685
2791 3324.925684145982695330114588326918085895654425954118997779226577
2792 3325.691627038381709125748718974620828555643462465072449113233068
2793 3327.338441751472176750510694705857569683254425407902344203136472
2794 3327.988269208170175297229643949455362827356895195410271540233176
2795 3329.465583948409625625823226333075326308572748452053164438620191
2796 3330.290400360130219844493980440876154028873249557706580616400596
2797 3331.299404161488370421858171776741936072097387709261941169255525
2798 3331.892288243776279000783700814995512775997822979773551219047429
2799 3332.700898576001118556409291325343239541127221425510396052314761
2800 3333.781382961371509303427968388937465907443114069691571379507727
2801 3335.045996424475843016145378604810952014375555693301184259318031
2802 3336.575968429255216961522314352567778814482986448824314823272916
2803 3337.044211896701205873614072393893711460211381619970982617819297
2804 3338.150407356324767411543485621454609123545207391765166275610951
2805 3339.256673694617330510205353002640548384191452167590613779352276
2806 3340.117152697458989076575152575334834990386406876200594320050687
2807 3340.972263637847411333427988967823223802252747673891581173461994
2808 3342.211554859256917301118108321507683292156067294679011637140444
2809 3343.051722278339127690411672990099379357607802174372411258314429
2810 3343.604908509592827998399940926852511750017434657112684508047288
2811 3344.852255868193444556363501716235330206957247780953587354227047
2812 3346.848430816562101350415986074309959272806667145773429352956369
2813 3347.397830990955097521355193606676889976289632175884808301256977
2814 3347.936001610755013303902579520069011746941525078027050419066973
2815 3349.301027926845964516228644981390996599738286494954219917066979
2816 3349.856252114765060397869441434197358169840842147384655742547426
2817 3350.803704024568128833595445461869656337576758443834333951718461
2818 3352.153804096605706354557509474968257469936840337765066297414219
2819 3352.845364542639274646330561611415755616111977115094655047138825
2820 3354.278231280389732734155309699433500012285498665586497166029009
2821 3355.483680305992166158155268856121354467459879054740516687757750
2822 3355.880578183322015092158978116154440104303741732684267829918446
2823 3357.198154118336337409112453033879452781537497593159043762774046
2824 3358.402699623420513391358867478145720850968222249880731891552518
2825 3359.359283067236631377565871478682468896625087504006851759087925
2826 3359.852404381293300519676326325074958397500579807752742331784716
2827 3360.584153298317460106201415606709773754519576503012905913339418
2828 3361.887588621121048412545131266599690682559716007942574213086475
2829 3363.233878348850935833164601653309631599276716273970735073902998
2830 3364.355763553862370287170508560712618593132629986734263189833255
2831 3365.600957468561539405846786005303901917057927328985584741808175
2832 3366.120883810753051484352147794208316876577420858706179462264070
2833 3367.055542539618594379441416572876958879369600249955727483033609
2834 3367.769443868219103986576988741747191659806885574499290878069026
2835 3369.183728554805127239678048569884194247077264967472861673515521
2836 3370.061651746535245904353947841282832385200788945378255170981004
2837 3370.997536142718299903782356468933753960248518282924802028200811
2838 3371.922445600540289315794688706220828286144206961709317168868556
2839 3373.160140925225769804216203942121179347009913766176798320131977
2840 3374.427471990046501169189712349011473883883662623080038074772343
2841 3375.379955756309035727629057644831330870694799640168313976046447
2842 3376.298386044195575790358695570224106655449096143859352856896119
2843 3376.820970848442594658219395028975009144651846836687189536134207
2844 3378.258956962645052040873692307223096498590778285762078276527370
2845 3378.780608494869047029916297961194683102307827290380977593932315
2846 3379.460192668086182018732609256499789897986273044958319858903129
2847 3381.634647447098373954794179094602992798753524491190269107467606
2848 3382.296714921602043372691488929688075676139622712179391464366657
2849 3383.348489575834645347049473409974337828140875098796878821813086
2850 3383.871212415101493175622887733228825772877645672963349081367327
2851 3385.177310827910807710719202044347926991109812869442711905961146
2852 3386.166295750419583665820829270225248722683888794034702210215844
2853 3387.149564459346429834359526719204005046471462317008273897459567
2854 3387.808777785404583277855332486598757047859995588233947405040650
2855 3389.091880156599137301502735341115284222348974255195579983419509
2856 3389.648879040879658962025683200493013516148911879238021395256386
2857 3391.481233731884245223055703624042412715174489072486563079605820
2858 3392.147572630774221932890595024611983231486480944484412146358803
2859 3393.651785893134350471732735373416590845545450194996174588831937
2860 3394.137666351393647832379690464841010799184928407126201517692257
2861 3394.991106310709165727656202040508870424577750475361167716772233
2862 3395.614850938400898704642834303863950225007288405933978654754559
2863 3396.890066311007586694208386753993097014592782932808267580777357
2864 3398.271677189199063867005593431280628365393284015455103731967213
2865 3398.841197219905910066649941580583933332399137046534293989639922
2866 3400.322476548554032914662739242246252200139574361223301479925849
2867 3401.387450697162306480685974462697497769117613751110740941102167
2868 3402.000441414939204718611939428574301037219495585299796304584404
2869 3403.008864820184442926540293696896528695024396401351491881730357
2870 3404.362761572869179338124159794126821587195463545234908287216025
2871 3405.132918695120903243309019561367596706031871363137672681977665
2872 3405.809942804822240945243580618864847337504327520118394326164753
2873 3406.679482811959380378836886485320524705751267451438206144030721
2874 3407.728314289522088749113610848400401679137402053207261270551501
2875 3409.578736852470681075997342848805027696413626699391334840749892
2876 3410.424565211906291602865436517826263466071922183832015695214056
2877 3411.223633497277598977329989626320363528693033890845296829734316
2878 3411.855830275976530825614842946774952766986716259650063590970200
2879 3413.219036005346837023749774620366260562911972334096348103115311
2880 3413.710819476650165120963777807868878348174050188995346450465394
2881 3415.006415297804673981426582975610732386595279339838338327912386
2882 3415.806623572889535666054545692468568044045726289842384307446913
2883 3417.201725527572038894263056939290510056284557941619305364822668
2884 3418.194842708853560074495292840180897882512750618113974915027628
2885 3418.744246675150327036972125776205598097038765635460946873678822
2886 3420.540582987327352575289286271748327171254730672601059815650802
2887 3421.307537318235312433500225101075390883133962828135573841937322
2888 3421.882420407670481968623402086417506169192799790799681634813867
2889 3423.128594192328293958970007785815443704004427050473332314434976
2890 3423.611394671273642937987603936779728969090887125389260798593900
2891 3424.728989863384135984386739869850333974587431936458665094292537
2892 3425.830917735939438315602158781729586422854901702287195490267998
2893 3427.431811005699783990330472528615555898185674721430130281875479
2894 3428.345014648755457328077622962284519352573623902944873400699953
2895 3429.077161459129134002265610802241676311726904830884700070076109
2896 3430.158809529325825517425170159269004752179161526933233470681185
2897 3430.611618680173590072459812117534903044561486652983444118311297
2898 3432.026366531868686503828267416989641873379004261009766893812772
2899 3433.306331160306165797597926367156051079234394573966908993418037
2900 3433.769710163679019756695021308763614184433296550453916113643793
2901 3434.432930181269055513408571463076138809653534513039165457583703
2902 3436.183607569709236904282146027579766257467197811501365097632130
2903 3437.219161606905502377886249875350574680465203867529159068781265
2904 3438.212616154324993944634008789183210167430814239704964766741327
2905 3439.112430154170636995581823477207415052984215557984663476529477
2906 3440.229299588557141384727018546414856105931332305851893772463000
2907 3440.844025770543903456732342962452266149969063728890569899965963
2908 3441.467977670071328835465702759454457362279743318137438445949404
2909 3442.683392445439200520796794769453574893085175715276111230563362
2910 3444.036570701737662629919472744633699517498067322115379644097549
2911 3445.277432468729252246660642559478054571934568869987329805934008
2912 3446.015386158297972475766175004805356313379452723599701207481533
2913 3447.158925420623274971456806616570496980119498587555545256468446
2914 3447.700517605005566453896285807151146520721974824744401626725490
2915 3449.497002715466151504691987516757385912529270446758069610303789
2916 3449.685001064480410114190336185806869083280512755850344039786140
2917 3450.723487592525115796663566169845785067145649857857943034765345
2918 3451.940669427532542598583453022041530752995792595038977467157712
2919 3452.569816771665424608259995799933158467786818393989106011416487
2920 3453.677893918423440325632811157289777700839713240732883887453271
2921 3455.488799434788307255800699950810902619760169582910964924583667
2922 3456.258614559289426050508484013478227217207413053269341295305747
2923 3457.184172894584782544098551035803385366822411893791362426061529
2924 3457.573598857840152203967997616665730278814154965289150945763734
2925 3458.665410624784369257892670343766767137952950481256586026525823
2926 3460.046064018949500232569165478326970950472398234234413534519291
2927 3460.484230469053456704774148217132284621764684671458694479675474
2928 3461.915971198493839079240312619169269037839514193315208991385974
2929 3462.896732401836350478465776353288590043447220485275479912584656
2930 3464.083832160314466916279764108528438102461333925595715659985908
2931 3464.977695252427010404308319210509543933266330013857891496426483
2932 3465.827155727127310976650978673088602867139342351087548205436740
2933 3467.204403986263500585424101784226332876725533958767329659600345
2934 3467.909471078216765539771903666313016794415816528898184290478963
2935 3468.775551366812870431422387450142470876551224131945589665945109
2936 3469.551913132633304155837367159155402377892295432344012738991073
2937 3470.214108961448584664789957746783241830996430055990346422630621
2938 3472.249018221316013765705141528551779095360798222627710253172242
2939 3473.168763395135590199514820087526370644855968180287794659300052
2940 3473.814882020019058071445463080716784688068908303743728624154445
2941 3475.219106732750567370384910716145340565582096653629936256948791
2942 3475.717792819430855617280410902813487829857537321829468776425202
2943 3476.519931770807459761251087757538930465625052334820248901342969
2944 3477.700190284672462246425937057643351936171645081866365984767176
2945 3479.049830179214139446320609044624790290996917788663222148741127
2946 3479.465965312698372925499288321551079056599920234622105724795377
2947 3480.682915950611512287431592130523866310096919425994789099405821
2948 3481.776396694321817094611681514997614210387667075592215860628582
2949 3483.057856801383324829601338757769727091799827726162713032162401
2950 3484.159388046233923287040049639594715328440516423380977873275778
2951 3484.884585352891875690135755219356646554498466166698592904375459
2952 3485.691497728213846605443417941686800339644630658783534466925014
2953 3486.534339669457376093997385976413550938675480721234040734139425
2954 3487.539477842766211765716686714283318697752057750628980369458381
2955 3488.455776622254130102385031714453296940727169881235940216671822
2956 3489.665123316273469850096959661356340955071656995429861669854705
2957 3491.550561368235949774884842475701122484974376247509724500742116
2958 3491.811099965335454304974368664876166965109596175412689957739850
2959 3492.414435580418254574608678683713888746576560264780131510695240
2960 3493.720613082722983625876508124174826099768606803489266211577113
2961 3494.816408481537232133219271984147188254764851385942087559137262
2962 3495.988931967582387074883334949790515269999169337749651000184229
2963 3496.350361363768646776684398554383789920499062745184333323763452
2964 3497.372960542280375834218697862570547209003531112897535256169115
2965 3498.576136539013893061389941767170310010621609122503336952183657
2966 3499.686553821129431656350681838366849961308307148678900827735584
2967 3501.145919590462206622771038114442996206142220920212685114908678
2968 3501.897095232891164486616913505580402946678832287826055512015796
2969 3502.775867948572880732749525787281430183773972247385718748288075
2970 3503.636215791510932614580163558415825626524486758802259967142070
2971 3504.588927774941226318413420277623472208205010277688334018139881
2972 3504.992627195049954816113280741783677675336898895458167575049633
2973 3506.860778987002883813091832310326643030304347495382034612703535
2974 3507.545273797332293111854548340857684247377609144044303346955524
2975 3508.772500866958054949560565421866760423638804995230592497677819
2976 3509.636408038272356329351445153558353069058481225970975363749776
2977 3510.845083644571125639211414433723708624457427435005146885164929
2978 3511.731091112826518679587478200179391662812586847728853422135109
2979 3512.473586842893230449015491357632170555416519936421688280230729
2980 3513.877573873796726162339390879140033174519916359342158605291944
2981 3514.366752243940512150630257097409718449145581405948631601867176
2982 3515.416808849641115846399138060939144371216388332978367979768007
2983 3515.901814498895018015694707259792936762531085835025943320829568
2984 3518.026445239400234023475369478787232119292627999618877595059006
2985 3518.868409208556027115794913922545546305354143250205486700949227
2986 3519.870186740230064824072604198145332450292003285904124032424737
2987 3520.491665965545825865934748777997550647819713878002308526120725
2988 3521.365040902682598883687514417990612997778849573029207555472810
2989 3522.382212893841589858856470510161344661199022387462987212113160
2990 3523.635835723508375724120647202500835001262521382195671174725697
2991 3524.215220737581104589162180968572983449612078548083455226273401
2992 3525.386566637036723925035001814518367027847782757195668954845324
2993 3526.670256711327234795149785929997420415263105685175277552295883
2994 3527.615207050999354375842701037937806579775757235476763692340983
2995 3528.351824582806778596446421685356881354088190659229590394645607
2996 3529.955744345950771179874076123958757274442669758540261207338187
2997 3530.835046797711815440115399443561314381725115784291987137483997
2998 3531.201023963526098797839083216823498887161346954193905411338677
2999 3532.038508847499198516957702305420357446877803521616359010615639
3000 3533.328243395819939702366614242825150079815537063681378344886323
3001 3534.062588280169972606389696484572380158023507375184840542625583
3002 3535.772576943416588436441558222925012692394295114174533612900897
3003 3536.633250705505307203466609127037607941557487095523504453821290
3004 3537.708013056178211576797868209663674443597718749957542592770333
3005 3538.500568907352958726009385389343844234127542948497735938202065
3006 3539.089936526597997395583233431140417360384595192001213549083642
3007 3540.456758807154447477661872580210567798567303261459255106108117
3008 3541.357522375370674696041327999977406345072010410963505968282022
3009 3542.340883917586681125541747671170064801890730017300798260126846
3010 3543.322306535336406728242890189754356144070428372438726845055303
3011 3543.816796286908503061974621518593378606810860742039613062326839
3012 3545.699212171315652050241112406376232547142978101048483142327909
3013 3546.864134595260489504879031399985574050584695847229472528426446
3014 3547.314781396485836779579662407880545869637789746609659172597452
3015 3548.351252963577545927832622574217597845200739776501690842934671
3016 3549.458356776357443813342336058221661360184997941191683641749943
3017 3550.065059225519704829118086731258070706819212006418562417032108
3018 3550.853298372029498401217278892107605774886471102218106393442101
3019 3552.080209750381069015603896881992462868521778042052439180639104
3020 3553.840680597020970979859716437362795942002350039303611770900662
3021 3554.165034789487061627343229648721438294837998933873048374972281
3022 3555.534145071897488093946123862031118948466583216526914295443911
3023 3556.065234535611866863887723156159786597306187511268489966085060
3024 3557.427102352920707684813105158630389113435870417130928431285931
3025 3558.349345038406358629043864328055693330442738268366437131867028
3026 3559.265664699892158720735492391508675784928560373564163681584395
3027 3560.019248823558045713606537420389148457036196416348826015655468
3028 3560.776183334352187103418120670991961562080924251951741554798533
3029 3562.162435082827542793857931766663670804986604907328919652257467
3030 3563.215121485676151024066460657397839996627357797125869870110182
3031 3564.760770714007353843945387037922847252915304966521834723953236
3032 3565.396422886999811355661922365268483800084126034270544477852028
3033 3566.284910776263374697552452488971308881778094350120966445640512
3034 3566.916683895457835276768180221927042529373576100022827541010188
3035 3567.733251749069523470616258984650988874797777646501595984994915
3036 3569.343132086432282350637548905650580349737038925666426511969044
3037 3570.008671364950081203457421462528914880355024727568750063878650
3038 3570.822916554615170910433019075395832065222014771354433487737548
3039 3572.513965627941474489582470719439104042879498799630241709801236
3040 3573.079804301269415462486504031606654843646710756499431847004032
3041 3574.100016308942958429883584085778113145319656140943053696859387
3042 3575.493155747453303677675066595374952731755915010252685404450760
3043 3575.955379643794348696924583216225977523110613947927933567473751
3044 3577.205283985632085688070185859549032246105122890956376845436280
3045 3577.981184110552278139248298344292854428125531198217231276394981
3046 3578.410382618929418994226237887127915209692414982669370360599182
3047 3579.750102614597741638890362888076312448832562111355851663872565
3048 3581.585338241799590748924438921118199793005710612131872619896984
3049 3582.394916619829274666787203533290872014900995365197633184649268
3050 3582.923042185507714931219965677387855156448056821390569232446466
3051 3583.945574774916280124235999911566220295487050139863637007927521
3052 3585.206278712881179287056848967151171109609140501672577981785181
3053 3585.684448661568814930473039692438487749747751943147233283713381
3054 3586.840745006095897797447497304050336839265556146386951081824777
3055 3587.968813667965440760056682925762153107057668864531544114394104
3056 3588.859444520462213313781479696424604681411408866730678181627916
3057 3589.745006545045819187021181074049761536119842624112772837965693
3058 3590.983471293056933506470524008867626994725730537739324126592380
3059 3592.405889080009609201423015997451384029577451085415754777664410
3060 3593.028558839785969099466388886690014724787778059543515347784300
3061 3594.227274785490695903371430813581302009211466283341668978876240
3062 3594.469272698104701522323873176047041163919732298421687753289400
3063 3595.779063753882610927310453934055908507763131157289110435098410
3064 3596.421772540065402957321219987061548818097874486022334438437721
3065 3597.802641294575121803140211379808616894549735138371160973315921
3066 3598.948560206193670061421446501856664849731026405352516109343421
3067 3600.166323796782349381540976015442353340405619224916073181190244
3068 3601.104013685447015925493654520294522339899773550232443233225015
3069 3601.791282751961631642038541873133128498901158073436021759261950
3070 3602.418894262688351563839502496974732496423379204503586497848508
3071 3604.248053633486021662463169196854601756187196499913293842951250
3072 3604.754984017813335219090654801954767383408503586376982187628027
3073 3605.494474971794832198848151307421041103651260751153454366583891
3074 3606.359317624099887487464498076866195036526853669740024068454196
3075 3607.574809645374461166551176408811170452560770060561697598355774
3076 3609.283333034273279729622603264504136669883080136163361327827822
3077 3609.700266168917677083747831221656638808228074394470086701504184
3078 3611.101631551564917511765583398757943703557625530962869326322235
3079 3611.910994676756871638939728746815751922342048871862240759985649
3080 3612.324192687339622630823503701011745158215958281417121434005313
3081 3613.549021241040446879334754923076131163118413335406336742029563
3082 3614.327814642186299074564911760901011554405415069356535866484987
3083 3615.606268124633568375792488943277688758464783680035260499203591
3084 3616.840689133504104243758945906805446464868050914458350653376848
3085 3617.802842397040907467177558312848216083885977159540490448432308
3086 3618.452558515970061806495026455810273172756325876226969504600078
3087 3619.885723507011064803929632999043136613575762869437762174797707
3088 3620.705570449877443237983208655339497854157330336695825377225409
3089 3621.886132366144136256101882301472169018296352697962812233683656
3090 3622.179274502217610453353807154394267287140505090568781158276196
3091 3623.558468473039696030237243751999160555049170713932605715206867
3092 3624.437503556840806249903921861956695381946938821183454843960497
3093 3624.881726597741555589642574218897056120115296223664033371489039
3094 3627.060315519066668849685902024508895193494926624366744070254463
3095 3627.949114790735445303615615087220232618251291214395145459423398
3096 3628.610375056135944810535834811895139505054390277587165125732953
3097 3629.407217611507167841407422569222943209932083945545078874898249
3098 3630.363425045440317375139843362362615174844697011430690504404217
3099 3631.308684288781778734339934892804048630740852868717311811363461
3100 3632.478178336013750108352149620355723267405525435014857131459779
3101 3633.440157775448833615540501502367039942009896300660730189167092
3102 3634.056193093004974106547409410413016983200986942043816219339749
3103 3635.673633427948447650607353716759553594801033773466755771857254
3104 3636.439638357045251172990862951407160117275227968980670651551850
3105 3637.540657717949292915549880944378550324461439247334067616735784
3106 3638.553707679430567169114210601984366646512624536026265272984000
3107 3639.679806517767157831345676138287228070172336764507248005604700
3108 3640.362976494269673796600416396946035440549250512227905902492684
3109 3641.010538146349407549986538866165440661691125623677889320703832
3110 3641.707123241174429619248347117837485476459104005270799759586956
3111 3643.479573648180924715069322057604840621646163101358430138659840
3112 3644.403358341780687500524854583108658121218268324537153575398153
3113 3645.632116643506368662373090572266252786769665531743829487697307
3114 3646.450894369831694777219568144874265667488291264064378009687171
3115 3647.284261680403813188369580027705501945570686089034971575396950
3116 3648.158454685518849929620151266528724990618472333553009943097448
3117 3649.166164131527840828171360763565234386943781355284677398078472
3118 3650.302043571159495448604038867670293241255501587385265746518417
3119 3651.253106163416819112181326301161103463319086977834028887531474
3120 3651.783523374765972068805443988321073454993149014435242644795215
3121 3653.088326196389338259499844920596957178219837838595997094813786
3122 3654.211437502704305114433344009457646952660001216861480790343658
3123 3655.905726441463279154077762081272123772257102665561117411216298
3124 3656.334529766239875427285648927744613453754083498339111851170572
3125 3656.892829633305812628481946498375329231871806978961727130557873
3126 3658.129372193821133813404557191325979216026160068941349626937353
3127 3658.921689551014202970974335508687640863545202301664929922122673
3128 3659.907500747567182275982502284911609681972996736022651551232957
3129 3660.735665814957187837186605405931154237354000796102038881299194
3130 3662.368949297409952120118814927729468832340664168320669291611755
3131 3663.448288854976732378082826940806417507058778485111189637988582
3132 3664.002007104591231739889715522537407904540695158143339996751027
3133 3664.878137729471867913496832525626946494942508832587576647629727
3134 3666.237025972965733036638584009843477934553554716004031487300357
3135 3667.307339233034196928439426222565058634095333217182349255239874
3136 3667.735638945522655375564229143910122197347729156563247443156154
3137 3669.030191157441767073147003592942690728045556171695686445725701
3138 3669.423746308953714569587457145826675284893357317341480812358107
3139 3670.731997269177523789229982152644147729587081681492114137317133
3140 3672.349351294876327432124339603887224366698997321638637716609684
3141 3673.159176144118690156885410346678958759543615818919135921386666
3142 3674.087608956143790266150227876109260799596510458971732699148925
3143 3675.262610129655987978375615987329497046943703500800722430394373
3144 3675.662484245629679923732986220834882082738582435890031014272866
3145 3676.368938137253659678922344562465075386734448933543022478457724
3146 3677.893295662794792812477874384725088031270741533867423154706595
3147 3678.847783056964556828698549585160430901025619527299246327448001
3148 3679.818311649508081213857470532709543682721160338308730017391759
3149 3680.583983908414981853056797266813579171999720284000476868744807
3150 3682.418731435667305881967909736958960455075609393167516121671496
3151 3682.571730549068099259861543059473115788193239394190050838042190
3152 3683.971024203510371870598026214731120216785854085099501796054583
3153 3684.859893088268220097352721777054141424976900969591290781199179
3154 3685.974442142427155922399983286911787391303772019364813230618741
3155 3686.271337180935382280408038235548894780833056027029183935975698
3156 3687.538413759765544286980573258956300740774619236056051040658049
3157 3688.177027971996118448671413889960401030302303752868884385112108
3158 3690.184258111030655673127249123944302532529446222825298185834578
3159 3691.039162252974917217844234855015990331835066658314755278134192
3160 3691.756939721431318257151357806129955498930306299109096462773179
3161 3692.647653927345996832360241563181696620994934285915379078549544
3162 3693.370984735038681316839002150908044996238111873154555301611152
3163 3694.791126717894572904107483248630384933119480501754439261722850
3164 3695.672790133180585511248934973343844219734734368499416945866141
3165 3696.121982633589127833367661498994294053370418177907545565561941
3166 3697.585963644991890736851089269746185175784473335241937047555379
3167 3698.547362766514283974447914811555550981020088559200225647657768
3168 3699.430292630649955282930830219913888867673601454641776105350702
3169 3700.838316759630356721498056284205865064176303646061044071034781
3170 3702.050756987914500006264141263034911180077599452271074647086225
3171 3702.460155933212898287441196201029669265163714330332104535914447
3172 3703.347476075603680339225990217475724441731633685872674325603328
3173 3704.209894382999447377713146548777969219381914306784850817399678
3174 3705.129228187902331167876791520570544366036676242073738051603127
3175 3706.294721355962656966035621461921592598364738269104571500108646
3176 3707.579055361439022674417484545144960473330049286245274091751792
3177 3708.658452868782083203092501063010099022211987965150023604541538
3178 3709.582271723353314798110331388559936727183838016051215490269994
3179 3710.371491776773358952412231954609895204628057196835581873905563
3180 3711.404818176416529613018033133621191897971275417723085153539281
3181 3712.170139466612637643669626537029339874618904742274223886418431
3182 3713.583581050868824719828835285370839067615150492580116862216265
3183 3714.424676839815995053201656843891018993731225503662379151408351
3184 3714.739333589796615304511476336693687666605815479190139065990863
3185 3715.846459034948509976498271802587506161354602086066871299222708
3186 3717.751095917050867352058341609130572895739217818439929893076792
3187 3718.498355474486977017850219446027618126235664120416921263908765
3188 3719.483495399308027780934839975351859859183375698643844151560274
3189 3720.182048932696292736717554950430974384172659575125296976087529
3190 3721.296040000338288020235130321164647761011142986559169978146732
3191 3722.058836768195941442756955047295553192656719392808711625893331
3192 3722.627320552538586028315681894143331214805105273804968249507789
3193 3724.388127501142136826468457722091527678482326576767124852707014
3194 3724.882319990301377041560392466998746476158594190776481306865495
3195 3726.517718264919253019633451015255539139852582939556053396354986
3196 3727.105295973327673110174445866594520649522598075288485075588703
3197 3727.938465955540360751555387303272470159461567758639945296017613
3198 3729.472791701951074776018532582811782566233212044835201766067002
3199 3730.187320676354296573146499664632460912881604074325101949838534
3200 3731.075159248372698021595820993237903359914487099131760378822585
3201 3731.652937302642750380325277569126511278474237797352324196457463
3202 3732.847475613411832532745716386977044641816216341031386595438438
3203 3733.671696807125663323310402568869548340189326299505543422646892
3204 3735.007644637012569080075273851198354969720747377765090621005450
3205 3736.462855616984139736730641562165418219297630141319885864082099
3206 3737.426702784950265240633758278440346242447803786804721851710794
3207 3737.847779331928765593776246198907640746375648642186816160004854
3208 3738.588055467694012039051304221882935533330796721351040355034578
3209 3739.831690660130602365701622121944410904331805003393403607051927
3210 3740.875153687163953311191435927281523585969392762204448114349199
3211 3741.925079348680116885999661951832081072419113649257218570651999
3212 3742.485013546845301411154477638460101183462532775262908622913742
3213 3743.859616211629529455199844412577908872417828321340179239843990
3214 3744.846671965053909675214622606028143806622943915410722701433442
3215 3746.135972512802586811324474566356990685528331155022264443900984
3216 3746.840953103113868383243174705337871452300571732616788554326955
3217 3747.997127044578351478381045622039866059300614522170158339506926
3218 3748.752860722956767740345835712651456110369102634750636026737703
3219 3749.672707911018502176602890191567020615091053798845682113329037
3220 3750.303158431205408860629197028264242940338156658057932429434467
3221 3751.164644510357872194105789024606553595607586051373142357518468
3222 3753.186449129888108423386963970674459256529184479922606960067276
3223 3753.946989066386061833093610589811657498147734392702416409786595
3224 3754.507321882974734646271847934311614615317792108157779699852129
3225 3755.922818842412856307956491683385871703430293910898470437485684
3226 3756.524972712017124694798471196506386740766753599980321729095701
3227 3757.481439849810206029108467705925702237061914210756372714634451
3228 3758.696426296329949512239261313215980908085577529999731919496071
3229 3759.359216675578110694650275308765198118211203476768614403888510
3230 3760.582729132616577522182980992862227429919521254444318983276760
3231 3761.085334951762833969329369599543578661125302848100154770168821
3232 3762.475079096339359998986039109314230862814214278758729836381620
3233 3763.999842697677547614192196837741805062729668364783733493333812
3234 3764.644280169985283474179504855120442192952400530571311302572876
3235 3765.746026064096287925552205764672549872729451104099983886256606
3236 3766.455967531820667663959749246818380834755978104431483513735934
3237 3766.872421484277807982003588741379370097327934507019706661421321
3238 3768.338640155954434175085346849196186800327566637835093669868564
3239 3769.293394313006448933759303083878627524789230526343184771083461
3240 3770.105497899101135000531312846743617639569899359735978023556176
3241 3771.728992761721378791088542252868432514536411100262801563716030
3242 3772.512331217439890354918134269268325975383333167597617726466956
3243 3773.467327740988558121926041104211097806732416316416958203120038
3244 3773.941580304984973160346248314271205301489231664133006810474314
3245 3775.752711840115427011112303478467921921083062665491189139615917
3246 3776.258807342244331680618787512363652562805130377521970005643154
3247 3777.143244333655944718416554451379265796840689522697722423141987
3248 3777.833370602115823136255627863268720961972214967820535029293440
3249 3778.839373785258593011574919069502491861267054058697304144931546
3250 3780.226486450645759017994914217256876971487599328245710166445324
3251 3781.668646123160835271265217939080958700340804851300757372802762
3252 3782.390575661851609147434701981443588356662657061687089345548403
3253 3783.126649463720346253486773169995079620483254006319758336934319
3254 3784.265550345229671223880665811252006336937044191342145344432164
3255 3784.865105099824619410066132188383802414077840029678393371035966
3256 3785.791018600925516608883961412289486620499740158626582549640819
3257 3786.935697906059179416737849375579302307325994729045833516285537
3258 3788.263664870251948365251531067712078611738738542470737881805924
3259 3788.800050331939493490616624965177819598802424241400542833195153
3260 3790.041776672573517356079920603775020000989514631111620374940611
3261 3791.020914404688758905329118311242165944476591348180595638110576
3262 3792.560247671588549843729283197798323119451010904264246113017824
3263 3792.872479501939546382561780652020565265272210948780992592192508
3264 3793.790990276485509246233836843891292020748023466758571031014767
3265 3795.021653416458419218211933279685271536198120329218842726132750
3266 3795.808588147873639874756257307670920857770558108022465435540608
3267 3796.139177933295054438860675216104567145830219480127722369113070
3268 3797.854055842943754012006924700381092085415567225328999708237311
3269 3799.298497077311899317849476141477840185918655174106796494338439
3270 3800.132426403406501340251080000857761265876112041142139280164258
3271 3800.877635578880027708030600595554180036311151964694698199613484
3272 3801.590617175651922173092588661157220738285091974411963593509862
3273 3802.640239732521012673481247317305563319668100483293204760269327
3274 3803.829200465714550227491215037039360442193126264404971393961178
3275 3804.790840393653911424341544785476856638186298238871178436476615
3276 3805.434646754817842957088121892664444017710260002581103708249243
3277 3806.297896755331746484909561118310032762550183658857024745283548
3278 3808.093049896331448327699322938395151594074495398303285049237890
3279 3808.459507836561145046833854043853614626272778802163417997186352
3280 3809.874248312906201412991327253661018537986963834772591721388739
3281 3811.184712334396695954800628843557497846917852348752807264629909
3282 3811.428221764781090041118228302761993869865926332058931010705970
3283 3812.544754398986000934844566574442722631703623253541263259631086
3284 3812.978308901785566377617613749319903285224828901040731005903961
3285 3814.327017461777310197761456735222965048578325550858250729980623
3286 3815.531819858070988219513860134637290733452395828549306737955910
3287 3816.602598127822443356568139541523511922365477136420396810199573
3288 3817.768707914308305283390408523261476816041848318360493711244700
3289 3818.505533965585731785907880658576023184500280771946118592264516
3290 3819.414498547847187907506039413709569234227734571629179030086280
3291 3820.438313369253760871110361763378957515427985148262132915892955
3292 3821.438059666772819288133458780726320041490025032198964116667350
3293 3822.371913385551814133467423536356833609824764966462328999871029
3294 3823.148110407561065568762491858944444464096545956923199704080816
3295 3824.418553124508024529807517330403534256184079994137309137091016
3296 3824.541037159350616548714280654548263883569644069130220900467939
3297 3826.947627237762543773336281062886829138532768164857400956533009
3298 3827.576335685668821836103135412501817236692727111935151195103017
3299 3828.339520519640936296905754657929090340970391466681053501206005
3300 3829.144810486888796983926164192151343196311487457551378429500049
3301 3830.161823923041355831512289493086662698782791419632066679425764
3302 3831.034679119847849960473729461533584624715048164249948169514184
3303 3831.932487129554814399597310861635551683314980306159037629661553
3304 3832.941548849468677729271681887247694013409714230247142527366389
3305 3834.353094561193438030767108294027990546799862053383751065313808
3306 3835.220398724040018392703945405881214904220870842302237191161903
3307 3836.022881981186403109275564453369416819990067566452758352595164
3308 3837.238847224151315504300506131924968312357589844640699115835978
3309 3838.084058667460074643025478337994030089194342244855336174715268
3310 3839.426268466037812101604403195214324178768801969842443572664809
3311 3839.974002766309188837546436393986234502003816552406258150311064
3312 3840.504678748195229727496091191907335180857050662980020613034366
3313 3841.682344812185417988820778741777709135074415722866899442769912
3314 3842.678532636432437496321921383663074244566224358417442347919750
3315 3844.403553213034847711514874286088854969003491632531323087202304
3316 3844.897010964168201914892377924039606224351310829852266893939141
3317 3846.487475476057548300694570853038608906478182221311753141839590
3318 3846.747301182658958025836265293206502146135425714210721190540794
3319 3847.681749670896746927453065593634878978108897946038277795404795
3320 3848.415301005862612205502313296224679820780613623734321156627920
3321 3850.170201814830045633845607387865737165068275944049965449425764
3322 3850.603920438379459569435874121185876373702528256795978762131248
3323 3851.410102460568819907334119452672369996478473816104030400696340
3324 3852.703102475248649119429211623018208857949423344869102616992241
3325 3853.860293845638106751829396278817126736390377429819391829989676
3326 3854.902586332991800713887254333015477349474784739606358526040566
3327 3855.955254473828766428056154249888840512876987746838862781411466
3328 3856.703867395885459855359794721001074751671782568916223495465864
3329 3857.610583014921081546047728023026394389868861669492463603348771
3330 3858.448586235992104362786683245679754606551879001166816818298576
3331 3859.285738177006220721895578006762333799968543739629354795418437
3332 3860.093008505172690318749857862631081450756162057937381589846636
3333 3861.852719325409005757584586815776093388662855566674878847592697
3334 3862.983783666956998704307442631861930565382559093751268613583688
3335 3863.658286019181994770722301957882419043314254685201716973920483
3336 3864.150190996822989940639088295170547375659583134581419991233908
3337 3865.565077205411726895090855206831912103509722697087482369459585
3338 3866.822404113286564802609692720784203677575456746142770134122809
3339 3866.972328124997318237581065443132597885164917797223819050092340
3340 3868.412859073881031955220583999385764720583125899423975771609578
3341 3869.144666921011526224389368047579054408747989216923500215145315
3342 3870.114034539457829775286382595617753263127948721609783541814524
3343 3871.291750189439619128089081627787696700368398599195640642514047
3344 3872.666546572794402382461542697998011971621218346006486721335612
3345 3873.810208380673396369433324455826021766273653214515757449740180
3346 3874.229614843760682187707422562931268082250981962514174504917901
3347 3875.105197584665997060836707662438206324418555033351128995241204
3348 3876.173740689806736789159706686903046402542998611087064127926286
3349 3876.657964937792977933507300679915623216855185440268542413518742
3350 3878.256174941054693397915262323117676181770916721612474931142367
3351 3879.110338709994588311542067351070999533612365645245197374935900
3352 3880.082213597441739481840107266092464357523916611462227030981313
3353 3881.540350511397796503672532572432380588537856082129941243161488
3354 3882.116845259779487145414097013988726053364836113899247004479861
3355 3882.899992550470255746599162858417280997895404784624506236432483
3356 3884.209799207988744030341959232796470546817738357388383144098941
3357 3885.109963086112355294529621695953553594970197384685920354768855
3358 3886.225209766245638375857306916080945556475167851506804010143373
3359 3886.451289790500395195686972804686357803823452940458436502306203
3360 3887.352013760036825957001048637343322744623321081731030924031428
3361 3889.155346344496094431650585951634161834667534614959137685511242
3362 3890.309181969027112201885762198055043890326302080708193285740060
3363 3891.086883002408645857236748068743085158591411462382366419741896
3364 3891.929936985990490856284635026469270414088058241889021930091970
3365 3893.001131076967069568567112770672274118619324348825058592444336
3366 3893.407062083334096652157743168615821696239363736402292536883804
3367 3894.783730288917097304988047269458949415148086915766863229064946
3368 3895.567931273915074233570246157953906669697739612835996679445895
3369 3896.642632275134284818649731889455665756041298162519554336963305
3370 3897.870750291093003286008265613402127369475929662298246493146374
3371 3898.651961794555336175669574322988790888630636310545367029516606
3372 3899.623743455614739939906345575620607201876792696683088096009928
3373 3901.007764610422026171522357638514766717094939878784302631490087
3374 3902.077427042258698973027289151495435161595603835647425571539413
3375 3902.411160510889354972783054979148404376939101768295931380322871
3376 3903.351543073145757339837932217873563289725864690772091172944386
3377 3904.379191304120937170268438687557374426175323768884095020970296
3378 3905.344851666203596742621449709528595924354297150751057387418988
3379 3906.119319111883894096797968961183174151011131982824997246334022
3380 3908.188165438193626058368160752724004876924991015649164085682761
3381 3908.606362666069931891750919826016041430284508748682091923254731
3382 3909.465847404125029024338148307127733084591161753291080389869311
3383 3910.632716856539704751019921615450984419905830061504685148345162
3384 3910.911438236158379120820010097940603677622585629389438250133261
3385 3912.642948598512348959960736506479225654247717113494318564922842
3386 3913.259137861760987569144764780337503136332406547255658047625717
3387 3914.219923269218954272574558900829469916214368901314491673275697
3388 3914.949001244906410445094172548188149670102663628555607883814058
3389 3916.176538559951340385457115669712300979923105609853064438243818
3390 3917.658165953608366624568662957986628107916985347029005502898603
3391 3918.443052987650145674962767579619440559290253752772757288662220
3392 3919.222740960692518655605365588878298585291431648995044595488797
3393 3920.540431095450587398866853272112727138901699229007146224088855
3394 3921.152570240051835609908261096032796214277949889286106466052651
3395 3921.652560348288666438551012019022272441847956337813816698012397
3396 3922.665203224202656174951733939092707541157024846171135303892783
3397 3924.193310525357618908076645515259686474820057676103116602837760
3398 3925.247119257293025393085493584106330552338043181213675233193124
3399 3926.176083583575326687153825646179550514660204324779677137542168
3400 3927.080517370093174300389480080174558285632176578447359566181856
3401 3928.142218295294467209547638117161050000913835234339545342225347
3402 3928.886559206820356147826164484176935169182694738415785266663986
3403 3930.099281280357436125851731251627470953614086345766237754133659
3404 3930.891086382284810202274489198926576666403579255086977422272313
3405 3931.745217360564949425983811261411724512489800246819070520083864
3406 3932.624568087019042320621723056283744593882328682909394525518854
3407 3933.516881842037852281820325241120833039860537890099686783804431
3408 3934.938347808599447019201801473425867637661481657706462178961456
3409 3936.443286119626161131967982221189347292948735715600042644730366
3410 3936.974234313655024427792446165441220442398846319077320841780242
3411 3937.905380853557401362537896211769622387561380390117281167872133
3412 3938.214616536864632490950009520454757168109907137195428890511023
3413 3939.775186811875467466086981448141711230394162722687955106907953
3414 3940.434637596688948586773393023490722213008617601336294573498276
3415 3941.630029648000720129956842868135782239318727775873122692143094
3416 3942.352722187778191036608017796526356365012326133487541544379292
3417 3944.030362806929116484779954267171813064584831658974469648125070
3418 3944.650915652395713949201483570748973316816274738847381209354534
3419 3945.333063668887094366057892546863982590681624685418899591456703
3420 3946.878983570570298787005686224660814607502873341335132468877381
3421 3947.703864074578611833286752782847939762807235126365324344427974
3422 3948.434192200487546591539062522957536956729749686162106418888053
3423 3949.313705822149646069943386533146016782888554452551662478094517
3424 3950.132375511085209322725160831824465778718216770316682591873468
3425 3950.859466439663037494352416540929488207159145526197718830582708
3426 3952.942870156917175169827328975028659048874630985010185852948929
3427 3953.356526591264831061220717986525997034995209056664285973110996
3428 3954.778621164596996670020561684124087602976267108791649881715431
3429 3955.176546372732661583086331540149147438931800962389225316599910
3430 3956.420217191614135622825681907177325983139830936875026528890044
3431 3957.019901776542639870500692955754372936714978106337931492018813
3432 3957.954717947092253546074523653109805089376219445610126732881775
3433 3959.470755505529516744653636881918837129570818075768714291467229
3434 3960.071028756977266031136309144230730596967274173136194069410620
3435 3960.770534614479359708466167124985244025554550363786723601544588
3436 3962.168461926687971607771351540967052918237694926216797953706182
3437 3963.470348861256275151683595800634172831934793265478363695581270
3438 3964.312649523208256814247539909047237860784201301332594558658132
3439 3965.132707098912333386169589464585177003473610394831153161894900
3440 3966.138714993044403933861310454191291386812728885538581552409694
3441 3966.753894106404171408074861975021277404602629656209381421779980
3442 3967.818761421170713090338437515331957538882048477581213403453779
3443 3968.484653607896033251140291420843740301012520608563869636729251
3444 3969.914600219660540069449367507382395197796750265665803429311489
3445 3971.318070212216399377304989647467446466617919763939641787120883
3446 3972.115760264560262036846603031045260742735208882631151618545726
3447 3973.010681503585877369283825094542018985340076061315040409272080
3448 3973.457014783824321923666826021869564605356211515466232157818899
3449 3974.893413368283160052263648357012171655989232672701007227120650
3450 3976.066183195673826166205458507537112914787061613492524645433883
3451 3976.731418901192373990986075025077767883618355821738748223331224
3452 3977.113908694971600065014536753589451489460009603278231831355242
3453 3978.686119979256594878194263419016839460366555692290567525815039
3454 3979.497341176278255104250530366091072445037577847506712022223187
3455 3980.844099782236250536173642147128385182027785489818519811121510
3456 3982.048502086845775326891953810886693966951632889477820770527195
3457 3982.764068116537151659485029463241986935203369680032623185144340
3458 3983.749795369122902311835129023557991336297696993741781952761466
3459 3984.227435181156851577243762413412459359444089332916449797498241
3460 3985.098725242399498989392310097652613940613159005297164534474967
3461 3986.516179038180407271527150446861531148442341465149977905302658
3462 3987.230709154775459031745140606502964975956276278773082379819616
3463 3988.719449264675649709890574842761570259444140147065198011252373
3464 3989.352175808955517196715640931437743561125644599724362392286918
3465 3990.481409607346073668663427565976062783078460752468365382564511
3466 3991.570890985175510498293508884227200184985740587179220094640868
3467 3992.331105099822461805720043478504874669614743803070904577867611
3468 3993.293163731767162155100588963074666827105025644935688866208286
3469 3994.395873998452264711069714577180506511054037055487994661309534
3470 3995.168459723067387720868441747229671569060592155200084638618750
3471 3995.797813413111165863463791506879655105518053704009505897174778
3472 3996.689040233028031629827928979510444375803497811514122057874652
3473 3998.809292299706732014203328180841953624474753021885441601877190
3474 3999.519248285303142180907127505549011623898281886550158954234692
3475 4000.017285178770817525017462724526621269698500315584998964654111
3476 4001.144258634627438509414860713476287239576462072956916234426385
3477 4002.112349427714343895921972600470024854869315634062225426431347
3478 4002.695719414773562292036044716521055342719046629816509754970565
3479 4004.022451394682446505103770753650925637371407119209713043970618
3480 4004.806731028674475863640478625704799048653330207079093327148356
3481 4005.876737437339064100625649719268070433474077721925799718562452
3482 4006.931920817723560603115290762344327810905230870998080092309780
3483 4008.142030891384439156351580491050685097483121302850476050558700
3484 4008.689596252476207075286964479557940740152021925086585774602629
3485 4010.361019023809560450906484759799888376567273148788500368003629
3486 4010.983311280304647997889338444973293361165528448871604459099765
3487 4011.663881541786930039465652929578400400744545881499994237090378
3488 4012.568916000892392478724483267821068501152883171739576524496301
3489 4013.233688805466681017984933918766880669941130474999123518265006
3490 4014.657294818277420413328689722452265460016361587736592082999079
3491 4015.657651051640921343150594267270099741664709392036674380760968
3492 4016.968938010016809797995716863163110415796685746337673081129020
3493 4018.029268458575597729828901333433006940011491597367529904209531
3494 4018.776951600020067438074789832945630716905333516782692985788019
3495 4019.106065040812167909245312066662882997743262146549025611971680
3496 4020.570773103663639360280395580548072668373365943817312886012770
3497 4021.628014217374502305405481207682156346821641855246605085852162
3498 4022.380106437604588096576682044013891503139229759276766042270677
3499 4023.428504974205280282144726950871226643395517667549015838384698
3500 4023.905151400087167641984886604131099140281591279000245614963410
3501 4025.583199026725424130325841852472537465744346481861324816632968
3502 4026.602759101599393676235762083470316145299260870244461488700173
3503 4027.866297571924415222028130988293583309425489288083327737126113
3504 4028.247172919727479772780676368785931949060948699020039154530228
3505 4029.195557080540315202186398747712889488376297530991020162939107
3506 4030.383280199061820269064068203188596109393922917853072212157355
3507 4030.916107786028135695007379046270181057790683813682744540640486
3508 4031.654311715944818680877188089919430738590626381792294084650098
3509 4033.374476877376963248456746051357159960972386708910967310419885
3510 4034.520820162190739997837153831929851503705679501288934613365507
3511 4035.105599029920828107328872564138647460102969751118976426931259
3512 4036.079389601862977614691272581786899410368027753833210489812798
3513 4037.126014571026009983060517553694370669819473709142061579882160
3514 4038.290698859279128482785280191897476721995531718346093024998947
3515 4038.948310434303325260566485220078950634408747118468438374000028
3516 4039.857819222256095011719720250785123475484030036175995313115187
3517 4040.940563221796225392227035098455983989407413227263312771736016
3518 4041.464677644774374591637932926245114626904192568290372970875368
3519 4042.702480396315250223668988090642259178107480806789944372434376
3520 4044.322287003434570728900755901760159959148558673585434810656764
3521 4045.055147387290924543977433608926177402375188967624113073106335
3522 4046.214784829124031157551817493067393381763940590222160480189040
3523 4046.738210817314325220196114740551056473403929233575212066445713
3524 4047.468044325976916231361580269762971696639485096982048752836627
3525 4048.380709827563177421200103051680626168020365023977193106938944
3526 4049.973704686576342633409887730143496871582120780784486427786630
3527 4050.431390624204357755129892236042171426286313035882151035265454
3528 4051.384379551233799656679865041091383635602757330751214862910407
3529 4052.997625981506260337193152155404568710828427714941472976654777
3530 4053.566272077934283238615310380033596715728466979098501476903898
3531 4054.690712870254344051870357599328255913478514340497575849425007
3532 4055.477852503357040339605040310996668411600258045837614946182813
3533 4056.996361903224402555211160898001898922282731211115077541633025
3534 4057.428904233524567290512351317388181562630151864158630232342283
3535 4057.993493539175552801319112982017340229686309213173463730324533
3536 4059.085428288183095249538648056433575512362158186629994059398972
3537 4060.048996006782810556855262773685993732286771575407571895230903
3538 4061.743933049635338111238018876544714208235743309687657229666839
3539 4062.850288692900517428533004781194297374064860786250227532112678
3540 4063.157725455432651574807444582636210031121164701991376715360428
3541 4064.358380196390134897714273448163883467167931044878250408297173
3542 4065.178475192899321860067523483216340820623021383073039518830168
3543 4066.109592650519313339877228441286001847758259832055517357346197
3544 4067.074106868812564029709722655248752781052433623957461440052478
3545 4068.083223826024383359971258017542556586790255810352293037998818
3546 4068.969297626075607360698150883059531543773686993005754360887752
3547 4070.281912569777939834099223817439744279722371420822716750218707
3548 4070.603677649607697782275437884018074471911539492836498705204177
3549 4072.705128706193108975218509058805398138033972581861245988704747
3550 4073.126450172392009410889757275493369052660185753778168987430169
3551 4074.087681133033709606808535693156285351586186794126542775179251
3552 4074.817064510665765360645837625962703331663180480381805292178514
3553 4075.741346670090514960899577409999724782689450463495643785039384
3554 4076.719781863792053895873627999513582122496482807276101223112450
3555 4077.413345484527613144467429661261171800770276789250763900454715
3556 4078.922771360211755044523344314001661396472871792626710635064875
3557 4080.108304481201567095930001901742964005075322954550048175918402
3558 4081.066083420945756238523282554151790654587876235101780174885913
3559 4081.698568431797951076366414170002903296509544743887554152197223
3560 4082.588348141119579174655471227636209363153761048282370180820268
3561 4083.630042860071034148530907571881331591773226545809686618588860
3562 4084.942883202912307965410698255515544637053812615543962172774678
3563 4085.515370585825626100418997318472001304761000352847285026575007
3564 4086.379221074612250775796809217021341543220224465883069213107798
3565 4086.967478975275949354806461317770795736245582200008459834307465
3566 4088.781881483158054732788264111927886330858106892072808024310376
3567 4089.730285637656534801652578282206443314094497464336788708402210
3568 4090.591265910278965240062672734263728582679223308273369667017061
3569 4091.910846159219193728448945404935879794728010698205410953285073
3570 4092.297206464624930645753037131811628669964379006896821934509422
3571 4093.248362229124430532950626068847138269956487402598466809035917
3572 4093.905911945289125719314433316311726024470831365841612335690806
3573 4095.137930751253504173634702001608198644901431040607498746130456
3574 4096.510847296560407744543655629331367328867378866805312794669215
3575 4097.063684460353298960775300367187148824650997024691421016970091
3576 4098.475186448155724798995868028558113684603002662326208861595576
3577 4099.244845293626992475847796830574234085967171403675957300765259
3578 4100.107534130519644581670284350419397756653735629317737182594957
3579 4101.578447921560121188951505406177985271064678989548195929865809
3580 4102.037362535125580759717590068025132657313468935227383550497238
3581 4102.825941825781477258173861335256921987545165478597932754784020
3582 4104.141331202192166833069612256343751367904676892835186298702830
3583 4104.613098579828915562507245338347581429648020755620521531464871
3584 4105.512852569224958931842627274530206198236637360061769523482605
3585 4107.327219355882225463534487534783016845727616714680430485999198
3586 4108.624233430278305581599304179618831748471358570143838931291534
3587 4108.852443160772494844637675983115715747870378435822335396913786
3588 4109.710931285796126200827796335229535697795426702668171450740993
3589 4110.634319886721141688497205559335412819715142528286774981888152
3590 4111.859845445077717527540176689466627698333214116968595782873340
3591 4112.667206018722375299999397119021718117275607560273858323200210
3592 4113.485989227036601044632301788635466175186224898033288703356216
3593 4114.687567837158964554346941465587742207906038815230079748520756
3594 4115.615773798477103160710921023921011481488801562714944326524923
3595 4116.813980891257400122514970309845677478860913816351633628968403
3596 4117.600710739797161461921801969569295124185260382060814759659268
3597 4118.974352669458241314398870906022442651269759471751886268849853
3598 4119.596332883649645452586408228573544470043257786827255033044384
3599 4120.634210584368994290792823942333712891615259831061678827375546
3600 4121.348656802788074646362997028340631698342956025802544850860865
3601 4121.794658785041657550210234260407223727606010478722236442279542
3602 4123.240086669544312935073562122232086309948842953251343259787681
3603 4124.648829380197273769667311203715062485379991488028856574962154
3604 4125.592128452605104292504035754279011829665605938754902223733671
3605 4126.378063880529021693134648246876540025918381010474802228329536
3606 4127.593370808397083110956631949373144738362017644626118444897884
3607 4128.298166699678466670728482148071572434617301067391393392386223
3608 4128.777675202575931135012182476774357058286030489280154165968373
3609 4130.466763780259752689341678973461771342027709353510878480833141
3610 4131.136979899321969923270852145214397704844936274474483537644325
3611 4131.928002432784459591087407072983010263488466377731590845650834
3612 4132.724451307376544964536661206068245559752964639417686245220673
3613 4134.050648828269375848315414656892534666773028565847107494040130
3614 4135.441760021328964841198073714324609643086848616758961320364206
3615 4136.396688873409519754222625320298324110856416636741484138511822
3616 4136.974853483482130959066505388972732108790903047425966695734128
3617 4137.962941379643079206236556568770540781710008175777755297152114
3618 4138.838339555502391832491000756783506097793371592696633852148184
3619 4139.464099155238308142690160459126691577026790580411270446680238
3620 4140.892830115632741338379777942911981555300022207177282054602010
3621 4141.373775320128172181064364964043945014781411875533444608820647
3622 4143.347062500451133645171653660286961522957613712469381664228762
3623 4143.897624856071481705997500823548729305446395817760089410096485
3624 4144.603298798390414941052414285985542566827010136902322945164003
3625 4145.564792568009009431860525495369684998252385845085678308207058
3626 4147.071922279525151614189982858274323716398717307988136765722505
3627 4147.595069547505049210598059622026004633484682936364823911670329
3628 4148.652520778808441897267591771023286531150806017476278106052765
3629 4149.069451050763133346981034070999507374073348459052414681163785
3630 4150.445097952485151815959179374202484975562017310643640281019903
3631 4151.146851509498205315480301034510680217927571522471170079429490
3632 4152.768725265643344251898549649295231213974260907001915537441578
3633 4153.839146745052127530374477391515637218291410378605075059914837
3634 4154.630899005978987952582715928989624260624279576972361887363889
3635 4155.334787261632335144408388478652422420411717392582373575574025
3636 4156.296304962837572624787593637865355865307275402129340576535415
3637 4156.913907991741328997442025692333273782438031281711035410457291
3638 4158.129334413811242054685131083474937223942710190741893637939327
3639 4159.480461698979829257665434838717991125166996801921853783274844
3640 4159.921665840759389187154628823374314718479796729279065966036241
3641 4161.096281182124803241372761933565591555783800952816719507817169
3642 4162.377914593377240624758437786081627690399177660803930340076978
3643 4163.278853050829165149388476633521605753276770100199522286085021
3644 4164.135351440631472027915452552196352879155694986893669193648362
3645 4165.139162955595756411904461478446007193092984810067047417685492
3646 4166.078428062398829525613059745253949984709713804440345525936052
3647 4166.984173408356866620241690541313255140307756795748598254393129
3648 4167.509875345772868354442795484712637702627633321940587649205459
3649 4168.303453625533487017353315114461646456344403908600799516177681
3650 4170.482806110564012300462578810334213394192083141223246886694723
3651 4170.875114381647877879610455709857683677179510182949842742189640
3652 4172.130758051546532436257239336059437001931716987795971951067465
3653 4172.876966851703883987534224599476354434985789098029799311400089
3654 4173.416864022804521257206590458564050582530123913660099835925781
3655 4174.873181874607245529232322487733047570872343106901764466584439
3656 4175.512052252207840572434957913502581883513582395803230076275163
3657 4176.643071920197626255343457869080057447000338590320534779829766
3658 4177.322188624039802964908229898264416569440922292350467962867846
3659 4178.530304183175522793937731833260270653098514133124102128024640
3660 4179.574699430186857067777579028972568259884574163963508435164704
3661 4180.503181765203083578957305480793583247760886661678406955076944
3662 4181.922493184464297243542982652568618861502428465696962876546878
3663 4182.850792879099913259103368077854056468615473851100733486932880
3664 4183.377504371781905551951056369777137106066495802085907261044626
3665 4183.846344459319153619835581930200883259720401292176885522209062
3666 4185.312727675292838292472048876051881482781049297452448791181748
3667 4185.957936687376979078367572625460580577896742603536565880334003
3668 4187.200718846234245244589006216005245151918530880134536061940677
3669 4188.419977240156833977672592778620933922864550138740204576766554
3670 4189.615279793395058432436596912284415030570711242076671517404628
3671 4190.233269290908713869093557262256804038244911538162585805807917
3672 4190.985912225671671007785562683527151761455737441716733255318696
3673 4192.109712345712517225070852216086393787436486334403004925428210
3674 4193.175851165785098973545139098079113283543402559136206698413832
3675 4194.092245882131889272252971716919374897624271898556986905999271
3676 4194.899013888260941430150477339806663841502669050919855664160516
3677 4195.541351655143766551062660850654267963017631235923974310630846
3678 4196.604548355804795180036755456194127403827816146818512047586029
3679 4198.425989112479249027807169708176074535997390710265644229791650
3680 4199.335192631164304861929620982328205765073052850820080015401109
3681 4199.633002829636421887510216057957767755211641135582710879844499
3682 4200.997463466575706570066957829215072879975166499296994770040930
3683 4201.827002236684127009664847695212674825742689852023118592545304
3684 4202.416698746014430959619058335005057881913636178368497203980789
3685 4203.280813660139269368756442109000318480681710084582943545303616
3686 4204.736011073341322481788587379952036996007550408920546375964532
3687 4205.627365267385813391126003249995618777814343826236015171925295
3688 4206.870191888257310638901882338687479040297720058385614883782135
3689 4207.354542104387760672383098450795067235971599288471111289446104
3690 4208.734782098327231020671457721686572032107220506224959560048962
3691 4209.642902759412553684940911114224187745768235799620114057205990
3692 4210.549793194042952990353390571161003884232320329497146371567005
3693 4211.527980700039128152744508162232460602538193614550987217436110
3694 4212.170228129721352672328258139125756244840139397421455877579978
3695 4212.967293233469157664977744858939942316005066593382787897271709
3696 4214.117686583577980810540124767620149467247641030960323705730189
3697 4215.179293281830773860738783146462520395006470680527964956762499
3698 4216.832135763850230669006980939100856609838415054336058352628205
3699 4217.495524251771119977699142528023805411345383801597635309107014
3700 4218.230788626875563450352652222565364029226115323107092765274115
3701 4219.086410356289667962014353063486437870715424545390271092009358
3702 4219.672061531219570365813961108917981756600096186540579738493419
3703 4221.306739710483433395472095886713732304708330057963683543261307
3704 4222.126671441045028900880291483922894295945972268703525856575750
3705 4222.507243705137996463231070396591602559155882294300274597535064
3706 4223.901179992220450204450573474139636267002421354466127570277089
3707 4225.282365846362951643512616114678457923450931562788569103855911
3708 4225.722307332870217758054503105382312907920722227898000130956051
3709 4227.210630501786314844796831578111202987439297492103441559671673
3710 4227.984705072136280418117917762893396151225658599376506303424623
3711 4228.980834106910106534887955803903169829232154720564796368525013
3712 4229.533411497629163706475335632417614061956271105423069759181722
3713 4230.657847975155365009748547796089709773210531233054592791274876
3714 4231.008079754503101277579399960440664229361896372220735936787102
3715 4232.660327378782449513240499970390154810558473116588122157283411
3716 4234.137260750954802005680809571845541297021603205080789844306107
3717 4234.672186485428209507773831751142413352850790199902752190800169
3718 4235.502814784649530559823513726729018371845479886116917530355408
3719 4236.708778081333553093361393090918963675787131922753016982734095
3720 4237.343105088598700865966333655583547354645591634269121833773535
3721 4238.581562429219524081949259749587444277873371282037666909451449
3722 4239.083355091352149427037182939223395050487928061576900628168882
3723 4240.609223276219873907117412333106247115225046795621908865332690
3724 4241.104024290079786471209165408596389249200701679055920624081967
3725 4241.783753083254786295422572299153336208071283608274530520880692
3726 4243.573652494019625857323108470899224120637046544198420740493508
3727 4244.575822632996718442186495907842585064057154234323938978486891
3728 4245.621059995546743796042572880933389773149315974960786412336041
3729 4246.010961501898300903152367521291042907882188638098467562805012
3730 4247.050666369494432725971080572731472597620620049256585608401136
3731 4247.882863620120972745711456358390853551398740110614534825396100
3732 4248.798229920726097730432440058747180553747898999555542394144455
3733 4249.842360550784185109188028641901720699492421859198576325245655
3734 4251.024571916935894702452890743464452383974256294082639262375406
3735 4252.063770376692823471219120500223816133198195131180625112940846
3736 4253.452157043094974709762648540896217833952657416827400343497554
3737 4253.641943495415197993416143476225857557391260000038001796571232
3738 4254.606741244740830906057924079170668702162502784131358781536483
3739 4256.253977915078116943640378875136153375736292264565748080729013
3740 4256.903916379891303848817047048210834701992598817313946669487790
3741 4257.398426070860373553048899799236342721528369139463375592907098
3742 4258.412309498923805528628192384465550870794329514588194309740673
3743 4259.219971503959149237881915423151704207762991783350657177907665
3744 4260.828780400028577525828614907590814313870189184740976657977626
3745 4261.801316153905304146512536646082620963608621120719249931477772
3746 4262.834917758818131271379627771879102488072372394002043436314516
3747 4263.851070090161653157230823897253092438619323529039529910768022
3748 4264.326484097472780808814987044591758256915412815175199610508679
3749 4265.197753530233854891574467331846239564572648413946818456750089
3750 4266.175526297828778597720121700546865812314172593409750783200466
3751 4267.375018115874995308067365329861511070578376279153604198163252
3752 4268.223032063958135627933987157639420467784150703414716548503663
3753 4269.311963383198256316509743093270196277447042555611213600296569
3754 4270.228945852237268113278931379848674059384390465902641632281315
3755 4271.219357724018474298506667317736464562989561555695060546582841
3756 4272.626546682788551863950123057958702974223094272521219230743336
3757 4273.266070375791575275658359063992319650707856694482979225854917
3758 4274.006198485267499036547562843696693239994415220187388763283474
3759 4275.106732633899628078353568218041191660799001294770920986907586
3760 4275.863648070410039299644446928529317369299227154432785745328940
3761 4276.733176340385498092673426128905468599351767898772677728480083
3762 4277.420042959429433607477198492214040953073188015793203123976940
3763 4279.548867188124268064958485991056208366708287325192573316002503
3764 4280.161625524678237395263217097771334540842246699070889203067969
3765 4280.973787692787184731095603378707939760368217369924065072938447
3766 4281.587159761130006834057075161003925036598206565100520446378562
3767 4282.943479138628317707634093888434420999196229670687838870337444
3768 4283.493728632652311983602358350791431031403851226099406135034900
3769 4284.844965401470749190126835543405215253337651811982965286819939
3770 4285.629053648214923857741256787396172327511399350012561188773973
3771 4286.158107286907703681664692071077314472958463120480179484014240
3772 4287.680518179438382678241002020993771478242730061980046462657296
3773 4288.504766274432492112422470214144425766152282139478389859773617
3774 4289.812145760645530074643500391482891883601261454420023078669605
3775 4290.683826357642490280545982768568676682683173982442307320845598
3776 4291.674919393785886227070991905937694632926903778565094876892949
3777 4292.726444975231376542163867646268923484157077468208220528971610
3778 4292.817263390514137590152920648427492467773133568726638112275957
3779 4293.813814959747385625627926994809773344035489846819593026910295
3780 4295.348211448381976546637376874920717320105937014887147665500579
3781 4296.247687553782203307884772358722857716420133789392050848563587
3782 4297.269668492699212990582729403968170707011622253781676481215520
3783 4298.663179089635915853875583336704236520851683896830481024330910
3784 4299.054947282909573301277047302034482147943664044642721917072048
3785 4300.089148378121238996799049153514784188285265670835377697266077
3786 4301.012050609301536271816268444679517326586476190363420563744193
3787 4302.145194882383666534142022227763373997542191004233403281005895
3788 4303.183384178737349694454043236828709233522541521151727892881351
3789 4303.534636903585180282736266422073159364933854141118264762992821
3790 4304.617528001025212884030725465823125146452892784450142699776769
3791 4305.613823712048145777577891167088568909346634872758369772774549
3792 4307.449077599055896908370773124129122407169409258995962663045113
3793 4307.998991754306450218424912396077488816692543532602841304042712
3794 4309.172964976841508301834691980554217413770914664390791531786419
3795 4309.358615069695703461873777372963594150389624262211125810719813
3796 4310.632176097218701787277126620408813079479211883781488577207782
3797 4311.662007243922197148770427684502307734391177364803054534577218
3798 4312.226430123790737032690006611674013872717062302370704586909823
3799 4313.401370258528985403014677210584815640685471672470708039600446
3800 4314.799283160255336209698847698194125855861316469952865237110233
3801 4315.573741805210985077861335421764706134126706199063973969627012
3802 4316.464656306923669271655142012764202829878897066267022810404950
3803 4317.356190740262700661577173385701071282009269571878317773195217
3804 4318.867542854213184133238400702138755644391620547765477202301478
3805 4319.406828392035801867569118264778563020354424202018455793355606
3806 4320.162243602362299355046963648764745447442318082976230174573496
3807 4321.074891627432100607292752477173224726898379409646381237682316
3808 4322.076165190021617270542733089896697765273080492936792851189243
3809 4322.664566486274587618775642632819246080201127315969609497702991
3810 4324.546748008150745772116190333457323684872818928060283134623981
3811 4325.293085728018140886250674963313781283120484941942038751547615
3812 4326.350118583584828390075873050737547687543981096567864895182011
3813 4327.394690703758969781657779287512350785587742667300782311452200
3814 4327.700362559461280728398883041311999154948175808187212488534235
3815 4328.615769054413532147354230196095723508295717177949394871684328
3816 4330.027835915254370617359967744123575006127762931361978853357012
3817 4330.890065791732079745339036737830027797087686973317665413557956
3818 4331.851915622106296327658606122224530077362181893999080634956126
3819 4332.303902286719461748326159066770556819089552154255824588764956
3820 4334.020581083662575845288953916612344495028120386989389283303601
3821 4335.063147370884527300446728636259628620861473237584999237736838
3822 4335.606667165305049524087710495105384843404321113845850745169683
3823 4337.133662605669106826779634374021489626382061009674030538967570
3824 4337.451842980883658531344260020435543383044342274261188701218436
3825 4338.719122162573600501807403021560114204984212791266466360794263
3826 4339.027061506978881932940616560448362062683672866341735160951461
3827 4340.087832540901234235183068089754077594851261166457925166546665
3828 4341.413050962383796875536399623547823794682685199924411917528178
3829 4342.901618174997644426798353096692940331559706247778881564298169
3830 4343.563201207074485598529111771452380775696637340624404688342705
3831 4344.334641491140474885633264394648982970814750924842616597151013
3832 4345.249657154565037228925131796593796362007070831447003606042778
3833 4346.242896210363647367793989938736205867875615811850322726002109
3834 4347.628030072289640801638493317700578374105339836535554052110186
3835 4347.788735321778720109308848669598346875219477789170012104524220
3836 4348.975430851982282591189984230252118034199205870964021539305966
3837 4350.013922105545571685436668165036870932830167403023207619711538
3838 4350.871384355095550698161224321172066511806105156326797155460700
3839 4351.952516632844799693284205504061094107030668116990960639672220
3840 4353.700189732446531948029848979970494439352078995367922375936086
3841 4354.220757625007382864286038958317465737545114255985904944209999
3842 4354.724596590270922342909293010029602383916685975235887101657187
3843 4355.893110782247816934124193205434785945753357800861823190221027
3844 4356.482766408338403412124855457337672865597115030817005225933657
3845 4357.587591693042281689688386157404272026800241605570005787408546
3846 4358.755643132420286909673105392435544054603088694502945842168454
3847 4359.500185597816646770188444285412837822244098113202296911945755
3848 4361.191076817522249291911110442312325587325044885586930357699411
3849 4361.486734502675719096007959922324839906404182224219674780886802
3850 4362.761583185764398272974803515257653201409071984645508791625565
3851 4363.525581318882122838953127408201624835028194730686926122852497
3852 4364.546908846036685299827775924167849929230205243480558023149959
3853 4365.671997008556408897273287866551873806504271384634157170563091
3854 4366.527307542686969731940690237280111037394030645475086756456087
3855 4367.000511849069285656954889904550132225819449023499560346889624
3856 4367.711048429534312843731488904996062796937744798448154835830689
3857 4369.537964927337176457343944133768026843576727672099105664043371
3858 4370.734627509905661621589390457696684810135485322818491135113189
3859 4371.362633022014821645632965352518926146690150107222918303335400
3860 4372.227906507432438537759620554118743928324306719672158585159152
3861 4373.433178290921766909451156250685551832125864281763789947146380
3862 4373.863804411418442674221324547014003398143754916917355566506057
3863 4374.695096160702237207782405101340860823577497197690584972895279
3864 4376.083223911225390966263105975195851924530601917041371922092186
3865 4376.982953296759940307459145423897850376913917497217516141770027
3866 4377.768463362284683833960827944316905822007916400962407204845832
3867 4379.103315875457539430988841927171903893424644616259045931415164
3868 4379.759864529332484282787637064924409269520105059525156995935456
3869 4381.091028309864572282570160660346277758506919136197228578818064
3870 4382.125949498676589289295265348348297364263222629670142263437277
3871 4382.875748523263969008889179937514265331879193403580018627123393
3872 4383.466427318297307401010030192567504546378765929684460609262055
3873 4384.419601139081317074497003016271640699503163399406749823560689
3874 4385.579886328903910493120365458735082266457749762593073889128616
3875 4386.083678707494445686013572869669770239796352384711864545139760
3876 4387.756260025841354659621967077156607846908932291063871092902192
3877 4389.029478391509339602711265742661213153867758469152094794767005
3878 4389.719630868887908314811661955375316643711640025737170378121303
3879 4390.351108275227104076492170474044826009163769301665053317420172
3880 4391.021213066960059009493796585568315121830374686374668657877949
3881 4392.574337674838886637326374827974800463183346807609709444177201
3882 4393.358662552606143626062401521276828845700176792295469777202242
3883 4394.028511126825552842022808062702560077443979565434694035842380
3884 4395.060893844163135236423557145687646253008327043663550696410563
3885 4395.951097930616234479962463767112216210255520345405978666369944
3886 4397.223222687317357301356606679719449524974507222778386813162446
3887 4398.451719633069752663285351611538333819832853602374863047466281
3888 4399.177467304123480436704718872739338262287679077903643261479586
3889 4400.270180039160398612286366254048743135404327613411931671176879
3890 4401.175471547632582621853190233880435505922243772918660269570943
3891 4401.533574080142021232284445541388226298958795395623325043330701
3892 4402.808234516906255163677420079373330949466634466449413395590114
3893 4403.239569924188559173442950812344095469787246739384855253731683
3894 4405.218604639987692369683120279422877861333892805015027994238337
3895 4405.832303993915803938759049521844350461082927132206153677052486
3896 4406.706876416488763458973192322945393678858254961337730851363593
3897 4407.973180939619009282754072726675745040263094316080094082967771
3898 4408.623707863404237262145266046081970045420338873496377535848734
3899 4409.666097134110426045845045188238692565278878563435681438398643
3900 4410.491141982205285855204043631541312149938223281082316147589404
3901 4411.715201530781930130455738661035379546689379969430086401030511
3902 4412.237247490713238199235886204683850545770811974086084422324056
3903 4413.216561165380747114458875060749865714006928459190653696461034
3904 4413.934044512484839559241929866706913254256887865087865143875789
3905 4415.850961826549950549668880881130688209280157969507351095998809
3906 4416.593999029481331215580108901282638874400013842300602959612546
3907 4417.580116975685104299894262436303074191933433813367365507520089
3908 4418.241556472837749396493650170828516690527810077882502822377947
3909 4418.971524790858100014502613082255905026621086629279345146998233
3910 4419.922457573363702114283325827805859235097052881868721937775112
3911 4421.141217996643738328363223700024439917749399217557482868228161
3912 4421.904701207757415642195938117122627949668157973171632716923057
3913 4422.790749620976987837022566187986664390354932586626144210533349
3914 4424.339666554156858748550995360352563101539886220662522842820256
3915 4425.244909574641610322781152010251016074425658803483183153959692
3916 4425.495648732297991529238483802435213403485674456866789111826146
3917 4427.164720656212138236375656757117094742192810099359864666811094
3918 4428.073175842685664942563654253866404642134087408806370126977110
3919 4428.881802431637943049584541984274334127486593491388585183010327
3920 4429.488009566998485873495062260062973713041689084253914871793916
3921 4430.247448795439337919052180183025535716401619194047939410482767
3922 4431.424340483088057362396683070769304386435734428681169616521359
3923 4432.575627454585165453853146880598067895751111303255230622630144
3924 4434.029253195875076186016425005507268860963786882976123753854082
3925 4434.779104836070688680722994308926910616657411719559220388160527
3926 4435.529083292576743800182341643668386294086812983751495522314108
3927 4436.423737983623331374406565318017715731227975331163849052207870
3928 4437.394173677606044650916768915389076489858927877912576967790845
3929 4437.976869628506697839687856249165341350499960475212941569189070
3930 4439.557560714414832325526660013718576790703034655179721465377908
3931 4440.107585509010946069662513739372962310367987354957189225947902
3932 4441.064996264988783477651429981918940474435193474167635907565020
3933 4441.984948578357786283869596838248203788689340876812010020970834
3934 4443.365941871083814756235578397897483665335205256036051539975245
3935 4444.564424110313409079006521454120416361469859826378075390982592
3936 4445.238338540593880076851105594683171394973350424759064267597370
3937 4445.772758248951021434026725094375842083692778495017382788333230
3938 4447.263096016793147242370456607122931784214073007032267005678254
3939 4447.732962461683127222024026568847657774671206086625241345273105
3940 4448.301901068324509768316295428601924477634811144517920086285399
3941 4449.635268124367618071225594071333134271536881025979226838934701
3942 4451.098120800309180893733678417656825146770472898835355852437494
3943 4452.188083705132971605440102932613579013223180301144709740574648
3944 4452.680702066041694395023339032194598617827791034070167131043597
3945 4453.734551271115639049576518311902045026638338677517966670752527
3946 4454.462905440249533815013895807682632137541062326918871571334545
3947 4455.762657972554838530365012422064063484565145248181164786189851
3948 4456.703250193513507286086203981736693104801332553867733004735629
3949 4457.245826339942973539428862999234739205923142668699266148718227
3950 4458.188749330669113489267728745540716584037564100545817062841131
3951 4459.171279016140607208855439704768868106281264779253607309824470
3952 4460.548529287535826298852741189896312510706493914279694413464631
3953 4461.404140478537193489077334681690456816587405616368106452163372
3954 4462.734622194915687919673472767753195938940445290687689536763615
3955 4463.647648067206901185865651614683184305342410121483468636546055
3956 4464.038523256990129282451797112441166926808535547658456218120675
3957 4464.812716127626601098113187678931358515870759536780279969128721
3958 4465.805997569222651444357320159191995699796240838776267488109314
3959 4467.228532883001554745029311116018276537325156981035735894462430
3960 4467.739817015275730229264564235099479591595828928056033976252006
3961 4469.170662737410317484138304753112762723931715873975955224469831
3962 4469.978032831733946790410976573750233635749740523200247064354944
3963 4471.361757252287805366445767473493994082221157714626202557473317
3964 4471.550195590352033532132191162830280625119229299478271673435336
3965 4472.959272015182274969512620286619926112481317235607607811769074
3966 4474.186277577406440361308573247952554035114720555934444433894615
3967 4474.317091778977771744419005761501244921069623041966032547571837
3968 4475.801110931759640257969655432704454623995254743679385625797800
3969 4476.246519157506198531336996892754303324705573925064299240674255
3970 4477.015857063332257867041388982633489811083609432503970581324220
3971 4479.269423276334162344969077035562547977376128351874160728056268
3972 4479.730664772092819520358117440077339793689795441662135627527433
3973 4480.533629739235561810049393592941500436399160871258388889721868
3974 4481.410040221138047775769977422684235399525884502603919054086056
3975 4482.366885688958295640715308254523956988386421830197576729135097
3976 4483.238277466884327438975421367548863417191189580948884054583870
3977 4484.123623369348991498487785663944012174629738242527071083931126
3978 4485.052226103624408763139544196668477872057147485455459109279669
3979 4486.327219162941344178959812202338949479285446334718069410435546
3980 4487.084191427811448102812742965427643033101749099365309142579361
3981 4488.070667249015175844497896390782294873327029507633950126112505
3982 4489.240895547541078523970693176584335287697892843913986356910750
3983 4490.295506994854455665864978370399034774571459046797540417405641
3984 4491.218481252422990785755462620566885850431674087719736851711678
3985 4492.008277878969253039673784835813803706920512348888621899969809
3986 4492.638034669212676935225442437487799158515936877132163454046862
3987 4493.533634735208371961568348971680267757010958220120855020968845
3988 4494.493755901568357037464862819053253896591519020234031191048084
3989 4495.810018029897351327214256120726633352732627695356412712107914
3990 4496.893451767265072729332021255623095062080221826441529243152540
3991 4498.107112046466237971667121100138246367891504035421346185326663
3992 4498.778394072472857396015814029977724400900101244050741701275275
3993 4499.585223107458145042812928810592557961089195349772597468907063
3994 4500.164602396069653262385634672054631289633152699037505200799576
3995 4501.627186643984574882362001870030375342864523202088372623611029
3996 4502.673855553594221841988261329487500131502287727963229561930799
3997 4503.329854345718332643123598981718310839831855068557845199257623
3998 4503.715555681810678935498530904845882444978666317763038912780490
3999 4505.458867093072674442995567698046682035422948429463817687937042
4000 4506.311496728824972432999877515978154700163726962729177462947357
4001 4507.745182883217585712853949582130595101375710936539869950720615
4002 4508.211436902683191483435369429751696696065908625135853750311717
4003 4509.371444648123771834790942548716268725511950885909449474855557
4004 4509.943668937142796631322938389632584861445851013166284047779772
4005 4511.040014028519826947398916024130566611816341637454384637888599
4006 4511.462718596944825304866609000159729318500852524239426254591521
4007 4512.809991107199333291529833974480827152691745500484332040524041
4008 4514.077139589541616475393988400723488330719124437565020480323832
4009 4515.191306764589303377060488953866509835701114756714885991147808
4010 4516.089845213538949617175402756735317343836455813099032734972663
4011 4516.365671040829024137864805474376035797780338144916089188906815
4012 4518.275389222432388863170822699025482609990070064880250509238868
4013 4518.584679215418522579924517709275725467473829617697105072641665
4014 4519.574800020459117835839890077031162750511220858774884414571404
4015 4520.538555008726931684184088823427669016684935532415632667542565
4016 4521.475485153272691698190833472758823905809562861795916340636725
4017 4522.144077728261478388296466907885633747967318354910018742395461
4018 4523.237464378725200620258401319699080894343422960339144770229244
4019 4524.973397160755773243618600897445568724599439224979268978754311
4020 4525.790882296900267871033144568467868799387345900311177437027980
4021 4526.348586358787751873392685727980918075932118312662977566134899
4022 4527.353633124018429918452022923958086423769668899870453249369644
4023 4527.943893544785588109725839994910530022491115015616568936366979
4024 4529.069234592007498259576945817462627655915823173011372434505787
4025 4530.025233174411323526469540507058344651004290893329702689457913
4026 4531.318968337886596724273818597646928766679966549772296225556174
4027 4531.643575987181310538825048499001925113194198025679210475183293
4028 4533.297976471441726615658024972616250362307536775181389157228285
4029 4534.135598244321343192504626221240023698586772780418311421413074
4030 4534.935556004702284227945060509779528518350943652714418326913258
4031 4535.907562516729376514379598494837125273041926787211379083607536
4032 4537.252568547485587415565651356945701567460007248715145639245445
4033 4537.806098343882329936862838028242107317526296038608128598386624
4034 4538.508935088108176774141129276060688607395617106621846184048514
4035 4539.188862923705849811772038443629572131457633727375199559658135
4036 4540.347726623454188128500244014033127606585396130082444939523794
4037 4542.129666250978635069532726545337803213141063176690783166590374
4038 4542.620486098007612372083963491494295090667599198763183780089500
4039 4543.746922273790999177631008968548144281470279444846491221454381
4040 4544.720271320875110382421491907344436647437192271134705529044194
4041 4545.263343636485154453098092372979227011099160387920125253956602
4042 4546.141207421271979845560539876905547532827309773390720848121313
4043 4547.593415368720114184838546187063443613548332165838044548646409
4044 4547.938636006363253018544780687249955566880592089690582414468879
4045 4549.281071828127811086350794723319714220825605728176585184060207
4046 4550.068688879314210336149118012446959131641663743701591831519593
4047 4550.979693585295962613643764452566530469669767601493986434634570
4048 4552.321926160970289519545136238343465383676074861666708979034222
4049 4553.536850280879258971758921149257355496151719100174229919962530
4050 4554.197951050969598706635230287888673560803579095149166790648181
4051 4554.959391486876160667914538289553981328566061975818502054101002
4052 4555.595473599203158946601291873972524664061768025683644288338362
4053 4556.891310536484503768652986880387914039107826113822939693849122
4054 4557.533974070577998530495887966514894155681611354792030879109158
4055 4558.396623828290441557161984922674634870848405131113024279702531
4056 4560.215941097671281958776778008503478330083868736756621223971025
4057 4560.999833506231566524694954716395958113984075599369931095584824
4058 4561.629346601569669732050277317432922420340230785119912941286440
4059 4562.596817089267709950989165485059228937586994657083114155440745
4060 4563.416046267604426459660499634624463626603181332345129018479083
4061 4564.815955844672177597415917660864997104463670109244738661503387
4062 4565.416958272248864141663338163913033757886585049404797714882782
4063 4566.253326081946528362715522291555840356026301882706130847187497
4064 4567.121450990624194848385159462845987213510904866420494138178661
4065 4567.941686478497419875684945464059700865050220340891728081229905
4066 4569.615770295187562955575272455424426120058395058634921993889767
4067 4570.433329174898880336580872071562345421877554919477726045072152
4068 4571.457898785560828460419247772916893473957834874590281720072741
4069 4572.249860418587060394057443248784701552280945872595825760080264
4070 4573.246173187393333751288040959170478746222686755103957084161294
4071 4573.924130511974939764591965210765316541536029797999996500578085
4072 4574.297621384388679280112897558731852515815709758536511197799010
4073 4576.189954391835435575374432369423896453258531381160248635264572
4074 4576.793917799958071535659316505686991589035293861501164625922867
4075 4577.859111429864775476559526651453800932792941707724393700614416
4076 4578.927025832071771057651460819827896769414801973396994944224463
4077 4579.956917853998653677792734176456097691023119185744491117414280
4078 4580.717084505585650949385830623558339309839026089974690649713532
4079 4581.894187213451395060445442610447804056287416474366375398363127
4080 4582.568249086154888198907569981169699652819180600390223261466968
4081 4583.673687920993870673011736095074661186569041677792768851529211
4082 4584.380768499226686844002352733506176907838066077048582642916562
4083 4584.977258165432077354529991615681816789192007932110980183664617
4084 4586.207762605340608766408165453882769937093116573444761222731490
4085 4587.674877076508276421401386814874332557481606736584946436506294
4086 4588.977914220216893288138293507940457461349181495794162714988740
4087 4589.643449489509525831930698831995175811726174940257161804890003
4088 4589.748811533984073109027526664796462717720152835939289475545248
4089 4591.204146513097044716158606747630674878318749145086570576947668
4090 4592.049309087907912230367895959746187324144000709256873185994772
4091 4593.159791572761266279214324563426713718607074545348041358417306
4092 4593.836891986130646383859656476494503578710475055304077098064018
4093 4594.787190560325223363170185309148548221896182781742946025602046
4094 4596.263664401222352072995222028076717007385624793770827489487572
4095 4596.829908459071355620542552594271550452785325709025776202749767
4096 4597.820812342329887692851077511760921676080641718094770407772893
4097 4599.373672439866231106167347095691314248422906051548270256012421
4098 4599.907579437689900470336302919749827758676640062001050340634185
4099 4600.630054113463249328712431016769670442256292628446291237735666
4100 4601.602961817195210773847466533621508321364662760407139377439096
4101 4602.256123513840425025990084618785002748032345443526195103501503
4102 4603.209690545088494409880604097321026983911943325267998271552142
4103 4604.641681401318434572541562615853188057957210393967215169747100
4104 4605.883451695221001197263475919788272869015178934746330736844463
4105 4606.462472402408225286829277990637354369413622511925906291053405
4106 4607.753032587037468252488585770889044470102844455729240001234003
4107 4608.216380944203910570338793713897784173484350890025729197003695
4108 4609.224160777059836468832940991312871362986516871125569403207790
4109 4610.084231645927489915195070737563184766953558211207947323880266
4110 4611.484674457680128683710965218496410299157888500647628498274339
4111 4612.028597458638017180778528988420915981819063588356264361193517
4112 4612.788854013540499857262886599501014569032504777604637278937796
4113 4613.684307641332135748302972508416408189545700192531578523395622
4114 4615.536616091181920312009297626214705028053350800179981187598862
4115 4616.222300661647902674011444409124507733460329782300171182556228
4116 4616.958582780833962031386831247120866998664351693724971995415872
4117 4618.107678910147295189398932137689964014655584223773394868985116
4118 4618.767170618818314446483873506060438358431353054843823962599266
4119 4619.465593896856682251638704303566130710478050996404098590954846
4120 4620.544365612922411190542256895809057039749714069250030803264588
4121 4621.348279218696864140987416668627533535621241325266980800901277
4122 4622.819323121313133157468324243623200380046515630679498684051878
4123 4623.805611944196388813967703008338893311944563780958964518276621
4124 4624.726278755093853198316694903538328726842153359206897918297989
4125 4625.409262501686005167224327309456834614707450577855393310718269
4126 4626.342985703833363788291210101001680296453508378276314775100936
4127 4627.790229823108015390214432626331901629808043919247552702694948
4128 4628.463443401889382424944899290591947479971690463631975218889613
4129 4628.974234757263189026276301732188745992720069333320306389918552
4130 4629.888782939314473980450671245919008527729775189460775012894123
4131 4631.226406988970946891586467385364073322389298154484594391470262
4132 4631.762401043949186965877825404400813118685665224955966050177697
4133 4633.564438992180702633255011871547791662257940926376442966001801
4134 4634.307105418771996910660431181275815700418815602640809440686869
4135 4635.357160887010119287898240484498690228953211224613218782292135
4136 4636.028343960683841351497509763189838575079992436237415638318199
4137 4636.392280747452989367267108242389121896524522890553385797974220
4138 4637.792071980071969804127350004111756744300364104448262443349829
4139 4638.748153747896912504339340669314245205312118555007325582015381
4140 4639.715380822985125026757286121008119534350820086183435057683899
4141 4640.561739730958772813063827003659971992735878403865882160031254
4142 4641.758272380068695377117573365876930795342180940527901967879354
4143 4642.685758176652565692986123046925543411735520388451946458741793
4144 4643.751735863572586534190339231074652743167273920601416294073545
4145 4644.753105527211353893252945378754583705427636617925085583339834
4146 4645.362987352404960483362293377988509706286815954695785016913303
4147 4646.739486074074278105450449212183038955398593577196894081887583
4148 4647.117263732463690315344152025941799583092637989166994343598396
4149 4648.112608174797495897067886998574385097494003868263643589144037
4150 4648.564886816581811127258371228421092420568771860258789359084990
4151 4650.614330328304693315362321169699469649266372976835046910020286
4152 4651.664121145863517166712041521769244119203436722210838078020159
4153 4652.088399128892722097291773689640979337280788760361960119189050
4154 4653.119156055231474657853135630254078525648724683173085760435292
4155 4654.068949599622892966669471783566126756868064581169920273572280
4156 4654.947323957917146301856143856061570120578974877488133741511017
4157 4655.721560896440402116738850004712720848311990709209736890420867
4158 4656.922418573236229933754471513223524498149372131188189931494705
4159 4657.820890194845071378742459852205951177464641709228716256071037
4160 4658.394949957775201671082952727048953027227489568297033286273380
4161 4659.918687610412533546232875185903867891368841074062938800503371
4162 4660.563963934253226678014801609436380615179834564012965184338846
4163 4662.080004603230196498508093152432253360241847447825378758156531
4164 4662.945890919434681990323483146940931694960482770929487271597199
4165 4663.505025593543350008970561755753840855544473130932802463004012
4166 4664.322897246287663093204772726574860320206731998554382802119163
4167 4665.141375953133640150360133885500138721881673325659892138423857
4168 4666.090798752812430792977795812029312600219768753138449912936536
4169 4667.424428268022505182111445507235417225030789496039540195164138
4170 4668.055177752045005692736857792935560227257524159062182183059776
4171 4669.829513522149519349128336689630986929600101658447202955030384
4172 4670.350631746016705786863627516010800528497050670326234990835914
4173 4671.032106498723756281764208425262541342753904660042720596135467
4174 4671.877847964575568367392905023732145182432919267554517019007996
4175 4673.282690521288863774213629048367085247093535528326773692885740
4176 4674.126716048520155790806187978348362768370959289668149803645821
4177 4674.741639863472338033388121220723429743354010497527321073824721
4178 4675.727566686424795434076936439605170242399586794930593175579506
4179 4676.334095816126001878315374446406335961289976833629229808422421
4180 4677.930219147139760025767159367668045395296594055419271492764705
4181 4679.087491041081722265193840789350539910695142920936189608912241
4182 4680.088468859476682777000063320146715351614441293962620608442405
4183 4680.606397111239046429495981398316269414006618791957450347449333
4184 4681.604890746662137231701620557983106118861344352202239615798653
4185 4682.648662425130068993294549774057124474301701879388453986235917
4186 4683.021291066600425704542688251249610136012460970650378427763302
4187 4684.186914789593926043381546987604497338235466561743996226900595
4188 4685.407789642226698401413024504264646412956417177428493231695210
4189 4686.708155145731282196585417671235619978984039646437163750684894
4190 4687.072177975256371598018095838473724300151342792716662777523561
4191 4688.252603006428156323793717073792205444545132986791124241152559
4192 4689.505062437305947085001965456750293760780907336360895524716975
4193 4690.178840007101156267685448820577253555089518049332143693422867
4194 4691.296768788712998698198350072455480868424902275044352825216317
4195 4691.862100090804364183891459934439215807748302606585213550534399
4196 4692.866432862005417494041303804466436617706841752555241794440608
4197 4693.939417293336188869628023021100048814348575338978920995534703
4198 4694.173942793324879121992726629277481715548310609143419298141625
4199 4696.095849872810785399511597892483274310958803049955513184198212
4200 4697.354147471542437570499781304273461994833083569750289910466376
4201 4697.774403761154303022258940681349404150692322533162028246370562
4202 4698.924504209172432605616668246435410778887553552440317372768829
4203 4699.497252230962505996396056203466799874084278985452377655681662
4204 4700.158603280910107107737667693077625631918158092093255366082815
4205 4701.842587035350229945044028310701316297141179606772885635846891
4206 4702.437645696001115081075855485229521985193849371842668411195557
4207 4703.015173840539884166212343936507370388504709967275468649611514
4208 4704.338118407428742202135950830773312217258811297670334895000093
4209 4705.482138782043212792744317177963679011655429784408601471693330
4210 4706.468570903250873605011263537075509597791498254266834167020164
4211 4707.187171952140145536904157237550571127350696333521976522170724
4212 4708.595427452169518532707324755756958661663548875753535673091058
4213 4709.332678157477530917877338409281179505064620759364425683003409
4214 4709.944940346285218461244277833462432975168048058732882284568762
4215 4710.552242005027289891058370621967187859302130656266562378383144
4216 4711.691980184833244494989943761064116752285158204351838626721579
4217 4712.777797477036918820697426128916159797401507773706698100543477
4218 4714.247723107137320849008070439848052998696595164356823533732786
4219 4714.997962824891633344727572749994777770725776647404495786772843
4220 4715.952621727107204636448513290135636172279678313996012585324177
4221 4716.660239219091658148253511793257591088419025557687270619140594
4222 4717.733401081525539588073409950993912151709658743001362153331543
4223 4718.529894766793406868459056380350814332990056618490250867462740
4224 4719.595704166862952002484914212582576660623983777289241628351923
4225 4720.386694373550362816859304800244911981619812223517266810940564
4226 4721.537540939960935212968460570757439220316586365904142247262888
4227 4721.954561819576412351490778507576202364611716278657819489958463
4228 4723.234934939146447074774595154904060316668941148318612894043660
4229 4724.996421877651095846819912025869015275780423264629667111401764
4230 4725.487196574650090782726812131927222445864912694280422469584934
4231 4726.271143852757387688053690373631728423004335001546592816805093
4232 4726.949295824610082952916174184262557656053177889818848471035643
4233 4728.211604352939923336085391995278701337165694037540356011630903
4234 4728.750507230119510960458333660331713717930583350925119785867930
4235 4729.661501548357264038112273287810360100391552122244639648313708
4236 4730.962714323503681029058329766551382683961376759793528559445930
4237 4732.021907044924884252694169310926512813334632087203496907125540
4238 4733.193764940088243857277460331031957522153749233192247818543138
4239 4733.844098699536374975903874276254246783905990892116144688029616
4240 4734.527817832890851481249828917961399624633883309758495039797985
4241 4736.044923936178173026095222630337136523234947188772244984213609
4242 4736.596840064478015168580541483373313430968274116452686333714569
4243 4737.784035547895767769998640648803256632847913317913780021761402
4244 4738.432582516829772804612886020019881519554223017823860359624634
4245 4738.793733317309791083734614107760179211889237101677117058494189
4246 4740.332565971351204974505442958230221363635632661756799631546089
4247 4741.721885804414925812942099353408123405894817707275852833326122
4248 4742.414037310372691953468443334581515305072770246159267134560743
4249 4743.717920629169778018591537667630062387325427377675236975564625
4250 4744.421811483696119835873719852718994125545041412999690063912143
4251 4744.996853269858667603641976848399295813472343812762772022589784
4252 4745.842419030443606409872842348720845898690141032537187941627817
4253 4746.839593742937682383371889358115328162256336433980297489279093
4254 4748.335806689634292785923838784481042470970248520625767308053388
4255 4748.700881129172875367838215517355094409653148873287866430602813
4256 4749.728100218336966139125821375457165477961364815764360954187564
4257 4751.215949059367057359545647727026949156148361210067615488529182
4258 4751.682732579110661369393203880171570363416283632084006877133683
4259 4753.084026101484586173342227538930288958216709069587735767419957
4260 4753.918835840181715726413755305363720327871079754868348589005890
4261 4754.589564975895352337695409929740156384713273009052750698284169
4262 4755.588948859221431649418005534449764831849192069253293597687540
4263 4756.356140489576219140275311062293501669426552062636939220525015
4264 4757.222671632898185402104569025491675940381111287077473987280444
4265 4757.970669573234211562327755215285033570412500676985588303274487
4266 4760.158590209302521649447736497735673204063779852043238438800892
4267 4760.441048058613566808245718622760657822074546167420603601476069
4268 4761.516430763499396543037106473406478718701829114907590285532962
4269 4761.983993808134506527862399987791699990693282613275705094609262
4270 4763.158188506213454892115990900608147009735608284811636115503145
4271 4764.275424407306483903777817174669805872036666270545018384357572
4272 4764.998476803593949182182893529822924320312068674599713520610009
4273 4765.803255384904621513468866095722120032190262976096507865828385
4274 4766.884818058115801703852201485820695454342515767404258320148508
4275 4767.868858831061510284738040948715835817700392334859874155992834
4276 4768.726470928571001757842638614920760384843102781340717036503647
4277 4770.256497157692319214927393305771259396623932466906583888234198
4278 4770.891284039308624229261231877469188868612865820877176378754430
4279 4772.057494829203420450517817027563699406877087088371514798230216
4280 4772.644938936118023454389992008317284165504214146684803550566909
4281 4773.439797772911971770462008054153980193253013201336919920878069
4282 4774.056619725543373055945638734858803329129526276200169969668059
4283 4775.395711249463670441965741243725056779578467506965495077219709
4284 4776.429201254369041933814517365305767950147080103939886133998438
4285 4777.635676983270711038052715377903826755206133561864607929217203
4286 4778.374124696471104169488396612777232077666930320197993039290623
4287 4779.596151378346832676449347152130217992249680839329491346431105
4288 4780.479123089006794458873496526519771670678782129887774820815273
4289 4780.708587502443035162939326021233297698837545077006535726949821
4290 4782.356874431613484150626706561553248969272710513389737217357577
4291 4783.343224125135875255251166870376747582606224741953668153587096
4292 4783.714516795385516702160152338365625012465570521699857739798159
4293 4784.640967678605631037359415657852524525841913536767357726239891
4294 4785.525415338092576368319578990390989461077977916928128249163271
4295 4787.252675346162013261863238429799340656003307053327904883211706
4296 4788.152570124255076385049058360272925635204234655869470956712743
4297 4788.999015740484347407785034496937880140276002945898997043451579
4298 4789.698347933761889233325734709904396366969148081740775864463541
4299 4790.733815868860531442153877430428347264748461464476711437436150
4300 4791.291170821013052871459685525006176760107239668305859526203709
4301 4792.408824018617677789229470434571178997152804639986876399427562
4302 4793.347319652198516780896717834767209132578363918335340570365982
4303 4794.286764715211680011302935132818010633649836575972677962097899
4304 4795.780117831537509010588915687607662988302010138767849405376512
4305 4796.352903431830801701958911655787970363416639893584985826771127
4306 4797.097933597945818840404619350003522381492291468647824206444489
4307 4798.420841862598135580285357147875142887428498887284480734798020
4308 4799.673211404293510211164066549182395755568811252824189714870365
4309 4800.097767615228696690197362745716207800047264675656739304234249
4310 4800.671002186036599460695948986551290780835992170370180318878952
4311 4802.188369508504326580809455879760424955643300002207380236964796
4312 4802.377850869757571068285161715235104648635565411612665857859482
4313 4803.704592676757202938736079066144825005365278856716585885636937
4314 4805.072216480051437183549150285793822878814816015674973116630521
4315 4806.371973581088139663509704586998837215733003997668091551560826
4316 4806.921270594435886644884353155795110855904838616830467836212388
4317 4807.541012033673238740761223746718536018227255051345900461667425
4318 4808.604499169223328929314880899134780391136740673841993186027512
4319 4809.346880319834907563187377134143757846342431596509517058919702
4320 4810.531881343335159221516784443932301043169107713267355268951353
4321 4811.632288844522749137389218536785270193439659477292574458484191
4322 4812.160772203606658080658805198800719610460986261921760476231434
4323 4813.045552124358051616453515529240656292081609287024342526837172
4324 4814.681559817523627224341539721612557392063390215993593571495544
4325 4815.324276549574915830465250052438292563475031873450157622215900
4326 4816.451758256975597922535297679222663963311864291967356000413618
4327 4817.232875407548554445944083720157516555276973527425107472644884
4328 4818.240133484467474530366026650798674036280149031884617016608812
4329 4819.028426196165153417288869366886344497094025204504607370229939
4330 4819.754628168566338263730065021115065295561340945292406563547261
4331 4820.210030017203117857200319701896305040389359617378100250391502
4332 4822.221164872703591670091428011863982888777718699739574842865067
4333 4822.905726969312732121208637073465961409122658201561654683941872
4334 4824.137537479789858745506720410993671593232501926675529981821938
4335 4824.678397755425805238371646664488874965848294849004450803485537
4336 4825.736295502362444363782318202734761729674165153158597812146856
4337 4826.494341214861117587586526886333869016775827730666139335973663
4338 4827.767321263362221931769082131109877405286559700138011118154958
4339 4828.337946620890113125041928100648070899177442786685225307769440
4340 4829.386309918933856651596818905936318330373926999939020719962008
4341 4830.136823559166987016242571047187847875920817523030629660361190
4342 4831.185693208819182863432093162294494692394456880790475475213895
4343 4832.224866730873780217304383961154454719678734394574480704534793
4344 4833.663263959365356095659479489995194202532915765513763160355066
4345 4834.665341189936119173765115385327658116219898883660515527752685
4346 4835.144026609661878036648574717886817901484900628407239284298328
4347 4835.951966776301744556275576114102634382965197365698452013395489
4348 4836.608965378976492897012131645447487302391168454040175861789714
4349 4838.026709907399510521102627919502516258745855562484962423911191
4350 4838.660483732967704551705646992611866497605729676049613937578770
4351 4839.647158112444012563325894719959513173288537655465822682329529
4352 4841.064723645309148014024949056986582076908075993846175844348048
4353 4842.043504687772379354121083328250505691775024078637971997850273
4354 4842.585412400115900515054862520968291499546299394320431861132515
4355 4843.621336000792441629591455638989375998965496889171763881144189
4356 4844.699612969358783736527162633247392665375235008020506074318833
4357 4845.696734419167149591621768551476985608166085083707484475969144
4358 4846.657760143518313429933754166604865165587275853045575055358047
4359 4846.916049334814343838388669399760380124925616298939859627523363
4360 4848.107405391168071671787084008701459016814439401578491114512513
4361 4848.885041904170968097289935675666630712596626771644703613519213
4362 4850.871518792202411429685030422167118272129114034910689185649250
4363 4851.468722998431765339791837198472291659002717520662190512951932
4364 4852.001065083394633811213349757514735127742806386804505678493437
4365 4853.425815431974229557236364060986554759341601585950355513204925
4366 4854.027006706021599251850971671184281924339786433334943356859295
4367 4854.574296102760764608793755420781127123862554744649396111003280
4368 4855.718462363850047365043665028020396687932692147023978421921012
4369 4856.921830081505002677005221930472715900266295500528972983481998
4370 4857.815380260170590841969943326846351357984610681094199901306900
4371 4858.604172218367619708396165333850583490762853958242932140986629
4372 4859.680531624429214001495262399156858330370993933895199467671491
4373 4860.809330725515107732067634356309537042091970772837298589879786
4374 4862.076654387724518460715904446486415230447663651861805117722687
4375 4862.359349645750220956623790488105641560843408226366710110997456
4376 4863.760153919760932580099606791788584839867864825617303347904437
4377 4864.191948667561191156468806772326691489167604511105281087977408
4378 4865.055351272651282792549616936169646794739702675578532291526715
4379 4866.071578271192035601271511902828704157021341826493820473842545
4380 4866.954021268905626335711283131781947067074024045646877731347654
4381 4868.588327038712939403402393407588249546871090017849033432648970
4382 4869.466636285996003582395337610344783594104699877833713309282079
4383 4870.517253831919863044501351354117218318737532322530402147948338
4384 4870.696564723359276882393067229625693436094232606950991476117463
4385 4871.705539530006271272227094282804601628257274580540792534329614
4386 4873.193181375946684880413618851008061603140857032547874190158487
4387 4873.818446227467478700957855048061686116842808886036592898292862
4388 4874.789996783109194462416952568919924669328902095618667049838256
4389 4875.237660837145282363841910185703699371162410305698109003512751
4390 4876.743142327452012738804244969382107850787540705716798525790448
4391 4877.725299567701846365741078998053964801207287513658425051793694
4392 4878.629005583154521603337747721636485052143193735512842712541812
4393 4880.058127358884297524322346519411247569956444406283440257750061
4394 4880.609661001629555419400813316594571623122098362291660508587966
4395 4881.311012339880100852682324604622531217147621853574984129756132
4396 4882.304462235103172031360805703282807099065983847164227976071016
4397 4882.890785935961674704651450947289822311487108690205715469278254
4398 4883.927414234290994553647020903964058037656357383529363541848843
4399 4885.362074723990061207893317477465609811700978555751580885275111
4400 4886.270478879995812961620242578009185634123521227939104588523925
4401 4887.198480646699728129695322158303356716205914053743120699293709
4402 4888.175610835218177967055151109679089468042643554116753717644393
4403 4888.908079346009931336947460803901568509752260501021975738391437
4404 4890.214451316183896227397747455627829514632390258971342301011297
4405 4890.627756888265251446725444872359010087228173330495605673314785
4406 4891.783056074756029841112712359465172372679609312311246760694911
4407 4892.934979042486623693239843678737419796430387629633564345878244
4408 4893.388337635763625767179062331070880416952471240197739992257106
4409 4893.963169529566907276760053313029579541460385998937364677338827
4410 4895.963739545985896382775136343626965996681683833314193991663523
4411 4896.957746690963674625451246053957774855510544258188361786362597
4412 4897.650781297577310623342359695646672804536980876267086409505613
4413 4898.457291766483546550554529954525233148579936475741067245142004
4414 4899.161200688896832048036119004059153459720095958250834960584689
4415 4900.429563379257629682571759256046531478769012290701635238636826
4416 4900.742881746494619588806804177327424370425527271732123888074383
4417 4902.307209902897363830741807813908437327856004501510596519250196
4418 4902.821632068548983028577409893606578511592246669640364133386341
4419 4904.228632937447432405917540678854317173393901524693304726571688
4420 4905.142489080673256296046783474681093518056720383708371257831024
4421 4906.098238142345993544037536245442209694907469037175978300612058
4422 4906.699541973659493237823865058656363728931108232348178307765894
4423 4908.330089351212601066640951935800287353789444272561277318786039
4424 4908.913521444295983650698665420710224840162738889771513498636777
4425 4909.624111714983894970841861740269857275217158315549503539761812
4426 4910.245081667458748148724753689518456601743549921182638253095450
4427 4911.291910102137935316907354127509909580384209167046207565149334
4428 4912.451308936105390130493216578978555229124339946530544005366143
4429 4913.660637618066299383679594166235657613594532135411284866527086
4430 4914.792645831573870071280487407863058803490179468976632835302972
4431 4915.700240689561518998173390039425164912609585667972544347020669
4432 4916.332164477558814301761867199431660618348531513134986912225066
4433 4917.230780504244470900920074459282051793226284965155472151072346
4434 4917.807535042850110860791483721041929313712376512821714665610092
4435 4919.487036337098303362461745651058644305513043428804555937775217
4436 4919.889325052079112123278910034609814845205982628144100497382184
4437 4920.840430543640467432903762876708799408267481470334169663275798
4438 4921.970590627642932376411972844267634189554583932500906953968445
4439 4922.718991373756672788759465083517686723740000949344610711129756
4440 4924.317098249989049526912987966783526261176493066861847781680419
4441 4925.077606689328753595155826434266806979975741874441807868637858
4442 4925.795026681425305622372503066021065273682811889615489051001539
4443 4926.727642209650995251540244609737635089810811915742751035055271
4444 4927.597951290635375503298485767106791328710190062248672827931194
4445 4928.526064803158376111679190956426944024419910968224487051049009
4446 4928.957136245708192328274184022127883182655121508966671528586991
4447 4930.240318442930018207393624526935503675200902485851048696765720
4448 4932.036812774137725341644982439220697228388682178164721708839665
4449 4932.600670527040718592685808897480241111318275603220876093162576
4450 4933.068125843811334931031600359650979655114310327820314565819657
4451 4934.352289122012126565361000550477608721906398811833414385006520
4452 4935.200994249787987339726764974013024889440846210068110586267895
4453 4936.133949523505740770364022941527538316789513775735828076657332
4454 4937.207162985993665628324100842854478827470905249945208256013954
4455 4937.770365700218142783288880433234414406417727340173110533394079
4456 4938.753815526292919965106745302936338513838506578548893540572223
4457 4939.641724784706801753506043348301428470438615725440626913860029
4458 4940.852294862652441600910477212815490517647653033246815227663277
4459 4942.135528578192400255083079907544621344365859168397575284120551
4460 4942.976896462189562261277609021062623602143562025979195359321363
4461 4943.977866731886657614485772001308371510094207608193184470776048
4462 4944.641603020049773269807169646358098261405510641313484976259063
4463 4945.186898517928171801013007906680224291633604037572251714216023
4464 4946.119253478643517898788684803045372153897991800979453491191096
4465 4947.500490321847553505484546413993409387652930213624452740835299
4466 4948.389808797441805194839952773143846461228390327747879753090743
4467 4949.085915385102584865754542000045654040092734839440881032015403
4468 4950.615812591258803037071955929364336619139935720076437125187882
4469 4951.502384929286173794436999795448298371340122783745758568364314
4470 4951.878797918170585580617676394061761358935821459350665233416056
4471 4953.200555668674743231227954869678149399975153244692325870665933
4472 4954.255067679664776881071357823870507236515273949049561942595514
4473 4954.976576379403295752937377303841508011500935421280777555545545
4474 4955.822259816116805721229930496962359011330945150565172464785976
4475 4956.466055278855659403708346787994974159652346607808415633758465
4476 4957.331889630291060201566290487126287211530233651517756859507788
4477 4959.028989320631797117684504656535358352308264126136263263323208
4478 4960.163928407693280929543604294994700344133898856570920998652477
4479 4960.758090264619476083664210194167399423195266952533865525963207
4480 4961.688462943186695758512554814791947597611026044176117687621206
4481 4962.261952448162617438945638973955698000787914472305967556419343
4482 4963.526118617487075963247959655102045728472179513172890369059183
4483 4964.307031405169229067656787838043206951275068111794875969152071
4484 4964.925235089607736324714787066411302781205031446973938955551635
4485 4966.633216269864611710005630291358751820632269113806469486892122
4486 4966.868645587163261187416997726927257905161901092319445803947474
4487 4968.394640927225772984155540782178892587586808990207559653258624
4488 4968.836094655103315129854160232695901597432350334030937425074796
4489 4970.479982679447772778006349313243916646483228980400834998251306
4490 4971.339245556210117404293564290834858646603200854086003189415678
4491 4971.824996149396399211104159573765165667719071154560741929665156
4492 4972.713491617352756412880887961876306393525667058731715121662871
4493 4973.711578032458529370783033763300444064011460872966417898591548
4494 4974.430478147270949109690993793116990598069864638470253094978267
4495 4975.310997142413226588641762057570340457029998135162986091957611
4496 4976.964034077549152808543203965355760391634013226982270730014086
4497 4977.755154086707724181143640166181304946962000805543213920697061
4498 4978.847855753176376949618048641929187884275629740467918603651553
4499 4979.580892326637990083368179553055224415308553938836304577471040
4500 4980.118762529119041125208777214195434543518056053863715442020876
4501 4981.192703747710832641895779408633541797220439317515278940849738
4502 4982.512361526238627250862481684642859241247117028467244020829465
4503 4983.225027314619665334358654229624287539391543312585888363183362
4504 4983.979975829911587946726152753601521765534017878765591872295896
4505 4984.568543574519193796861350658771676037968677503471956910422805
4506 4986.252566835805268933185853737003229014807822967409170877876019
4507 4987.187900982755099012237708807664407475993600681805302693599430
4508 4988.191597307574352242039737084900490929269813490213588529270499
4509 4988.905166592147155553944033452426475526758098646695343293335427
4510 4990.345480286356102947602908829799732564170356828806136720051933
4511 4990.449701819016886674013805799979585419655404306893568981794348
4512 4991.214774408587082742056554434627284390529717255348271833763877
4513 4992.379462341421509393227021248722649871715574924468236613639941
4514 4993.495748983814606326373459750225097473013335331075930676638471
4515 4994.632742172267628213003154175273498864752479052835269890584371
4516 4995.879247704658085703275329946490732067878843510717849710578650
4517 4996.220820876864221072863077324422260349346831030153280061990458
4518 4997.396150707099834388128964987988480763367788704569557114978192
4519 4998.370030195671724560514313424394594765937791674344664733703697
4520 4999.329681372973090286407057908604763766745406823916662705540841
4521 5000.234316931327815845952527561170803775631039866999429316578945
4522 5000.834381432412614331076354898096899745183815681124281502937167
4523 5001.889773627192102742172876783321212806981799164314060970073192
4524 5002.854002891858256483592735054951183465655018004662380031400464
4525 5003.484944378312056018387636585626176121697621850895563299912013
4526 5005.495907487708251259021109748395726309560574774322527200024139
4527 5006.208381106211305894085160509837025164583747903629579201631266
4528 5006.788558806100997050523406288066256062314718186075764529499352
4529 5007.485982919851298144740865809204178526666928999845134386772055
4530 5008.626199656301915374882150509632404498004511845750771947952604
4531 5009.229044117222127631859126003030572344254685717031800278773856
4532 5010.811172544728761737385688470806766295667674377696239696317655
4533 5010.933198106039916088104664487351819904617407928212935273927862
4534 5012.396833739677234080991290239085213096015164265933820404031825
4535 5013.533605873148409157785925811813961542572252544256894477400359
4536 5014.238442056197719765854144730887755743791520978325835505572103
4537 5015.357927937939055490421244490390075185134059713426912280931339
4538 5016.192546914328135856650894421572177555130707442826891114474313
4539 5017.347756568168352434418090474693192692079933017217774815811080
4540 5018.084913547670188091081068409942205835906504867213455090543398
4541 5018.939831850465569235098384605415177205385726214689099128827333
4542 5019.395831473357619649812205729601352257680063024199599057381151
4543 5020.352759395483800806467689876403820836357875380313246579000315
4544 5022.203022983779874048568650358090173197942307937000136250383692
4545 5022.834526019187622026889848971783878086415242460281288653440886
4546 5023.904889141232344920038733838171661815469852480513060368563343
4547 5024.725752594867625769187342472327175395236560337982188509428167
4548 5025.730993593627878738208730762986469827768817868512284264535002
4549 5026.185476882352389189474038122256123527683052528195949821060730
4550 5027.221563711044324028307421751543695264021275588216627046401400
4551 5028.537886820898086272946774089034269388672259294442628936864065
4552 5029.216956939054499844591135727885271519106404126110247051759954
4553 5030.026936938536285427317366278393863975550619777105242368848594
4554 5030.967858186768958408658328097081648649951756492379533273079945
4555 5032.399063540915597539448119383088043177143078246206333062434293
4556 5033.166566080199752306450052326093203285308853547002400727617420
4557 5034.550361163014876641350442569194550587534192447619071097981663
4558 5035.013416408851633113891819216199993631585555312011155882472838
4559 5035.523058437430792138457712958844772041931052257819239974681425
4560 5036.841667107008453926243140442461289552014316473127158209615528
4561 5037.500692756887328126977016446861503229449660208491448956978184
4562 5038.324319636722802211464842454688375563876011146708451817675525
4563 5039.621887452849045080754987024552624411357829562546922829017631
4564 5041.041398993811192503494462515920296006864323300189723335888135
4565 5041.798034522457411666272328064189339424694963588995593051254794
4566 5042.492149716432382488506471843965854706326843529613544336059950
4567 5043.015445393966784867452435537550144486026289149759231455617034
4568 5044.656791091315078687113809653725080578400663318248255232093206
4569 5045.467130480166402850172144390091438166397193736895503571732963
4570 5045.941675502013132495971409147723488754099757926137364542585905
4571 5046.997617430009722499703128259634635474388509711129060291204454
4572 5047.863086184184779148110731700585131052819533859726493492859773
4573 5048.790228819727894169930025578503930066755836491897106980271165
4574 5050.308459699165668823025398837128220076945380462871893715514644
4575 5051.106699533685813490308535453390053135344501213603493524311243
4576 5052.279310472945103306488253661333391110748329891589884766836836
4577 5052.772155289672452262971028828888042152355662609242703114753191
4578 5053.712365319994519914144828965189979450934683354170667023011935
4579 5054.434547343369218920680534693073675637111603271704951508334032
4580 5055.192672473443236218709958225333663353320071849146586694716558
4581 5056.605813079880107721528918484632082429018845313986874520434211
4582 5057.589996235894704492089144442678263171894671289888690189931038
4583 5058.345409417078256418311085326159448102240677932615590236432603
4584 5059.439905818898518353158468884980316020431997387262721721588332
4585 5060.559080915019847258848120109137874048973098484491391816356218
4586 5061.326249329028331170355813209790244731967554963224687976693211
4587 5062.168472726690551121505291304616776494430090036328614428624942
4588 5063.182715937442192536333003458170197496534305179458240335088978
4589 5064.333813619172168378194529993178064931447739596954604780494744
4590 5064.628972968499205193105882647520690348185276158282449766615925
4591 5065.480124960543736393594285532522645026410912819722596842042731
4592 5066.576539184778861798790131270138867288846991460919235621195293
4593 5068.384815238836570255838663727224711807062503560503607828726592
4594 5069.095935944007521767069847060403273577480722245682204040030510
4595 5069.675544138524998279366542018020159641440570466469611049886193
4596 5070.868551265875387989959610341464010319090185450417005861492115
4597 5071.249797277137878964434534367101336829662726618154224743211471
4598 5072.410372660585291979816516644238959102887459404569169724232000
4599 5073.482256176993653119258886173208601662936045386758435851736540
4600 5074.356062041533516112903317997099229746064876741394437702062444
4601 5074.911470242946296834329062240513088112263705955699563974201751
4602 5076.598637947780646833055579756936479810284339423856632523742901
4603 5077.152989530737561257073840881457789625601051786314705602640885
4604 5078.001109183258438527888789164270366510779065630285671259856352
4605 5079.612726167140650950622599665901734466604596477239157063652098
4606 5080.123622144013806408359003652940492961364298680350483316184289
4607 5081.130097770619830517150660410053505267826995176297715732838957
4608 5081.694344429823108318471665444962723816685499775245250366833992
4609 5082.317781511685491549822377693709065294097806206157632082366230
4610 5083.769848918959806580223693766473564680767423721537425909321372
4611 5084.387439340744401276635344708044162912535529450723877093995917
4612 5085.944230786496559105841573614132409935887658733227615803790161
4613 5086.999761578075610576650918956944994208410236565686765699294986
4614 5087.532668937759240097620202078861531534437716802624650393704265
4615 5088.598901322011953683640454259767816431335330826940682216412045
4616 5089.178093913298069969005821143451387908624350561702925136779769
4617 5090.345876811558120477420201162031406119094774078373827643762303
4618 5091.262957883617969247909292970926618531460944448153449199142256
4619 5092.401941911388292989279402134499109191315722999846967610070139
4620 5092.837760452182251827646236074427154019261634637077558034457822
4621 5093.668880110625700741350900137039750692455766405321225254041331
4622 5095.086913061577273615362875984065725072726794707274568375135810
4623 5096.637933186210115848004939744572679631961142856270326605953237
4624 5096.959423856328942127213406996887544965506047313310218229442126
4625 5097.814429758905662099625223936997238036859850668202122684537349
4626 5098.956789006186162756040763976129854232505946269548916774467414
4627 5099.610743037994417965475696498105086384676449761702948093626612
4628 5100.491462416199868888954597088185451315902048908107141221685952
4629 5101.034063048501080097854105726718524916174678384668737930913047
4630 5102.645948615172030075383941886838134990272719308136698473361665
4631 5103.728341253025249208579291945655539013854434544697839166911016
4632 5104.418093046759452291533824016897887568872662900123688998708112
4633 5105.638635526429025863648271180854776179630368280566825710705736
4634 5106.052225949797688689157237583519449078762870836719845465216265
4635 5107.385740123910646358993644685754792258605087647279165378523468
4636 5108.447770149330523551055716059532563748333800819975611625269082
4637 5108.959096698433068087660884446104834151817132887423340626927375
4638 5109.838982090977290990274179595891369573298309474248483149611270
4639 5110.806041672267145060608855774253920716405119536621401445251855
4640 5111.503124654462063026615870751688117885776451916318739729338570
4641 5113.010157221725199232249629505589850627045275938625742525731861
4642 5113.946042880454384678774875491374813049130648968056285231986902
4643 5115.372842952989609526448071812720437213300894748511308348117230
4644 5115.726762097795616183894315713311477184462445610093467310866716
4645 5116.560557463714867068722552788088652171137842230589833428032086
4646 5117.025993413477693458933962523357882222656257637604974276195404
4647 5118.533838768627424994376999618566879463608934580535103328439547
4648 5119.365669161571294682256572314872867169812574861219531877334575
4649 5120.240023466489858091601023296993015618404745024453841948742069
4650 5121.083490155638517328988172156779741877428756750702066874060727
4651 5122.454781409748932337491147964454052925723718936686438360950096
4652 5123.302893477929983004886754058981996280528425581457139840343346
4653 5124.061784988072757051829149444335812467289775025738270392536898
4654 5125.253686756768291331899048882427322507941806538960782118005967
4655 5126.279118015171371214086730087593838840405017818660062813428067
4656 5126.729993291783764629500207878519671748980175751447768151509210
4657 5127.741716959095506530271283586982021026147465355718665726479528
4658 5128.681624974387486933323856567525375243202571986943847860503723
4659 5128.964483858673426250983749393357823942730570613235096771431936
4660 5131.043898973589796381438460715560530531118872483169541937206080
4661 5132.007167837768660047417213355540856826952654105434544910802213
4662 5132.683137054001938141456197311489199651375967244265264825060397
4663 5133.306575989659824481932502358658245107344829815879495460995412
4664 5134.663043878822156243088132256814383951536890482566210291667573
4665 5135.171964073656003916244768221655777537772159163250718677951980
4666 5136.129936082095095041325227648532020419520761574270356889542810
4667 5137.206291398494659305962641323701509110328635043220382050334649
4668 5138.042957957294814228472104677623012894986653588184590895397152
4669 5139.121530962120127924369770324835272004303375673422446378666810
4670 5139.679125649692981793228672037420044639308620556091560995669604
4671 5141.096623935637952248122392499535927152194353500851654038981712
4672 5142.447907864871204579547362899973089661603522037294197381802497
4673 5142.902032222719679590237121483165666044468443748445635540295836
4674 5143.933700533922096768827256999997554152806992541913213553949662
4675 5144.587752601527890411694643974016338467460769713129348050632631
4676 5145.480449174140746483557476024375583816283386401325130325645458
4677 5146.149645919570475006987659587399265648204512839106428964494406
4678 5147.562791840009665020003235984334309372341158284352946806052192
4679 5148.253527357285335924559225823448507992706966882806107241770813
4680 5149.768260280787071307714165944129090268510964084129094301546933
4681 5150.709614962306254269503971931466437677802921883504280868418821
4682 5151.141849586537944718562774665375893844614630629582044455486141
4683 5152.186214623064310686373654790738428461187177896399278408806137
4684 5152.953127294702747568210270427059599941039334691695019599026776
4685 5154.656845439167194142251599645045434818459714322088113207781917
4686 5154.899143797593817567906046406351101141238691397899004082585037
4687 5155.493362582533331295993036039998095591450003942854829760509076
4688 5156.509447328251626335595511618177176379511328112309190731404584
4689 5157.819065555745591696220685292886300193725927563115002240717962
4690 5158.954824000827013148292297264413435887079373814008884646429057
4691 5160.057736251625052802005997712270590434068844128027762004882749
4692 5160.852779927914940710522463283307808995929148948537026988180262
4693 5161.605392922148715681082289783582427973012016725148481164012751
4694 5162.587186685206547310625809753695742269943295336126010536185055
4695 5163.060164468373098306138124425993588090366067790915931646231985
4696 5164.102312022032839919195998118446551338003733755334807007484665
4697 5165.306771505407776619082602416488564714756976042305018916337101
4698 5166.191972908493194078952073514083424841548126280774358423604647
4699 5167.483594402169787732354872963275638118968448156268843200988637
4700 5167.990828057263121705348649039640042320884377206305870824808260
4701 5169.070194564031900180281913147817811369611801197720786135339431
4702 5170.291516087272926588442687645293159069643008987262801139118695
4703 5171.235927501473585934943125924348526481986365764908885854123599
4704 5171.585481171242232963364228650724987743249368934177313589622881
4705 5172.801688876791558194468011546197492630848478129945309798797843
4706 5173.675024556315321053306421552587499043189040511709276007647361
4707 5174.359901137178414315557980597251493010663389425946130824762257
4708 5175.093122777010638591376239668405564745822111910409605919087786
4709 5177.237132249381154398130451403117962393470231781577133631173528
4710 5177.609630022530782334816530222991607043939009974796991384331601
4711 5178.752194620450083267493219334299333941217391075535777824652893
4712 5179.202606391488615074237381513720031409770941297894850203157014
4713 5180.106626202653647771617462694831720633855670285780602776677083
4714 5181.189792408520290618047413259287347929392687322261457949465123
4715 5182.130914016585829116262501598965064889915554095817849045235968
4716 5182.998826329179209128522233168856570371093694509341184107857534
4717 5183.950307013238235338009944772279906793551739407461894780291767
4718 5184.685795032389032660978750007326242641214000878131122665330532
4719 5186.355746810168784938796055972311425755712450991468651612749003
4720 5186.709472600945588774216721828768899740249511325372552745906457
4721 5187.887847767473078600915874675878765698515817432234237821978482
4722 5189.076719613567148930015687305061631779800055066851501117828799
4723 5189.859588661657877412449127625151213835441271360421125916572834
4724 5190.355291128359821379846591193624175506320816132469044225411459
4725 5191.126801598029861976590878805763138160099961153676129941655125
4726 5192.046486955980150351052336543420901146373509127307971197052265
4727 5193.404415343728237540988915560697583203603981531959845666096061
4728 5194.707488901574489027613674272431997371441376834223716234821680
4729 5195.159163853735983902007264326641492368960726614323876852934570
4730 5196.707324197993591792984236255035798239851446327214552393160931
4731 5197.117498331677797398348448619283145199655448548284469730955668
4732 5197.718324176152350107921507131148356253412394052443361171062410
4733 5199.223858199089145806742044388125113650792170139859119458010731
4734 5199.776329229934362690368028755790884944914019337817561180033871
4735 5200.961311213041449357707908721444235098499562180403192242117683
4736 5201.555843874248731917879394893842006040461042510093334421737551
4737 5202.457989722174338484813911297140082284058830804212742777297389
4738 5203.521216949646943921183928896660046991044032991004558302959133
4739 5205.099606994962291136136378854841416581174898315719183604261354
4740 5205.900595704827940998233557851475402693265299567443277694747249
4741 5206.633161678679178450654035804025635404779038022980964286078704
4742 5207.215066682223930204957424485059341488338178469320946799699546
4743 5208.288522939907664344392076763374271097263500455706648568738357
4744 5209.138239301665598283170471900991390333788725807693281732469102
4745 5210.010911048566907380841222597308351685958199246617904532759935
4746 5210.808218699839701125771815394993840602472682082837969292658704
4747 5212.419404469541874645345336176809269332170297190047131743236113
4748 5213.316674242103039183577208300577253225307965640446051057301597
4749 5213.896943192008384233390518434380092432761024894271184027476086
4750 5214.775252559325230552122166037533565546588020284157437154049956
4751 5216.054491352254741806104065824179991754898127962764345872484784
4752 5216.932009341216547414415434160097783590951464094816003158340986
4753 5217.650795320354484685444033086472262518183298896167227972327561
4754 5218.691413008385234350575152053986440471370107085986910204019439
4755 5219.057877220099204326041978109008442100259164245615740509460689
4756 5220.220855174182011999664769463302622529349945499385943996683697
4757 5221.422951323059394562764494920765976569394804004662551269290671
4758 5222.858787673092249084269150717603871044222215539297297510210550
4759 5223.434428937764416511249540664715245880427313878905751300190733
4760 5224.457463495684488782811416970800659192425909029278254736516619
4761 5225.256065096585147125982498149738899606344611042081920245629258
4762 5226.148424105465283508371224375693420310262634557495311037757273
4763 5226.351540382446588332961651744103233265849960940442766198307895
4764 5228.183098672056617813015702893924319580875784086860192310673485
4765 5229.198557199220350758551869322667537225385035028732879967160832
4766 5229.241811258999048090136244485339063503536621663443256696317575
4767 5230.897209709423758636957596659436869182434730957636555724107150
4768 5231.815083588342978895644574611771595125695868445190973918654920
4769 5232.884620192417921202451040711086438566770958324877519824918396
4770 5233.658115095419190148737757793338490221349631563078297415567562
4771 5234.640289888718683602616735309588301331066703173988787321991033
4772 5235.574735166033452514409727292140934714929245975745611305402816
4773 5236.300461229102020424053087605407426319082158347609629334197046
4774 5236.957439364859299854673636691746441592758670118222764593225340
4775 5237.801695401995093000054400965957888801328144171739225142358604
4776 5239.192789208160858222261522642238651559371087722432924842402610
4777 5240.607636041085598135216552381654238103532887168377154826662925
4778 5241.502825459770520995767271704912988811772128203154894350891098
4779 5241.822720416351958467031043386946890188912477889177073729544687
4780 5242.792985388688308660445182195813497803301980384411251652157790
4781 5243.882548868623914348203620237362369783902837947984227127592762
4782 5244.845451001427876341324117625727052707382689438313232253638392
4783 5245.755732517577688582731982402246792699497175335322756553794727
4784 5246.279250856914455853220542040060457219905809378683819065611501
4785 5247.610320391933150497428117069750195842422172014165556620191212
4786 5248.441539016075355343749526824357623546371864956548764893819301
4787 5249.366336131659808682484476876437951821685576837038748073072909
4788 5250.675238104248727528673492847327076982215466841176326576012133
4789 5251.798558626512278738006120460736422833876325707822422864044512
4790 5252.522037866706190527711839032612661537817407178014067944215009
4791 5252.890575148449676202777952553655228500633572740746077155567797
4792 5253.944070491726712801253735810732650813851986970089035900368111
4793 5254.912630870913019883398800463985586218052509804382607594436032
4794 5255.613164303761636458112153898676677969576040633379046815427692
4795 5257.081180064535814839094244523272458697137606455342447011072493
4796 5257.924941007523623475133934377284279434884817135171733341497622
4797 5259.108320960425698728941362646384611238088868849612153772798660
4798 5259.771904521843154423046743402733266705744638070460418887570703
4799 5260.959190246010196544703389429641680797496758190099766661388669
4800 5261.180476047183218312517184673996636445955838609427463143334526
4801 5262.848835686331714595107887722438558518618417071933078890375854
4802 5263.396965101677813754440031549401365959607695489110528269851689
4803 5264.411378017649577121512350984233414347229419695787718278128933
4804 5265.088374535057779128516991367895674463341282286721222528441423
4805 5265.605936327469949975304156622292943854175748699814090161627382
4806 5267.885364151472454248547332974188762811223470260776059517065662
4807 5268.198270777970710374255439028306377184531171954799831980236684
4808 5269.201393021088832644674027342816226863616830314435323146759375
4809 5270.259454504893143448341980084283468275923363104284579917561008
4810 5270.886227525980259449626742724837950315184940417663801013381174
4811 5271.696969115179243939555318429374003814315164998377510795818559
4812 5272.517960360033306465430390210087425590018364442931115494366059
4813 5273.578737968436974991708160266462613231386941097690925275773676
4814 5274.691509015373242710003840607172442376260464964221600089200855
4815 5275.643878877955565252091748382416284028722257674616887724687501
4816 5276.683503025369402139913615913282221937686330331487672698462250
4817 5277.475759502642438202314427749885808804365420876174162921770929
4818 5278.379390382477423818758814446461168315366270924325205625369826
4819 5279.775667717842231453478414937187577584364347660438521931943044
4820 5280.315445981201706762884764368080787254841619619713333694679488
4821 5281.239950686326654408520567813769085650573021523534259904347580
4822 5281.633380065803255970205734425397948434975213380294857190776658
4823 5283.163868559922222479763779187043756390845657310879953520460211
4824 5283.478719186035010837354329636521478550192426452241765064067732
4825 5284.926926629153060666566174638527148934962306082044564186176491
4826 5286.437161557581821254060627349372994847042588316222662502978664
4827 5287.137482205340801281763379073892282471284734987342085938125921
4828 5287.711380226104619519507789262385732333947219300976888425208990
4829 5288.515549597786830232248791647226227906439337605822298582087683
4830 5289.353245221510542055884630381072879561209769011488870013942545
4831 5290.674974347994516346316356263009590081010155862750267316595340
4832 5291.399590509319293167125328388283628686544546611771671224698881
4833 5292.275016391077825548794492354864948444875383240771928429548286
4834 5293.024355514839242709732196555080185072594941588976424611596552
4835 5294.464760714006737214288315725250067248324810107995142933566854
4836 5295.126355475198738560167591885634999546674234132515226340954117
4837 5296.581056719181438210923013500121041325988982300892927582388849
4838 5297.125394919595072527415246285785718757986830706831311756003783
4839 5297.981183439350916043514012795536454189397660519433012777674811
4840 5299.274679237929758347215679270835233548251452625889863420114696
4841 5299.627300319932980495217534755364511422887876477360238691973646
4842 5300.144736871138323253495855148029112946750917139995762693234596
4843 5301.458131809212704797544958674113529035238112964524199219541397
4844 5302.981454220329492734764912067367333864777663649340646177915391
4845 5303.885255545878519478468202816192599318626655205680713251446816
4846 5304.508457854940300320774464365584045621967325257327760885870841
4847 5305.526333012086415830559393419068504992061495889210818202434200
4848 5306.498769767441890959534806229705372370353078385573592936614406
4849 5307.300388636241972362185480619926051980476300104881600652127982
4850 5308.072790499981746545377485210210768991096467146837718605104729
4851 5309.361753481891643254813734948448058146655600786492345373452381
4852 5310.032764726998362019279815535634407967928053517908717801235095
4853 5310.606801112027837806153266581520064881558380310889057877288663
4854 5311.859049891718092976299519656531009369870868765730633825528610
4855 5312.980209158523011855579211957987673333895335664830668316821266
4856 5314.439426791834597276317768165068085446267446498332931646102318
4857 5314.954794049511502950115376321171605906069159221714565663390544
4858 5315.726296859325166773650582152483200546054462333905406097548949
4859 5316.639253906217356670235861414185075844782883400485359732846469
4860 5317.139734905883567713066908507205411574281011073775776030629778
4861 5318.445240959230631292979628838657997317348754211813349299101423
4862 5319.364734297887860430015579983684792866825900851320910441678221
4863 5320.109753010283949562749995293243496262928830846768059194671338
4864 5321.536694997694722439123361122558263776964005052000753819407239
4865 5322.633280584938644929665376756796658285604377660047129062731600
4866 5323.137231112140493956401469102509059649148749149891965865969109
4867 5323.796327875688757786688619959427361474812526429463107995717617
4868 5325.466411142999958056246903496103471088357525166366677948641365
4869 5326.038512792133092053912018101051786528525387468360401492255751
4870 5326.867763789801584594913808031928436648645707336398797521841679
4871 5327.480222283036371053168259612625982934476301671357756454973802
4872 5328.463844665270486815936216579509673728472521410173738160122504
4873 5329.377158593330007126805653396558013777372719881751212581658320
4874 5331.015051848383100098796516069915546938543876030954205028761044
4875 5331.855033782666971768769070240595664880079452689162036967872926
4876 5332.582449338871892253253491698705935124303626973557028488636137
4877 5333.746349452669544201374650007989670860104140413146816111501310
4878 5334.061217957371564856829026516629757309226136813184016325739125
4879 5335.195388351516317344862715434482845594666956166156778642452151
4880 5335.947926227236176699915861806031195164535929124525521369949392
4881 5337.059672760578857575872518120395740616672545314776993553971535
4882 5338.214274771734007030337359277074958914006710990691195992354368
4883 5338.933125464858255529763126274226322556802218170535762168265571
4884 5339.674564986855845227650585557110480347767667045326261169387163
4885 5341.264957858608639366354054480148429686374304514195346303303747
4886 5341.907714556882095232136437164136204429131968271034410826301225
4887 5342.986689833522694072158570148157015597923430359531775981137872
4888 5343.623359433019280535647513773195072293781364856629089411232616
4889 5344.507532612439043407188530136977604114627554935649942233507196
4890 5345.528297341695390408927889268038317822722439962012129980372133
4891 5346.069965615356604020419473307618025799315240551160937658692239
4892 5346.890937421842787745259384447123031615907804301314809212351964
4893 5348.769669281725552938556884048364126977307793307800743870334225
4894 5349.489057840143921701432866621960881855678337517440669342623018
4895 5350.395904772442639034693692953365336612586548077956998997210249
4896 5351.225419925846713171100746483337413576653133471242544942403913
4897 5351.771637383498354802498012538280455336643139014809946117873203
4898 5352.900178207069687185059324096584132963166004273887354569461731
4899 5354.185202829311065197945553123853354700936583338551293866489877
4900 5354.773479714049486155848052982027528756390388118185730936773798
4901 5355.347063675623206182711791948040298633614485623712341294195501
4902 5356.538865828704991157855073857295690227965415493447836978360585
4903 5357.711619892324723795539420110728936784027923929718302295827258
4904 5358.669106441790825322224179757216386636252164325773225763535205
4905 5359.633917927375471732196437232617642934839163167079671810599260
4906 5360.877126531294127320275312736302459584431395003065885731875827
4907 5361.630997292119675022633476225868185224137178062336398252253292
4908 5361.916637016828460063173055371139863056613233063684523368959341
4909 5362.990405326631597644878046830244085322093282905766247282191247
4910 5363.717280477004778220011065895324322881227155037652475053848054
4911 5365.296267419233728875117027055906743202124320189016646905515061
4912 5365.742257680618417976666515109911672100499271215337869369613494
4913 5367.380123852191657579968382541488707590191106682319014116051127
4914 5367.905543114681266121855289727577461023858250464254442935570150
4915 5368.813641601140092121945566058505013047028762705353813229477082
4916 5369.807596452585695210089615161318817929833956331830502019151165
4917 5370.713539813717386183078915443587128675898238087735772367992008
4918 5371.538329750509979083698137835680967058372834661907227532472544
4919 5372.680867258249723821870475359854045221519259232387880167278694
4920 5373.219972947191730787293028716228499299161577133152205122284342
4921 5374.114835212555717758036696805503027285210164363511590003378628
4922 5374.869738245036449768459949969721305967062039576764818735618104
4923 5376.722663658617110389128595751041058829497524669578022569329826
4924 5377.719730868922778861452625780602498541685963516415513084003718
4925 5378.207038130046270035069857649331749990185480332954081293535122
4926 5378.768713720048698165175167043549256203141132148652367840937681
4927 5380.103731882796235512445432374304918829566087237270777898895710
4928 5380.877056510779138825141254602424779719476359150771970010329869
4929 5381.348150697046463256593125455615059779172069252627394292347906
4930 5382.809993370514477278060105348703856487013727985056308733096785
4931 5383.528600988369024420740989260998487623357091307440036062483959
4932 5384.819764523645932911282384409600762214370216796833312172100499
4933 5385.689781133582734908808007519372810697925006333715126105417337
4934 5386.311049248220996439320670085911971188758713747063806951926104
4935 5387.705534128895381818200357288691240692591256679243551054386852
4936 5388.449137494742566372565670709897325779035396148512912991065746
4937 5389.608146493819127374343929201039463467346863651650335766562144
4938 5389.909513561418771360618323904039038481470215821874860004006108
4939 5390.992260083001205962798556224789493523875144042913976643792207
4940 5391.505965627098090247525046497689693847302627999672792453073879
4941 5392.981959683038198565225652012847165402543738255480611474282826
4942 5394.083717252515683245784606705484360804482239939329724232651654
4943 5395.116663427587022498649349357543336392330547996740578740565265
4944 5396.115859471749497639700580893304792555606530113479146729691632
4945 5397.003429726802106528526384452404242139723770355992272900746895
4946 5397.261960157860156401040367929976109044525586981154345534138091
4947 5398.277621995208377808306815686044367010322213270860515320980344
4948 5399.712504640470590968508876494881135469749172344100192565382923
4949 5400.418887868290302097895011558164714620767213469223919704142458
4950 5401.194496185364366292665267928907894899028080753386453387498104
4951 5401.947143074564835031479161725232663226228119372764091147673953
4952 5403.389590115237651557390321151863028035989156715881269159299777
4953 5404.287687736618271033576370678275062608461241963833930792306480
4954 5405.354453322769112692248208607574638073983386008161989839050663
4955 5406.184132744065129585855063095272948840126668960842469714484256
4956 5407.075537996711088736111870044723683549920052701235284644642449
4957 5407.735014383861153000148866856618920260861100134327876178421502
4958 5408.588715767542952961094927130307168009619409144766957673792606
4959 5409.577739475961611771894639302426086858980200592663678366271051
4960 5410.101872017244926204184213268144253899846120838425393543944126
4961 5412.119660738806724868659270866352958694485060355143325695754577
4962 5412.756931861645764869174153849690670766779160680056714210924036
4963 5413.448942338434564108734320356120345405224787809488427876658922
4964 5414.391884655145721988909939686190327038824908213594592170758313
4965 5415.225062963723573461308872148510138935171530956437932853515300
4966 5416.511814309129688515555599012570797105281662712167719139710493
4967 5417.190777293038612768895891818306275643443927475432100420203972
4968 5417.730775966484541861669887013994509211068506110549438050379783
4969 5419.145769365587780365705938456563835607438004369453820437332851
4970 5419.647914017258612098616874920379197910341422370571668904333952
4971 5420.595118618174322385529100079615167012512261835429197422698318
4972 5422.107201544394651467860418920324378917911901918737940923800284
4973 5423.364285030068457508797378560038238379640560220952221519985329
4974 5423.582839997252837863373839401691169537937499512575708698089299
4975 5424.990137501592726797030265356670418076430737375829365032846651
4976 5425.205579331656943187065861165900496638033297958633615645961179
4977 5426.077473621457306594562728815673686565829563766705579398060355
4978 5427.327787267212627938844872164650463827266207847610377262967229
4979 5428.200793507517209823302613379864487177845216740893644900046282
4980 5429.307069477648462636769166453721565844561770451941166917159514
4981 5430.093232394629979912851766590155248758622336855160919281942348
4982 5431.518550461935834887462349930976209517605882887333566062295020
4983 5432.081300563690918500731642312756284652565294980432145456841731
4984 5432.867061873673654868702431573853264057437843316076569594369654
4985 5433.939314658022811572276435950608792003336029087007612559461624
4986 5435.224510669428081366188762993945915540262380622513965226468427
4987 5435.614214161095066505331181594839848675052481568183175192426281
4988 5436.658400672125095266533228813953039175639805226401591502921744
4989 5436.820644930087936748916878338290860209216969071300330287220930
4990 5438.486077902408754917697095976666155003114377553294096475215378
4991 5439.874947381833328753332255463325354278629802864949522888320763
4992 5440.645160132014937884514393057768729613614478997403069827327011
4993 5441.565050360556652074378539840663353105075710434843778296035084
4994 5442.197196540771423174145297125864316609541440616998994456431103
4995 5443.283539712419868619387144683092518031372099357908570598107421
4996 5443.795137320656387965598798716439157127918565077104711162744935
4997 5444.966959569919281410006723993465425671143143331353123443867324
4998 5445.925027099689905584586354779313363779231346098166763268144925
4999 5446.765247872766322860978653977555016387964632881264436116489155
5000 5447.861998301299856412158673464292167682967200607560728557196081
5001 5448.908413286428241893419571267577891739655833723090532803245118
5002 5449.427630167591295833459855392031672483342156779034735382032994
5003 5451.309407660432125976803856111293949628348262862855548888645323
5004 5451.666775612691957231143001757885879446637411741006030804335071
5005 5452.330950202066110156709487307778736300159719047006129833958562
5006 5453.276425897145941987106912103721635748199020678872897087524771
5007 5454.232766091015700279671158989201981266905790648379453691364450
5008 5454.948555510584889616579921984061388915045105468034550449518035
5009 5455.867963982944480094372045513242111151121630725120901715620491
5010 5457.254335831568652792660714519102851746048286486862897766416220
5011 5458.715645086830449457823225746097410023861932063164295760039763
5012 5459.062182610659240446539504339695950904579846574867682849827826
5013 5459.714513943352429284715771765589650817167554227587733443060559
5014 5460.815544164755402516794357806047844663919169642729976755594544
5015 5461.682968830868997440930052612854666597144845955275420321168936
5016 5462.745000549540524954531802896451890651463589495432680190581243
5017 5463.764554543696861775822539846261594580912953759521643277787161
5018 5464.243875226838746157218044454519144151196568609078079082139030
5019 5465.083241509825381488944917838506092861386147156605699598209768
5020 5466.418306245839049400990769432128144829735012774661907209783385
5021 5467.790444992022355936775648222463756860012471171765465037411787
5022 5468.244535553760817960949177752600945141615001908500961100239321
5023 5469.480888387572601162164987115773797702959364066237526175727213
5024 5470.220068672416494293047700388515121359226647232836621173537358
5025 5471.082873141512531510346843307028126955685656747626379367090370
5026 5471.760866919687781111039573071240677319907003992956671134868040
5027 5472.264037693188663339830183694612130862228296363733390352883635
5028 5473.925204188394557794510994925402913747976537881772305327436891
5029 5474.871452901578204762369322197196215330040014270211626276098208
5030 5475.749436824135198743958110445875983613732769228224190226500825
5031 5476.748893801358884412115828023498807072570046905863721016144433
5032 5477.671940618743160709514380627455581942476838159674514219226411
5033 5478.463436457820085883121822215018074911509028054815717236272524
5034 5479.396814759793017054696462899020646233511157501023809898596262
5035 5480.654805801402197904380869876624776359673282104834330835133948
5036 5480.956733202192205045021852594969790627677044282148730476545309
5037 5481.993734077743723989893548247930615494913118462644124199234033
5038 5483.066851689781061488603503789489665345418467665933985767425605
5039 5483.473148968389999875176644412256121335792340667169213184327255
5040 5485.379530334925227567752918581232457999769467903238932563826197
5041 5486.250958078564070012627335043801877282866879922788295593280603
5042 5487.158642325720149215522574558523411338178716076424895358640032
5043 5487.814448203131401069879478275674684934363905135856690275090788
5044 5488.239469786524493973266171947748408742007742064852678403676190
5045 5489.539886310044147101117501358222874367377866436534695921451779
5046 5490.606477202431895121977828521268944296726319492096792747099827
5047 5491.198488461752068057984548545957130667402537694159059195146122
5048 5492.137050601373727394786653437166634903427228116608992006558503
5049 5493.792469126766004568311376555899573729497261491748923007119485
5050 5494.038480583097445162614545975935067257872435539316099168849544
5051 5495.280875462483790918759743112224567550171261200237351783211789
5052 5496.089727275413839022714887710282948394387125262074465634811234
5053 5497.373490396218552377306979747286881190150531470774968291982017
5054 5498.174123945101110650222996639225319261643234010215749034981671
5055 5498.633565305225435982511728495993734338721866584934799851615987
5056 5499.612797508678841744318794669631135368203247964752622556449688
5057 5500.353983645932026026774569824924348915819148798829936536075065
5058 5501.331224223354398320132135754833362779614705169110178275613120
5059 5503.211694478846152759319319480843088145284913104646566709498668
5060 5503.522536239298818653726051256469572274007359763536705036525326
5061 5504.579491040506799129540522406547369359266068021522353104838091
5062 5505.571935828686119338580109321611596857018016166647780178925334
5063 5506.330011485518841144610608497608465884529010481722114545171906
5064 5506.908179898227209764992249579738736171626299423556237981347668
5065 5508.017009501102573272185304445452672696418301620820227894772702
5066 5509.291230676581301411901463386705878254340476099347562231865560
5067 5509.945930302345558844656105262452829948668183051269339540061119
5068 5510.544264813349547674906871642334473486247217747235528398950366
5069 5511.757773875190808297181924103805199544928770677374007915108039
5070 5513.109958056238565573250006500380275338708425438509280596789451
5071 5514.001848704366283859579736600184727521506284277594930712665903
5072 5514.844462098076174414831432812421301442862726990483477917412494
5073 5515.501482955429397539924851302598211194971934472181513684059697
5074 5516.629656666066695866062437223381143069644058940814923098114463
5075 5517.161633410805628385935169088615476107489492667311183768472920
5076 5517.948299556428166448734675786582907812976448300186416026096322
5077 5519.095837607030514022833665476966214029787353469095275337322523
5078 5520.215397938825219816757903209058660210508396387057470669550740
5079 5521.614204753150253779042256302948225146044392022056710196064851
5080 5522.249630994144620749776158674992090783928409054207947909650441
5081 5522.970046465706315956736319870408702800278583912816121363804100
5082 5523.601350977461962001926280931112663838858838045367958572101253
5083 5525.239782350296610968679846482037242743540063118135849719712481
5084 5525.717122329117077026834327233482756444752348574562734472630682
5085 5526.662765223687380131313305051327469876953995732768725213604851
5086 5527.355332468716428027665556423008316404648174000379649870565125
5087 5528.166412501780960478099535168289861430016245846498596179787687
5088 5529.660934020356724164109443490770425219336998663511708340725282
5089 5530.203159249181133052209058555774535650470319215124666721196582
5090 5531.929612602777589937166566845480687802768702150460193393688233
5091 5532.461117364642881455584810421442141771472470738754440868236403
5092 5533.275825277342791940392319982859493604475603530208011582331506
5093 5533.953358476204396379096672124447975424718160903704897913428843
5094 5534.810789007363286927880793641445195268159667061217157096199038
5095 5535.656868324537494745955528833795878036861060988296672354841215
5096 5536.899525056139120403255552538734905224030648939368668739185857
5097 5537.790908369000483765338756718280331790904967513449270317158605
5098 5538.740727318240159040830329352271641687141809013731868535591387
5099 5539.814585079014230814095699516961696017075762779624056792157951
5100 5540.694583143287033613635044176709382367260072553364184890017309
5101 5541.576351543939162329653660784794691463018630507285919574521705
5102 5542.764646056709399124874505831398796997492533291163262790917719
5103 5543.113256672817102589146085874267478048144369410767735650447053
5104 5544.515208608563964565311401122637557849110016731044421987148398
5105 5545.192999163192276821481840802259849622947271472709037346110430
5106 5545.667895222008550121208044599162636538376006141234427421800063
5107 5546.535304578454343569060026177450739316000365964736040108008653
5108 5548.523919661123326398693620831002256433677382837203345988900888
5109 5549.358839814484364552583018530461639629853896850330214977996905
5110 5549.834823142450606360474011546902443878868095851372116220865367
5111 5550.807899778982554614576590595763257588733870272672413704235810
5112 5551.929911749658370976531429032575918017480547807196050519181676
5113 5552.207947116757286823839147220369220975724830369407518449214762
5114 5553.659789785949267580705346479049634942173248432593033180696799
5115 5554.238599943795348611453770379517003984617435743318335286303948
5116 5555.402430795447668282310976256814411550955403070247547731169934
5117 5556.199245743833326954564099766077126741780586259721997092315038
5118 5557.363922456235952347587780243165070442254211010545100231029410
5119 5558.202004496687585688906873621271069156020971641541976556283724
5120 5559.248178602726214133932889113482067367316628253706802472173663
5121 5560.367211776969279173536642981465588060627499195132312692925783
5122 5561.310135213797164418698956235060279263131989283051244836322556
5123 5561.791548798032326009058771740902347244995020159808641390736905
5124 5562.261884446336975349367326385725394804047073782304492586561556
5125 5563.637870900838938690779519343196453566988649676385057881548675
5126 5564.430162550764755876349227106784538776426305307703849612428709
5127 5565.566217326974068499982399096209354770866205651291055331575297
5128 5566.912177257101726559758980856764090180735434013408791120429943
5129 5567.644318652243764447227709394321481612485042929201923295218453
5130 5568.798580122037866842873619417748311016643203444565216961471028
5131 5568.912933770419058191510688825914199156461258948258256300633929
5132 5570.006356173319980960917645299933128208766885739038849855953702
5133 5571.437867776981014085125750914637717286664811572029480557643102
5134 5572.175581208444873872127723094937869882652691439143926403385739
5135 5572.586024225678170445179870399031393501070486983200995017204188
5136 5573.899529405042665529494043653765792447281815879108516752714141
5137 5574.441283883400029895675915955176289656023273312996099964620144
5138 5576.064762432888624291087071334018594825637836123996187012082195
5139 5577.183679281282722886191579040052400638162923728121773805151409
5140 5577.672276828444520869372166671270493421749084396244122922313932
5141 5578.644644373745654154278051537028808396276890462925257957844141
5142 5579.495916492832559297791356712290780056316629850181863480163693
5143 5580.333270376427692034487963048354996212367434006424849528313537
5144 5581.025573783574737992242956529288782574934913856453675531365584
5145 5581.822277193782992762807182251235614452627467753192471450294017
5146 5583.389191418452475045084582426732390970894781781873286977415573
5147 5584.323740890818679399603750087095989268718607235115714903904165
5148 5585.244570955993298591951109295599903792728480447525906583203374
5149 5585.708717008199229657891913010669237449395052790409056205390936
5150 5587.160081274639041719356729208007367746394837603553468626346950
5151 5587.886525281240674325868697950480195254489672257461825920484878
5152 5588.751061185498474269434772435398130298558448469224181128716351
5153 5589.691727171090692512139522936352253053285738532325714725520530
5154 5590.385173138886275215746321254244653589443969117752430329501231
5155 5591.400963623905634426358382720431033934932017364391166769276018
5156 5591.925240792589814647446442004995614046450306892572031022258115
5157 5593.555617029214751268754487503416858210406243224460055788391143
5158 5594.574594282586987408893619249663991690774079994132074942559134
5159 5595.711374711911892291798413846246728992975543280682360330028456
5160 5596.227736682097490442652870294783148324287858768145404358671375
5161 5596.856616829598348633577170624580485346888632981616426358843498
5162 5597.841768955218611280852450480457601655826718950356848807007871
5163 5598.606006812810798568626932223131404957666587171943167606140767
5164 5600.162150309786951017646549974657020205145460105692992072086831
5165 5600.549747047590455224715567569929093403075706697749877415423818
5166 5601.300750966579683034509213653460704921315209052285476041228498
5167 5603.081362651794675636511612272079904598359582085987122767251965
5168 5603.564840050677412380453805647368585950291342489436360719046250
5169 5604.347254349504406183905189402162554326120357008603380567058089
5170 5605.644654187447337852899048921242574528486374215721891585697240
5171 5606.542579545898783944712626841991401400001354353627938345133981
5172 5607.273178719413434051518358663214571939972356451793263068540410
5173 5608.005403503109645636694725962677336811750436354668848076960035
5174 5608.695582163807052646593418971328236259831557579962963959884170
5175 5609.563895924981947351752313337964418684141037836881100223405232
5176 5611.146743753712648256921257668532073157921581853343202987310001
5177 5612.157114643562103650552103388419689065843998127006086996008559
5178 5613.121400281543652931305614613960879684327405790293516200198016
5179 5613.727896996746259758118800859640252955622374160055762448651192
5180 5614.492287916933749963375521234206936023730588925997133962392890
5181 5615.741026437992921610596626932881914149668232764153671990780932
5182 5616.254524796164835547684000700884629521578150523627172820053762
5183 5617.320271437551893897452182421741627124945350714957283443704041
5184 5618.289089574102520421957879564962101088478323917945739948074118
5185 5619.268082017288301358316107192747744808905811620195528298550908
5186 5619.902394519334819884398559374124026617392697561956694908848619
5187 5621.023391660963442411651406700791092397792154736079388091936539
5188 5622.488604142267093025040314216849431616797866940729534681542391
5189 5623.413625843145743184607733802685324954215582097890018959023808
5190 5623.777120106693860786741457884407531605586159739226772138049871
5191 5624.755579135306360112507404843285496546053152771208477088953041
5192 5625.592184743385317971101036852835308536988923617564629180667184
5193 5626.502242711864952413836996622416260209484684808782812779361631
5194 5627.213187208193468521756647235446721329775056841116890519917231
5195 5628.348462444158723325625332229302439988115777501622898311996220
5196 5629.890648797948390792412617918535622217015427878390200773246774
5197 5630.380502229843031130062209892144334135408317578393862636644874
5198 5631.520288039644122252897373467386358896764789368360947048051263
5199 5632.197465155438906171047458511389465080348219007358528389399290
5200 5632.847100005567177781527709499138332844260416511244565122302461
